{
  "addon": "kemono0",
  "guiLayout": [
    ["fullbodycover", "fullheadcover"],
    ["headnose", "eyewear" ],
	["wings", "wings2"],
	["tailbonus"],
	["bodybase", "fullbodycover2"],
  ],
  "skinparts": [
    {
      "code": "bodybase",
      "renderOrder": 90,
      "type": "shape",
      "textureTarget": "main",
	  "texturePath": "kemono:textures/entity/kemono/",
      "textureTargetWidth": 128,
      "textureTargetHeight": 128,
      "useDropDown": true,
      "useColorSlider": false,
      "shapeTemplate": "kemono:entity/kemono/main/body-{code}",
      "variants": [
        { "code": "base" },
        { "code": "wolfkann" },
      ]
    },
    {
      "code": "tail",
      "variants": [
        { "code": "shark1" },
        { "code": "bug4" },
        { "code": "bug3" },
        { "code": "bug2" },
        { "code": "bug1" },
        { "code": "bug0" },
        { "code": "possum" },
        { "code": "generic4" },
        { "code": "curly" },
        { "code": "felid" },
        { "code": "gecks" },
        { "code": "kann" },
        { "code": "wolfkann" },
      ]
    },
    {
      "code": "leg",
      "variants": [
        { "code": "kemono3" },
        { "code": "pro-r" },
        { "code": "pro-l" },
        { "code": "pro-b" },
		{ "code": "wolfkann" },
      ]
    },
	{
		"code": "wings",
		"renderOrder": 600,
		"type": "shape",
		"textureTarget": "wings",
		"texture": "kemono:entity/kemono/wings/wings",
		"textureTargetWidth": 128,
		"textureTargetHeight": 128,
		"useDropDown": true,
		"useColorSlider": true,
		"shapeTemplate": "kemono:entity/kemono/skinparts/wings/wings-{code}",
		"variants": [
			{ "code": "none", "skip": true },
			{ "code": "spiderlegs" },
			{ "code": "dragon" },
			{ "code": "dragon1" },
			{ "code": "dragon1-skeleton" },
			{ "code": "insect" },
			{ "code": "insect2" },
			{ "code": "insect3" },
		]
	},
	{
	  "code": "wings2",
      "renderOrder": 700,
      "type": "texture",
      "textureTarget": "wings",
      "textureTargetWidth": 128,
      "textureTargetHeight": 128,
      "texture": "kemono:entity/kemono/wings/wings2",
      "useDropDown": false,
      "useColorSlider": true,
		"variants": [
			{ "code": "none", "texture": "kemono:entity/kemono/wings/wings2" },
		]
	},
    {
      "code": "head",
      "variants": [
        { "code": "wolf2" },
        { "code": "wolf1" },
        { "code": "fox1" },
        { "code": "duck1" },
        { "code": "duck0" },
        { "code": "dragon1" },
        { "code": "dragon2" },
		{ "code": "yoshi" },
        { "code": "cobra0" },
        { "code": "cobra1" },
        { "code": "bug0" },
        { "code": "bird1" },
        { "code": "bird0" },
		{ "code": "possum0" },
		{ "code": "deer" },
		{ "code": "feline1" },
		{ "code": "feline2" },
		{ "code": "feline3" },
		{ "code": "toaster" },
		{ "code": "tv" },
		{ "code": "baa" },
		{ "code": "bear0" },
		{ "code": "splitlip1" },
		{ "code": "splitlip" },
		{ "code": "splitlip2" },
		{ "code": "splitlip3" },
		{ "code": "splitlip4" },
		{ "code": "wolfkann" },
	  ]
	},
    {
      "code": "headtattoo",
      "variants": [
        { "code": "prototattoo" },
        { "code": "tv-tattoo" },
      ]
    },
    {
      "code": "eyewear",
      "renderOrder": 1300,
      "type": "shape",
      "textureTarget": "eyewear",
      "textureTargetWidth": 64,
      "textureTargetHeight": 64,
      "texture": "kemono:entity/kemono/eyewear/eyewear",
      "useDropDown": true,
      "useColorSlider": true,
      "shapeTemplate": "kemono:entity/kemono/skinparts/eyewear/eyewear-{code}",
      "variants": [
        { "code": "none", "skip": true },
        { "code": "glasses0" },
        { "code": "glasses1" },
        { "code": "glasses2" },
        { "code": "glasses2-dark" },
      ]
    },
    {
      "code": "headnose",
      "renderOrder": 2400,
      "type": "texture",
      "textureTarget": "head",
      "textureTargetWidth": 64,
      "textureTargetHeight": 64,
      "texture": "kemono:entity/kemono/head/possum_nose",
      "useDropDown": true,
      "useColorSlider": true,
      "variants": [
        { "code": "possum_nose", "texture": "kemono:entity/kemono/head/possum_nose" },
        { "code": "none", "texture": "kemono:entity/kemono/head/none" },
      ]
    },
    {
      "code": "tailbonus",
      "renderOrder": 1400,
      "type": "texture",
      "textureTarget": "tail",
      "textureTargetWidth": 64,
      "textureTargetHeight": 64,
      "texture": "kemono:entity/kemono/tail/tail_none",
      "useDropDown": true,
      "useColorSlider": true,
      "variants": [
        { "code": "none", "texture": "kemono:entity/kemono/tail/tail_none" },
        { "code": "twili", "texture": "kemono:entity/kemono/tail/tail_twili" },
        { "code": "twili2", "texture": "kemono:entity/kemono/tail/tail_twili2" },
		{ "code": "scaled", "texture": "kemono:entity/kemono/tail/scaled" },
		{ "code": "furred", "texture": "kemono:entity/kemono/tail/furred" },
		{ "code": "stripes", "texture": "kemono:entity/kemono/tail/stripes" },
		{ "code": "spotted", "texture": "kemono:entity/kemono/tail/calico" },
		{ "code": "spotted_full", "texture": "kemono:entity/kemono/tail/calico2" },
		{ "code": "calico", "texture": "kemono:entity/kemono/tail/calico1" },
		{ "code": "calico_full", "texture": "kemono:entity/kemono/tail/calico3" },
      ]
    },
    {
      "code": "hair",
      "variants": [
        { "code": "furslop6" },
        { "code": "sidecut" },
        { "code": "sidecut_flipped" },
        { "code": "fullcut" },
        { "code": "lionsmane" },
      ]
	},    
	{
      "code": "ear",
      "variants": [
        { "code": "bug0" },
        { "code": "bug1" },
        { "code": "bug2" },
        { "code": "bunny0" },
        { "code": "shark1" },
        { "code": "wolf1" },
        { "code": "possum" },
        { "code": "possum1" },
		{ "code": "cat1" },
		{ "code": "cat2" },
		{ "code": "baah" },
		{ "code": "baah1" },
		{ "code": "bear0" },
		{ "code": "toaster0" },
		{ "code": "tv0" },
		{ "code": "tv1" },
		{ "code": "tv2" },
		{ "code": "wolfkann" },
      ]
    },
	{
      "code": "horn",
      "variants": [
        { "code": "deer1" },
        { "code": "deer2" },
        { "code": "deer3" },
		{ "code": "baah" },
		{ "code": "dragon2" },
      ]
    },
    {
      "code": "eye",
      "variants": [
        { "code": "none", "skip": true },
        { "code": "animu0_raised" },
        { "code": "animu1_raised" },
        { "code": "animu2_raised" },
        { "code": "animu3_raised" },
        { "code": "animu4_raised" },
        { "code": "bug_raised" },
        { "code": "bug1_raised" },
        { "code": "spider0" },
        { "code": "spider1" },
		{ "code": "wolfkann" },
      ]
    },
    {
      "code": "chest",
      "variants": [
        { "code": "chest2", "texture": "kemono:entity/kemono/chest/chest2" },
        { "code": "twili_torso", "texture": "kemono:entity/kemono/chest/twili_torso" },
        { "code": "twili_torso2", "texture": "kemono:entity/kemono/chest/twili_torso2"},
        { "code": "twili_torso3", "texture": "kemono:entity/kemono/chest/twili_torso3" },
        { "code": "possum_body", "texture": "kemono:entity/kemono/chest/possum_body" },
        { "code": "possum_body2", "texture": "kemono:entity/kemono/chest/possum_body2" },
		{ "code": "deer", "texture": "kemono:entity/kemono/chest/deer" },
		{ "code": "spotted", "texture": "kemono:entity/kemono/chest/calico" },
		{ "code": "calico", "texture": "kemono:entity/kemono/chest/calico1" },
		{ "code": "stripes", "texture": "kemono:entity/kemono/chest/stripes" },
      ]
    },   
	{
      "code": "fullbodycover",
      "renderOrder": 100,
      "type": "texture",
      "textureTarget": "main",
      "textureTargetWidth": 128,
      "textureTargetHeight": 128,
      "texture": "kemono:entity/kemono/tail/tail_none",
      "useDropDown": true,
      "useColorSlider": true,
      "variants": [
        { "code": "none", "texture": "kemono:entity/kemono/tail/tail_none" },
		{ "code": "scaled", "texture": "kemono:entity/kemono/chest/scaled" },
		{ "code": "furred", "texture": "kemono:entity/kemono/chest/furred" },
		{ "code": "stripes", "texture": "kemono:entity/kemono/chest/stripes" },
		{ "code": "spotted", "texture": "kemono:entity/kemono/chest/calico" },
		{ "code": "calico", "texture": "kemono:entity/kemono/chest/calico1" },
      ]
    },
	{
      "code": "fullheadcover",
      "renderOrder": 3000,
      "type": "texture",
      "textureTarget": "head",
      "textureTargetWidth": 65,
      "textureTargetHeight": 65,
      "texture": "kemono:entity/kemono/head/head",
      "useDropDown": true,
      "useColorSlider": true,
      "variants": [
		{ "code": "none", "skip": true },
		{ "code": "scaled", "texture": "kemono:entity/kemono/head/scaled" },
		{ "code": "furred", "texture": "kemono:entity/kemono/head/furred" },
		{ "code": "stripes", "texture": "kemono:entity/kemono/head/stripes" },
		{ "code": "spotted", "texture": "kemono:entity/kemono/head/calico" },
		{ "code": "calico", "texture": "kemono:entity/kemono/head/calico1" },
      ]
    },
    {
      "code": "bodyextra",
      "variants": [
        { "code": "wolfkume", "texture": "kemono:entity/kemono/chest/wolfkume" },
        { "code": "kann", "texture": "kemono:entity/kemono/chest/kann" },
        { "code": "spots1", "texture": "kemono:entity/kemono/chest/spots1" },
        { "code": "spots2", "texture": "kemono:entity/kemono/chest/spots2" },
        { "code": "spots3", "texture": "kemono:entity/kemono/chest/spots3" },
        { "code": "spots4", "texture": "kemono:entity/kemono/chest/spots4" },
        { "code": "spots5", "texture": "kemono:entity/kemono/chest/spots5" },
        { "code": "spots6", "texture": "kemono:entity/kemono/chest/spots6" },
        { "code": "spots7", "texture": "kemono:entity/kemono/chest/spots7" },
        { "code": "twili", "texture": "kemono:entity/kemono/chest/twili" },
        { "code": "twili_alt", "texture": "kemono:entity/kemono/chest/twili_alt" },
        { "code": "twili_alt2", "texture": "kemono:entity/kemono/chest/twili_alt2" },
        { "code": "twili_alt3", "texture": "kemono:entity/kemono/chest/twili_alt3" },
        { "code": "twili_alt4", "texture": "kemono:entity/kemono/chest/twili_alt4" },
        { "code": "possum_hands", "texture": "kemono:entity/kemono/chest/possum_hands" },
      ]
    },
	{
      "code": "fullbodycover2",
      "renderOrder": 101,
      "type": "texture",
      "textureTarget": "main",
      "textureTargetWidth": 128,
      "textureTargetHeight": 128,
      "texture": "kemono:entity/kemono/tail/tail_none",
      "useDropDown": true,
      "useColorSlider": true,
      "variants": [
        { "code": "none", "texture": "kemono:entity/kemono/tail/tail_none" },
		{ "code": "scaled", "texture": "kemono:entity/kemono/chest/scaled" },
		{ "code": "furred", "texture": "kemono:entity/kemono/chest/furred" },
		{ "code": "stripes", "texture": "kemono:entity/kemono/chest/stripes" },
		{ "code": "spotted", "texture": "kemono:entity/kemono/chest/calico" },
		{ "code": "calico", "texture": "kemono:entity/kemono/chest/calico1" },
        { "code": "wolfkume", "texture": "kemono:entity/kemono/chest/wolfkume" },
        { "code": "kann", "texture": "kemono:entity/kemono/chest/kann" },
        { "code": "spots1", "texture": "kemono:entity/kemono/chest/spots1" },
        { "code": "spots2", "texture": "kemono:entity/kemono/chest/spots2" },
        { "code": "spots3", "texture": "kemono:entity/kemono/chest/spots3" },
        { "code": "spots4", "texture": "kemono:entity/kemono/chest/spots4" },
        { "code": "spots5", "texture": "kemono:entity/kemono/chest/spots5" },
        { "code": "spots6", "texture": "kemono:entity/kemono/chest/spots6" },
        { "code": "spots7", "texture": "kemono:entity/kemono/chest/spots7" },
        { "code": "twili", "texture": "kemono:entity/kemono/chest/twili" },
        { "code": "twili_alt", "texture": "kemono:entity/kemono/chest/twili_alt" },
        { "code": "twili_alt2", "texture": "kemono:entity/kemono/chest/twili_alt2" },
        { "code": "twili_alt3", "texture": "kemono:entity/kemono/chest/twili_alt3" },
        { "code": "twili_alt4", "texture": "kemono:entity/kemono/chest/twili_alt4" },
        { "code": "possum_hands", "texture": "kemono:entity/kemono/chest/possum_hands" },
        { "code": "chest2", "texture": "kemono:entity/kemono/chest/chest2" },
        { "code": "twili_torso", "texture": "kemono:entity/kemono/chest/twili_torso" },
        { "code": "twili_torso2", "texture": "kemono:entity/kemono/chest/twili_torso2"},
        { "code": "twili_torso3", "texture": "kemono:entity/kemono/chest/twili_torso3" },
        { "code": "possum_body", "texture": "kemono:entity/kemono/chest/possum_body" },
        { "code": "possum_body2", "texture": "kemono:entity/kemono/chest/possum_body2" },
		{ "code": "deer", "texture": "kemono:entity/kemono/chest/deer" },
      ]
    },
  ]
}