{"textureWidth":64,"textureHeight":64,"textures":{},"textureSizes":{"head":[64,64]},"elements":[{"name":"MeshTorsoUpper_glow","from":[-2.01469948,-0.53326821,-3.09999994],"to":[2.98530123,4.4667325,3.09999986],"rotationOrigin":[-0.01469924,0.16673183,-4e-08],"stepParentName":"b_TorsoUpper","rotationX":-2.96e-06,"rotationY":2.96e-06,"rotationZ":-76.02027867,"group":"body-wolfkann","faces":{"north":{"texture":"#main","uv":[82.0,10.0,92.0,20.0],"autoUv":false,"glow":128},"east":{"texture":"#main","uv":[114.0,10.0,126.0,20.0],"autoUv":false,"glow":128},"south":{"texture":"#main","uv":[104.0,10.0,114.0,20.0],"autoUv":false,"glow":128},"west":{"texture":"#main","uv":[92.0,10.0,104.0,20.0],"autoUv":false,"glow":128},"up":{"texture":"#main","uv":[92.0,0.0,104.0,10.0],"autoUv":false,"glow":128,"rotation":90},"down":{"texture":"#main","uv":[104.0,27.0,92.0,17.0],"autoUv":false,"glow":128,"rotation":90}},"children":[]},{"name":"MeshTorsoUpper","from":[-1.93969955,-0.45826817,-3.00700001],"to":[2.91030142,4.39173222,3.00699993],"rotationOrigin":[-0.01469924,0.16673183,-4e-08],"stepParentName":"b_TorsoUpper","rotationX":-2.96e-06,"rotationY":2.96e-06,"rotationZ":-76.02027867,"group":"body-wolfkann","faces":{"north":{"texture":"#main","uv":[82.0,10.0,92.0,20.0],"autoUv":false},"east":{"texture":"#main","uv":[114.0,10.0,126.0,20.0],"autoUv":false},"south":{"texture":"#main","uv":[104.0,10.0,114.0,20.0],"autoUv":false},"west":{"texture":"#main","uv":[92.0,10.0,104.0,20.0],"autoUv":false},"up":{"texture":"#main","uv":[92.0,0.0,104.0,10.0],"autoUv":false,"rotation":90},"down":{"texture":"#main","uv":[104.0,27.0,92.0,17.0],"autoUv":false,"rotation":90}},"children":[]},{"name":"MeshTorsoLower_glow","from":[-1.99555039,-8.782e-05,-3.0],"to":[3.00445032,4.99991171,3.0],"rotationOrigin":[0.00444984,-8.782e-05,0.0],"stepParentName":"b_TorsoLower","rotationX":-1.366e-05,"rotationY":-0.0,"rotationZ":-88.13036116,"group":"body-wolfkann","faces":{"north":{"texture":"#main","uv":[82.0,20.0,92.0,30.0],"autoUv":false,"glow":128},"east":{"texture":"#main","uv":[114.0,20.0,126.0,30.0],"autoUv":false,"glow":128},"south":{"texture":"#main","uv":[104.0,20.0,114.0,30.0],"autoUv":false,"glow":128},"west":{"texture":"#main","uv":[92.0,20.0,104.0,30.0],"autoUv":false,"glow":128},"up":{"texture":"#main","uv":[92.0,16.0,104.0,26.0],"autoUv":false,"glow":128,"rotation":90},"down":{"texture":"#main","uv":[80.0,30.0,68.0,20.0],"autoUv":false,"glow":128,"rotation":90}},"children":[]},{"name":"MeshTorsoLower","from":[-1.92055047,0.07491223,-2.91000009],"to":[2.92945051,4.92491142,2.91000009],"rotationOrigin":[0.00444984,-8.782e-05,0.0],"stepParentName":"b_TorsoLower","rotationX":-1.366e-05,"rotationY":-0.0,"rotationZ":-88.13036116,"group":"body-wolfkann","faces":{"north":{"texture":"#main","uv":[82.0,20.0,92.0,30.0],"autoUv":false},"east":{"texture":"#main","uv":[114.0,20.0,126.0,30.0],"autoUv":false},"south":{"texture":"#main","uv":[104.0,20.0,114.0,30.0],"autoUv":false},"west":{"texture":"#main","uv":[92.0,20.0,104.0,30.0],"autoUv":false},"up":{"texture":"#main","uv":[92.0,16.0,104.0,26.0],"autoUv":false,"rotation":90},"down":{"texture":"#main","uv":[80.0,30.0,68.0,20.0],"autoUv":false,"rotation":90}},"children":[]},{"name":"MeshArmUpperR_glow","from":[-1.86391723,-0.70345314,-1.8285818],"to":[1.13608348,6.29654801,0.17141801],"rotationOrigin":[-0.36391699,-0.7034539,0.17141677],"stepParentName":"b_ArmUpperR","rotationX":92.36661524,"rotationY":-2.34842629,"rotationZ":-90.83040324,"group":"body-wolfkann","faces":{"north":{"texture":"#main","uv":[66.0,83.0,72.0,97.0],"autoUv":false,"glow":128,"rotation":180},"east":{"texture":"#main","uv":[72.0,83.0,76.0,97.0],"autoUv":false,"glow":128,"rotation":180},"south":{"texture":"#main","uv":[76.0,83.0,82.0,97.0],"autoUv":false,"glow":128,"rotation":180},"west":{"texture":"#main","uv":[62.0,83.0,66.0,97.0],"autoUv":false,"glow":128,"rotation":180},"up":{"texture":"#main","uv":[72.0,97.0,76.0,103.0],"autoUv":false,"glow":128,"rotation":270},"down":{"texture":"#main","uv":[76.0,83.0,72.0,77.0],"autoUv":false,"glow":128,"rotation":270}},"children":[]},{"name":"MeshArmUpperR","from":[-1.81891727,-0.5984534,-1.79858182],"to":[1.09108353,6.19154847,0.14141811],"rotationOrigin":[-0.36391699,-0.7034539,0.17141677],"stepParentName":"b_ArmUpperR","rotationX":92.36661524,"rotationY":-2.34842629,"rotationZ":-90.83040324,"group":"body-wolfkann","faces":{"north":{"texture":"#main","uv":[66.0,83.0,72.0,97.0],"autoUv":false,"rotation":180},"east":{"texture":"#main","uv":[72.0,83.0,76.0,97.0],"autoUv":false,"rotation":180},"south":{"texture":"#main","uv":[76.0,83.0,82.0,97.0],"autoUv":false,"rotation":180},"west":{"texture":"#main","uv":[62.0,83.0,66.0,97.0],"autoUv":false,"rotation":180},"up":{"texture":"#main","uv":[72.0,97.0,76.0,103.0],"autoUv":false,"rotation":270},"down":{"texture":"#main","uv":[76.0,83.0,72.0,77.0],"autoUv":false,"rotation":270}},"children":[]},{"name":"MeshArmUpperL_glow","from":[-1.86391386,-6.30282128,0.19535941],"to":[1.13608685,0.69717939,2.19535922],"rotationOrigin":[-0.36391339,0.69718015,0.19536065],"stepParentName":"b_ArmUpperL","rotationX":89.5920558,"rotationY":2.34851444,"rotationZ":89.1695198,"group":"body-wolfkann","faces":{"north":{"texture":"#main","uv":[84.0,83.0,90.0,97.0],"autoUv":false,"glow":128},"east":{"texture":"#main","uv":[100.0,83.0,104.0,97.0],"autoUv":false,"glow":128},"south":{"texture":"#main","uv":[94.0,83.0,100.0,97.0],"autoUv":false,"glow":128},"west":{"texture":"#main","uv":[90.0,83.0,94.0,97.0],"autoUv":false,"glow":128},"up":{"texture":"#main","uv":[90.0,77.0,94.0,83.0],"autoUv":false,"glow":128,"rotation":90},"down":{"texture":"#main","uv":[94.0,103.0,90.0,97.0],"autoUv":false,"glow":128,"rotation":90}},"children":[]},{"name":"MeshArmUpperL","from":[-1.81891391,-6.19782126,0.22535937],"to":[1.09108689,0.59217966,2.16535924],"rotationOrigin":[-0.36391339,0.69718015,0.19536065],"stepParentName":"b_ArmUpperL","rotationX":89.5920558,"rotationY":2.34851444,"rotationZ":89.1695198,"group":"body-wolfkann","faces":{"north":{"texture":"#main","uv":[84.0,83.0,90.0,97.0],"autoUv":false},"east":{"texture":"#main","uv":[100.0,83.0,104.0,97.0],"autoUv":false},"south":{"texture":"#main","uv":[94.0,83.0,100.0,97.0],"autoUv":false},"west":{"texture":"#main","uv":[90.0,83.0,94.0,97.0],"autoUv":false},"up":{"texture":"#main","uv":[90.0,77.0,94.0,83.0],"autoUv":false,"rotation":90},"down":{"texture":"#main","uv":[94.0,103.0,90.0,97.0],"autoUv":false,"rotation":90}},"children":[]},{"name":"MeshArmLowerR_glow","from":[-1.28400024,0.01056667,-0.94647645],"to":[1.21600072,8.01056667,1.05352355],"rotationOrigin":[-0.03399988,0.01056477,0.05352355],"stepParentName":"b_ArmLowerR","rotationX":91.16627097,"rotationY":0.08964461,"rotationZ":-90.00212669,"group":"body-wolfkann","faces":{"north":{"texture":"#main","uv":[67.0,103.0,72.0,119.0],"autoUv":false,"glow":128,"rotation":180},"east":{"texture":"#main","uv":[72.0,103.0,76.0,119.0],"autoUv":false,"glow":128,"rotation":180},"south":{"texture":"#main","uv":[76.0,103.0,81.0,119.0],"autoUv":false,"glow":128,"rotation":180},"west":{"texture":"#main","uv":[63.0,103.0,67.0,119.0],"autoUv":false,"glow":128,"rotation":180},"up":{"texture":"#main","uv":[72.0,119.0,76.0,124.0],"autoUv":false,"glow":128,"rotation":270},"down":{"texture":"#main","uv":[76.0,103.0,72.0,98.0],"autoUv":false,"glow":128,"rotation":270}},"children":[]},{"name":"MeshArmLowerR","from":[-1.24650021,0.13056632,-0.9164766],"to":[1.17850069,7.89056679,1.0235237],"rotationOrigin":[-0.03399988,0.01056477,0.05352355],"stepParentName":"b_ArmLowerR","rotationX":91.16627097,"rotationY":0.08964461,"rotationZ":-90.00212669,"group":"body-wolfkann","faces":{"north":{"texture":"#main","uv":[67.0,103.0,72.0,119.0],"autoUv":false,"rotation":180},"east":{"texture":"#main","uv":[72.0,103.0,76.0,119.0],"autoUv":false,"rotation":180},"south":{"texture":"#main","uv":[76.0,103.0,81.0,119.0],"autoUv":false,"rotation":180},"west":{"texture":"#main","uv":[63.0,103.0,67.0,119.0],"autoUv":false,"rotation":180},"up":{"texture":"#main","uv":[72.0,119.0,76.0,124.0],"autoUv":false,"rotation":270},"down":{"texture":"#main","uv":[76.0,103.0,72.0,98.0],"autoUv":false,"rotation":270}},"children":[]},{"name":"MeshArmLowerL_glow","from":[-1.28400768,-8.01086669,-0.9465367],"to":[1.21599267,-0.01086764,1.0534633],"rotationOrigin":[-0.03400733,-0.01086573,0.0534633],"stepParentName":"b_ArmLowerL","rotationX":89.15568184,"rotationY":-0.08958085,"rotationZ":89.99867745,"group":"body-wolfkann","faces":{"north":{"texture":"#main","uv":[85.0,103.0,90.0,119.0],"autoUv":false,"glow":128},"east":{"texture":"#main","uv":[99.0,103.0,103.0,119.0],"autoUv":false,"glow":128},"south":{"texture":"#main","uv":[94.0,103.0,99.0,119.0],"autoUv":false,"glow":128},"west":{"texture":"#main","uv":[90.0,103.0,94.0,119.0],"autoUv":false,"glow":128},"up":{"texture":"#main","uv":[90.0,98.0,94.0,103.0],"autoUv":false,"glow":128,"rotation":90},"down":{"texture":"#main","uv":[94.0,124.0,90.0,119.0],"autoUv":false,"glow":128,"rotation":90}},"children":[]},{"name":"MeshArmLowerL","from":[-1.24650778,-7.89086776,-0.91653673],"to":[1.17849265,-0.13086681,1.02346332],"rotationOrigin":[-0.03400733,-0.01086573,0.0534633],"stepParentName":"b_ArmLowerL","rotationX":89.15568184,"rotationY":-0.08958085,"rotationZ":89.99867745,"group":"body-wolfkann","faces":{"north":{"texture":"#main","uv":[85.0,103.0,90.0,119.0],"autoUv":false},"east":{"texture":"#main","uv":[99.0,103.0,103.0,119.0],"autoUv":false},"south":{"texture":"#main","uv":[94.0,103.0,99.0,119.0],"autoUv":false},"west":{"texture":"#main","uv":[90.0,103.0,94.0,119.0],"autoUv":false},"up":{"texture":"#main","uv":[90.0,98.0,94.0,103.0],"autoUv":false,"rotation":90},"down":{"texture":"#main","uv":[94.0,124.0,90.0,119.0],"autoUv":false,"rotation":90}},"children":[]}],"groups":[]}