{"textureWidth": 16, "textureHeight": 16, "textures": {}, "textureSizes": {}, "elements": [{"name": "MeshFootUpperL.001", "from": [-3.36521983, -8.88137724, -1.15342394], "to": [0.93409514, -0.22460653, 1.9386656], "rotationOrigin": [-1.21556211, -0.07352926, 0.39262077], "stepParentName": "b_FootUpperL", "rotationX": 89.84793517, "rotationY": 0.08497834, "rotationZ": 86.97606602, "group": "leg-pro-b", "faces": {"north": {"texture": "#main", "uv": [32.0, 74.0, 40.0, 92.0], "autoUv": false}, "east": {"texture": "#main", "uv": [54.0, 74.0, 60.0, 92.0], "autoUv": false}, "south": {"texture": "#main", "uv": [46.0, 74.0, 54.0, 92.0], "autoUv": false}, "west": {"texture": "#main", "uv": [40.0, 74.0, 46.0, 92.0], "autoUv": false}, "up": {"texture": "#main", "uv": [40.0, 66.0, 46.0, 74.0], "autoUv": false, "rotation": 90}, "down": {"texture": "#main", "uv": [46.0, 100.0, 40.0, 92.0], "autoUv": false, "rotation": 90}}, "children": []}, {"name": "MeshFootUpperR.001", "from": [-3.40283203, 0.15064242, -1.18072632], "to": [0.97170806, 8.99922183, 1.96543631], "rotationOrigin": [-1.21556234, 0.07493308, 0.39235505], "stepParentName": "b_FootUpperR", "rotationX": 89.64087799, "rotationY": -0.10335404, "rotationZ": -93.04276299, "group": "leg-pro-b", "faces": {"north": {"texture": "#main", "uv": [8.0, 74.0, 16.0, 92.0], "autoUv": false, "rotation": 180}, "east": {"texture": "#main", "uv": [16.0, 74.0, 22.0, 92.0], "autoUv": false, "rotation": 180}, "south": {"texture": "#main", "uv": [22.0, 74.0, 30.0, 92.0], "autoUv": false, "rotation": 180}, "west": {"texture": "#main", "uv": [2.0, 74.0, 8.0, 92.0], "autoUv": false, "rotation": 180}, "up": {"texture": "#main", "uv": [16.0, 92.0, 22.0, 100.0], "autoUv": false, "rotation": 270}, "down": {"texture": "#main", "uv": [22.0, 74.0, 16.0, 66.0], "autoUv": false, "rotation": 270}}, "children": []}, {"name": "UpperFootL", "from": [7.61107302, 1.53245008, -2.30607367], "to": [7.61107302, 1.53245008, -2.30607367], "rotationOrigin": [7.61107302, 1.53245008, -2.30607367], "rotationX": 89.84793517, "rotationY": 0.08497834, "rotationZ": 86.97606602, "faces": {"north": {"texture": "#null", "uv": [0.0, 0.0, 0.0, 0.0], "enabled": false}, "east": {"texture": "#null", "uv": [0.0, 0.0, 0.0, 0.0], "enabled": false}, "south": {"texture": "#null", "uv": [0.0, 0.0, 0.0, 0.0], "enabled": false}, "west": {"texture": "#null", "uv": [0.0, 0.0, 0.0, 0.0], "enabled": false}, "up": {"texture": "#null", "uv": [0.0, 0.0, 0.0, 0.0], "enabled": false}, "down": {"texture": "#null", "uv": [0.0, 0.0, 0.0, 0.0], "enabled": false}}, "children": [], "scaleX": 1.100000023841858, "stepParentName": "b_FootUpperL"}, {"name": "UpperFootR", "from": [7.65657902, 1.64193213, -2.31667256], "to": [7.65657902, 1.64193213, -2.31667256], "rotationOrigin": [7.65657902, 1.64193213, -2.31667256], "rotationX": 89.64087799, "rotationY": -0.10335534, "rotationZ": 86.95933206, "faces": {"north": {"texture": "#null", "uv": [0.0, 0.0, 0.0, 0.0], "enabled": false}, "east": {"texture": "#null", "uv": [0.0, 0.0, 0.0, 0.0], "enabled": false}, "south": {"texture": "#null", "uv": [0.0, 0.0, 0.0, 0.0], "enabled": false}, "west": {"texture": "#null", "uv": [0.0, 0.0, 0.0, 0.0], "enabled": false}, "up": {"texture": "#null", "uv": [0.0, 0.0, 0.0, 0.0], "enabled": false}, "down": {"texture": "#null", "uv": [0.0, 0.0, 0.0, 0.0], "enabled": false}}, "children": [], "scaleX": 1.100000023841858, "stepParentName": "b_FootUpperR"}, {"name": "Leg.005", "from": [2.31189961, -1.08593584, 0.84483231], "to": [2.98840144, 1.63034565, 2.18209707], "rotationOrigin": [2.65015054, -0.12246716, 1.51346469], "stepParentName": "b_FootLowerL", "rotationX": 89.89662076, "rotationY": 0.33500835, "rotationZ": -69.62891549, "group": "leg-pro-b", "faces": {"north": {"texture": "#main", "uv": [17.0, 123.0, 21.0, 127.0], "autoUv": false, "rotation": 180}, "east": {"texture": "#main", "uv": [17.0, 123.0, 21.0, 127.0], "autoUv": false, "rotation": 180}, "south": {"texture": "#main", "uv": [17.0, 123.0, 21.0, 127.0], "autoUv": false, "rotation": 180}, "west": {"texture": "#main", "uv": [17.0, 123.0, 21.0, 127.0], "autoUv": false, "rotation": 180}, "up": {"texture": "#main", "uv": [17.0, 123.0, 21.0, 127.0], "autoUv": false}, "down": {"texture": "#main", "uv": [21.0, 127.0, 17.0, 123.0], "autoUv": false}}, "children": []}, {"name": "Leg.004", "from": [4.24167895, -0.56528705, 1.40560168], "to": [4.92840123, 1.63172764, 2.76306945], "rotationOrigin": [4.58504009, -0.1131435, 2.08433557], "stepParentName": "b_FootLowerL", "rotationX": 89.89670955, "rotationY": 0.33459445, "rotationZ": -91.68738708, "group": "leg-pro-b", "faces": {"north": {"texture": "#main", "uv": [17.0, 123.0, 21.0, 127.0], "autoUv": false, "rotation": 180}, "east": {"texture": "#main", "uv": [17.0, 123.0, 21.0, 127.0], "autoUv": false, "rotation": 180}, "south": {"texture": "#main", "uv": [17.0, 123.0, 21.0, 127.0], "autoUv": false, "rotation": 180}, "west": {"texture": "#main", "uv": [17.0, 123.0, 21.0, 127.0], "autoUv": false, "rotation": 180}, "up": {"texture": "#main", "uv": [17.0, 123.0, 21.0, 127.0], "autoUv": false}, "down": {"texture": "#main", "uv": [21.0, 127.0, 17.0, 123.0], "autoUv": false}}, "children": []}, {"name": "Leg.003", "from": [7.54978924, -1.82998928, 0.92621159], "to": [8.23274345, 1.64060517, 2.27623106], "rotationOrigin": [7.89126635, -0.09469182, 1.60122132], "stepParentName": "b_FootLowerL", "rotationX": 89.89677103, "rotationY": 0.33466958, "rotationZ": -105.12206865, "group": "leg-pro-b", "faces": {"north": {"texture": "#main", "uv": [17.0, 123.0, 21.0, 127.0], "autoUv": false, "rotation": 180}, "east": {"texture": "#main", "uv": [17.0, 123.0, 21.0, 127.0], "autoUv": false, "rotation": 180}, "south": {"texture": "#main", "uv": [17.0, 123.0, 21.0, 127.0], "autoUv": false, "rotation": 180}, "west": {"texture": "#main", "uv": [17.0, 123.0, 21.0, 127.0], "autoUv": false, "rotation": 180}, "up": {"texture": "#main", "uv": [17.0, 123.0, 21.0, 127.0], "autoUv": false}, "down": {"texture": "#main", "uv": [21.0, 127.0, 17.0, 123.0], "autoUv": false}}, "children": []}, {"name": "Leg.002", "from": [7.61912131, 0.09660783, -0.68509199], "to": [10.7184391, 0.59579578, 0.54298006], "rotationOrigin": [9.26357365, 0.34620181, -0.07105596], "stepParentName": "b_FootLowerL", "rotationX": 97.60813656, "rotationY": 0.14228102, "rotationZ": -93.46653524, "group": "leg-pro-b", "faces": {"north": {"texture": "#main", "uv": [17.0, 123.0, 21.0, 127.0], "autoUv": false, "rotation": 180}, "east": {"texture": "#main", "uv": [17.0, 123.0, 21.0, 127.0], "autoUv": false, "rotation": 180}, "south": {"texture": "#main", "uv": [17.0, 123.0, 21.0, 127.0], "autoUv": false, "rotation": 180}, "west": {"texture": "#main", "uv": [17.0, 123.0, 21.0, 127.0], "autoUv": false, "rotation": 180}, "up": {"texture": "#main", "uv": [17.0, 123.0, 21.0, 127.0], "autoUv": false}, "down": {"texture": "#main", "uv": [21.0, 127.0, 17.0, 123.0], "autoUv": false}}, "children": []}, {"name": "Leg.001", "from": [7.63875055, -0.84329051, -0.64420608], "to": [10.72727251, -0.34410256, 0.58386597], "rotationOrigin": [9.27270603, -0.59369653, -0.03017006], "stepParentName": "b_FootLowerL", "rotationX": 82.85609592, "rotationY": 1.02172416, "rotationZ": -93.31586127, "group": "leg-pro-b", "faces": {"north": {"texture": "#main", "uv": [17.0, 123.0, 21.0, 127.0], "autoUv": false, "rotation": 180}, "east": {"texture": "#main", "uv": [17.0, 123.0, 21.0, 127.0], "autoUv": false, "rotation": 180}, "south": {"texture": "#main", "uv": [17.0, 123.0, 21.0, 127.0], "autoUv": false, "rotation": 180}, "west": {"texture": "#main", "uv": [17.0, 123.0, 21.0, 127.0], "autoUv": false, "rotation": 180}, "up": {"texture": "#main", "uv": [17.0, 123.0, 21.0, 127.0], "autoUv": false}, "down": {"texture": "#main", "uv": [21.0, 127.0, 17.0, 123.0], "autoUv": false}}, "children": []}, {"name": "Leg", "from": [-0.51093404, 0.03303269, -0.97308449], "to": [2.83110778, 1.2494966, 1.53344617], "rotationOrigin": [1.16008687, -0.06477045, 0.2801812], "stepParentName": "b_FootLowerL", "rotationX": 89.89671638, "rotationY": 0.33460344, "rotationZ": -93.5080423, "group": "leg-pro-b", "faces": {"north": {"texture": "#main", "uv": [17.0, 123.0, 21.0, 127.0], "autoUv": false, "rotation": 180}, "east": {"texture": "#main", "uv": [17.0, 123.0, 21.0, 127.0], "autoUv": false, "rotation": 180}, "south": {"texture": "#main", "uv": [17.0, 123.0, 21.0, 127.0], "autoUv": false, "rotation": 180}, "west": {"texture": "#main", "uv": [17.0, 123.0, 21.0, 127.0], "autoUv": false, "rotation": 180}, "up": {"texture": "#main", "uv": [17.0, 123.0, 21.0, 127.0], "autoUv": false}, "down": {"texture": "#main", "uv": [21.0, 127.0, 17.0, 123.0], "autoUv": false}}, "children": []}, {"name": "Leg.006", "from": [2.30817599, -0.98595144, 0.84483314], "to": [2.98467782, 1.73033005, 2.18209791], "rotationOrigin": [2.64642692, -0.02248276, 1.51346552], "stepParentName": "b_FootLowerR", "rotationX": 89.89589676, "rotationY": -0.3863087, "rotationZ": -69.62914772, "group": "leg-pro-b", "faces": {"north": {"texture": "#main", "uv": [17.0, 123.0, 21.0, 127.0], "autoUv": false, "rotation": 180}, "east": {"texture": "#main", "uv": [17.0, 123.0, 21.0, 127.0], "autoUv": false, "rotation": 180}, "south": {"texture": "#main", "uv": [17.0, 123.0, 21.0, 127.0], "autoUv": false, "rotation": 180}, "west": {"texture": "#main", "uv": [17.0, 123.0, 21.0, 127.0], "autoUv": false, "rotation": 180}, "up": {"texture": "#main", "uv": [17.0, 123.0, 21.0, 127.0], "autoUv": false}, "down": {"texture": "#main", "uv": [21.0, 127.0, 17.0, 123.0], "autoUv": false}}, "children": []}, {"name": "Leg.007", "from": [4.23791862, -0.48963422, 1.4056024], "to": [4.92464089, 1.70738047, 2.76307017], "rotationOrigin": [4.58127975, -0.03749067, 2.08433628], "stepParentName": "b_FootLowerR", "rotationX": 89.89585578, "rotationY": -0.38587634, "rotationZ": -91.68563172, "group": "leg-pro-b", "faces": {"north": {"texture": "#main", "uv": [17.0, 123.0, 21.0, 127.0], "autoUv": false, "rotation": 180}, "east": {"texture": "#main", "uv": [17.0, 123.0, 21.0, 127.0], "autoUv": false, "rotation": 180}, "south": {"texture": "#main", "uv": [17.0, 123.0, 21.0, 127.0], "autoUv": false, "rotation": 180}, "west": {"texture": "#main", "uv": [17.0, 123.0, 21.0, 127.0], "autoUv": false, "rotation": 180}, "up": {"texture": "#main", "uv": [17.0, 123.0, 21.0, 127.0], "autoUv": false}, "down": {"texture": "#main", "uv": [21.0, 127.0, 17.0, 123.0], "autoUv": false}}, "children": []}, {"name": "Leg.008", "from": [7.54600029, -1.79594823, 0.92621242], "to": [8.22895451, 1.67464622, 2.27623189], "rotationOrigin": [7.8874774, -0.06065077, 1.60122216], "stepParentName": "b_FootLowerR", "rotationX": 89.89577382, "rotationY": -0.38596615, "rotationZ": -105.12249895, "group": "leg-pro-b", "faces": {"north": {"texture": "#main", "uv": [17.0, 123.0, 21.0, 127.0], "autoUv": false, "rotation": 180}, "east": {"texture": "#main", "uv": [17.0, 123.0, 21.0, 127.0], "autoUv": false, "rotation": 180}, "south": {"texture": "#main", "uv": [17.0, 123.0, 21.0, 127.0], "autoUv": false, "rotation": 180}, "west": {"texture": "#main", "uv": [17.0, 123.0, 21.0, 127.0], "autoUv": false, "rotation": 180}, "up": {"texture": "#main", "uv": [17.0, 123.0, 21.0, 127.0], "autoUv": false}, "down": {"texture": "#main", "uv": [21.0, 127.0, 17.0, 123.0], "autoUv": false}}, "children": []}, {"name": "Leg.009", "from": [7.62077403, 0.11330712, -0.68509486], "to": [10.72009182, 0.61249506, 0.54297719], "rotationOrigin": [9.26522636, 0.36290109, -0.07105883], "stepParentName": "b_FootLowerR", "rotationX": 97.60754916, "rotationY": -0.57235502, "rotationZ": -93.37095358, "group": "leg-pro-b", "faces": {"north": {"texture": "#main", "uv": [17.0, 123.0, 21.0, 127.0], "autoUv": false, "rotation": 180}, "east": {"texture": "#main", "uv": [17.0, 123.0, 21.0, 127.0], "autoUv": false, "rotation": 180}, "south": {"texture": "#main", "uv": [17.0, 123.0, 21.0, 127.0], "autoUv": false, "rotation": 180}, "west": {"texture": "#main", "uv": [17.0, 123.0, 21.0, 127.0], "autoUv": false, "rotation": 180}, "up": {"texture": "#main", "uv": [17.0, 123.0, 21.0, 127.0], "autoUv": false}, "down": {"texture": "#main", "uv": [21.0, 127.0, 17.0, 123.0], "autoUv": false}}, "children": []}, {"name": "Leg.010", "from": [7.62857485, -0.82663041, -0.64420146], "to": [10.71709681, -0.32744247, 0.58387059], "rotationOrigin": [9.26253033, -0.57703644, -0.03016543], "stepParentName": "b_FootLowerR", "rotationX": 82.85621886, "rotationY": 0.30636632, "rotationZ": -93.40548018, "group": "leg-pro-b", "faces": {"north": {"texture": "#main", "uv": [17.0, 123.0, 21.0, 127.0], "autoUv": false, "rotation": 180}, "east": {"texture": "#main", "uv": [17.0, 123.0, 21.0, 127.0], "autoUv": false, "rotation": 180}, "south": {"texture": "#main", "uv": [17.0, 123.0, 21.0, 127.0], "autoUv": false, "rotation": 180}, "west": {"texture": "#main", "uv": [17.0, 123.0, 21.0, 127.0], "autoUv": false, "rotation": 180}, "up": {"texture": "#main", "uv": [17.0, 123.0, 21.0, 127.0], "autoUv": false}, "down": {"texture": "#main", "uv": [21.0, 127.0, 17.0, 123.0], "autoUv": false}}, "children": []}, {"name": "Leg.011", "from": [-0.5138127, 0.15173069, -0.97308449], "to": [2.82822911, 1.3681946, 1.53344617], "rotationOrigin": [1.1572082, 0.05392755, 0.2801812], "stepParentName": "b_FootLowerR", "rotationX": 89.89584212, "rotationY": -0.38589003, "rotationZ": -93.50707242, "group": "leg-pro-b", "faces": {"north": {"texture": "#main", "uv": [17.0, 123.0, 21.0, 127.0], "autoUv": false, "rotation": 180}, "east": {"texture": "#main", "uv": [17.0, 123.0, 21.0, 127.0], "autoUv": false, "rotation": 180}, "south": {"texture": "#main", "uv": [17.0, 123.0, 21.0, 127.0], "autoUv": false, "rotation": 180}, "west": {"texture": "#main", "uv": [17.0, 123.0, 21.0, 127.0], "autoUv": false, "rotation": 180}, "up": {"texture": "#main", "uv": [17.0, 123.0, 21.0, 127.0], "autoUv": false}, "down": {"texture": "#main", "uv": [21.0, 127.0, 17.0, 123.0], "autoUv": false}}, "children": []}], "groups": []}