{"textureWidth":64,"textureHeight":64,"textures":{},"textureSizes":{"head":[64,64]},"elements":[{"name":"EyelidL.020","from":[-3.24036192894,2.890628576279,-1.400169968605],"to":[-3.126358829439,3.208896934986,-0.554414153099],"rotationOrigin":[-3.24036192894,2.890628576279,-0.554414153099],"stepParentName":"b_Head","rotationX":22.193960339979,"rotationY":1e-12,"rotationZ":-0.0,"group":"eye-animu3_raised","faces":{"north":{"texture":"#head","uv":[8.0,59.0,9.0,60.0],"autoUv":false},"east":{"texture":"#head","uv":[13.0,59.0,16.0,60.0],"autoUv":false},"south":{"texture":"#head","uv":[12.0,59.0,13.0,60.0],"autoUv":false},"west":{"texture":"#head","uv":[9.0,59.0,12.0,60.0],"autoUv":false},"up":{"texture":"#head","uv":[9.0,58.0,12.0,59.0],"autoUv":false,"rotation":90},"down":{"texture":"#head","uv":[12.0,61.0,9.0,60.0],"autoUv":false,"rotation":90}},"children":[]},{"name":"L eye2.006","from":[-3.171414755285,2.191371738911,0.896821051836],"to":[-3.061878304929,3.198542296886,1.692631453276],"rotationOrigin":[-3.116646528244,2.739053964615,1.294726252556],"stepParentName":"b_Head","rotationX":-1.3660375e-05,"rotationY":1e-12,"rotationZ":0.0,"group":"eye-animu3_raised","faces":{"north":{"texture":"#head","uv":[26.0,57.0,27.0,62.0],"autoUv":false},"east":{"texture":"#head","uv":[27.0,57.0,31.0,62.0],"autoUv":false},"south":{"texture":"#head","uv":[31.0,57.0,32.0,62.0],"autoUv":false},"west":{"texture":"#head","uv":[27.0,56.0,31.0,61.0],"autoUv":false},"up":{"texture":"#head","uv":[31.0,57.0,27.0,58.0],"autoUv":false,"rotation":270},"down":{"texture":"#head","uv":[31.0,63.0,27.0,62.0],"autoUv":false,"rotation":90}},"children":[]},{"name":"L eyebrow 1.007","from":[-3.237868785858,3.786148309708,0.638203322887],"to":[-3.133092410862,3.912613511086,1.477186977863],"rotationOrigin":[-3.237868785858,3.786148309708,0.638203322887],"stepParentName":"b_Head","rotationX":-2.000013644886,"rotationY":1e-12,"rotationZ":0.0,"group":"eye-animu3_raised","faces":{"north":{"texture":"#head","uv":[8.0,60.0,9.0,61.0],"autoUv":false},"east":{"texture":"#head","uv":[13.0,60.0,16.0,61.0],"autoUv":false},"south":{"texture":"#head","uv":[12.0,60.0,13.0,61.0],"autoUv":false},"west":{"texture":"#head","uv":[9.0,60.0,12.0,61.0],"autoUv":false},"up":{"texture":"#head","uv":[9.0,59.0,12.0,60.0],"autoUv":false,"rotation":90},"down":{"texture":"#head","uv":[12.0,62.0,9.0,61.0],"autoUv":false,"rotation":90}},"children":[]},{"name":"L eyebrow 2.007","from":[-3.237868785858,3.815403223038,1.38092148304],"to":[-3.13308198005,3.95691806078,2.142270743847],"rotationOrigin":[-3.237868785858,3.815403223038,1.38092148304],"stepParentName":"b_Head","rotationX":6.999985538345,"rotationY":4.4783e-08,"rotationZ":-0.99999849815,"group":"eye-animu3_raised","faces":{"north":{"texture":"#head","uv":[8.0,60.0,9.0,61.0],"autoUv":false},"east":{"texture":"#head","uv":[13.0,60.0,16.0,61.0],"autoUv":false},"south":{"texture":"#head","uv":[12.0,60.0,13.0,61.0],"autoUv":false},"west":{"texture":"#head","uv":[9.0,60.0,12.0,61.0],"autoUv":false},"up":{"texture":"#head","uv":[9.0,59.0,12.0,60.0],"autoUv":false,"rotation":90},"down":{"texture":"#head","uv":[12.0,62.0,9.0,61.0],"autoUv":false,"rotation":90}},"children":[]},{"name":"L pupil.007","from":[-3.188664421439,2.380864232779,1.02120411396],"to":[-3.058227553964,3.026523023844,1.512789368629],"rotationOrigin":[-3.123445987701,2.703693628311,1.266996741295],"stepParentName":"b_Head","rotationX":-1.3660375e-05,"rotationY":1e-12,"rotationZ":0.0,"group":"eye-animu3_raised","faces":{"north":{"texture":"#head","uv":[28.0,56.0,29.0,59.0],"autoUv":false},"east":{"texture":"#head","uv":[29.0,56.0,32.0,59.0],"autoUv":false},"south":{"texture":"#head","uv":[28.0,56.0,29.0,59.0],"autoUv":false},"west":{"texture":"#head","uv":[24.0,56.0,27.0,59.0],"autoUv":false},"up":{"texture":"#head","uv":[29.0,56.0,32.0,57.0],"autoUv":false,"rotation":90},"down":{"texture":"#head","uv":[32.0,59.0,29.0,58.0],"autoUv":false,"rotation":90}},"children":[]},{"name":"L whites.008","from":[-3.16201505065,2.190007209778,0.658562362194],"to":[-2.64293089509,3.174991160631,1.910596191883],"rotationOrigin":[-2.90247297287,2.682499170303,1.284579277039],"stepParentName":"b_Head","rotationX":-1.3660375e-05,"rotationY":1e-12,"rotationZ":0.0,"group":"eye-animu3_raised","faces":{"north":{"texture":"#head","uv":[0.0,58.0,2.0,60.0],"autoUv":false},"east":{"texture":"#head","uv":[6.0,58.0,8.0,60.0],"autoUv":false},"south":{"texture":"#head","uv":[4.0,58.0,6.0,60.0],"autoUv":false},"west":{"texture":"#head","uv":[2.0,58.0,4.0,60.0],"autoUv":false},"up":{"texture":"#head","uv":[2.0,56.0,4.0,58.0],"autoUv":false,"rotation":90},"down":{"texture":"#head","uv":[4.0,62.0,2.0,60.0],"autoUv":false,"rotation":90}},"children":[]},{"name":"R eye.006","from":[-3.170558355749,2.191371262074,-1.681882411242],"to":[-3.061021905392,3.198541820049,-0.854326933622],"rotationOrigin":[-3.115790128708,2.739053487778,-1.268104672432],"stepParentName":"b_Head","rotationX":-1.3660375e-05,"rotationY":1e-12,"rotationZ":0.0,"group":"eye-animu3_raised","faces":{"north":{"texture":"#head","uv":[18.0,57.0,19.0,62.0],"autoUv":false},"east":{"texture":"#head","uv":[19.0,57.0,23.0,62.0],"autoUv":false},"south":{"texture":"#head","uv":[23.0,57.0,24.0,62.0],"autoUv":false},"west":{"texture":"#head","uv":[19.0,56.0,23.0,61.0],"autoUv":false},"up":{"texture":"#head","uv":[23.0,57.0,19.0,58.0],"autoUv":false,"rotation":270},"down":{"texture":"#head","uv":[23.0,63.0,19.0,62.0],"autoUv":false,"rotation":90}},"children":[]},{"name":"R eyebrow 1.007","from":[-3.237868785858,3.78614783287,-1.407903492451],"to":[-3.133092410862,3.912613034248,-0.568919837475],"rotationOrigin":[-3.237868785858,3.78614783287,-0.568919837475],"stepParentName":"b_Head","rotationX":1.999986324129,"rotationY":1e-12,"rotationZ":-0.0,"group":"eye-animu3_raised","faces":{"north":{"texture":"#head","uv":[8.0,58.0,9.0,59.0],"autoUv":false},"east":{"texture":"#head","uv":[13.0,58.0,16.0,59.0],"autoUv":false},"south":{"texture":"#head","uv":[12.0,58.0,13.0,59.0],"autoUv":false},"west":{"texture":"#head","uv":[9.0,58.0,12.0,59.0],"autoUv":false},"up":{"texture":"#head","uv":[9.0,57.0,12.0,58.0],"autoUv":false,"rotation":90},"down":{"texture":"#head","uv":[12.0,60.0,9.0,59.0],"autoUv":false,"rotation":90}},"children":[]},{"name":"R eyebrow 2.007","from":[-3.237868785858,3.815402746201,-2.087386190891],"to":[-3.13308198005,3.956917583942,-1.326036930084],"rotationOrigin":[-3.237868785858,3.815402746201,-1.326036930084],"stepParentName":"b_Head","rotationX":-7.000012005328,"rotationY":-4.6559e-08,"rotationZ":-0.99999849815,"group":"eye-animu3_raised","faces":{"north":{"texture":"#head","uv":[8.0,58.0,9.0,59.0],"autoUv":false},"east":{"texture":"#head","uv":[13.0,58.0,16.0,59.0],"autoUv":false},"south":{"texture":"#head","uv":[12.0,58.0,13.0,59.0],"autoUv":false},"west":{"texture":"#head","uv":[9.0,58.0,12.0,59.0],"autoUv":false},"up":{"texture":"#head","uv":[9.0,57.0,12.0,58.0],"autoUv":false,"rotation":90},"down":{"texture":"#head","uv":[12.0,60.0,9.0,59.0],"autoUv":false,"rotation":90}},"children":[]},{"name":"R pupil.007","from":[-3.18333793804,2.39851090312,-1.493624120951],"to":[-3.10853837803,3.033545047045,-0.993274539709],"rotationOrigin":[-3.145938158035,2.716027975082,-1.24344933033],"stepParentName":"b_Head","rotationX":-1.3660375e-05,"rotationY":1e-12,"rotationZ":0.0,"group":"eye-animu3_raised","faces":{"north":{"texture":"#head","uv":[20.0,56.0,21.0,59.0],"autoUv":false},"east":{"texture":"#head","uv":[21.0,56.0,24.0,59.0],"autoUv":false},"south":{"texture":"#head","uv":[20.0,56.0,21.0,59.0],"autoUv":false},"west":{"texture":"#head","uv":[16.0,56.0,19.0,59.0],"autoUv":false},"up":{"texture":"#head","uv":[21.0,56.0,24.0,57.0],"autoUv":false,"rotation":90},"down":{"texture":"#head","uv":[24.0,59.0,21.0,58.0],"autoUv":false,"rotation":90}},"children":[]},{"name":"R whites.008","from":[-3.16201505065,2.190006732941,-1.905543029308],"to":[-2.64293089509,3.174990683794,-0.653509199619],"rotationOrigin":[-2.90247297287,2.682498693466,-1.279526114464],"stepParentName":"b_Head","rotationX":-1.3660375e-05,"rotationY":1e-12,"rotationZ":0.0,"group":"eye-animu3_raised","faces":{"north":{"texture":"#head","uv":[0.0,58.0,2.0,60.0],"autoUv":false},"east":{"texture":"#head","uv":[6.0,58.0,8.0,60.0],"autoUv":false},"south":{"texture":"#head","uv":[4.0,58.0,6.0,60.0],"autoUv":false},"west":{"texture":"#head","uv":[2.0,58.0,4.0,60.0],"autoUv":false},"up":{"texture":"#head","uv":[2.0,56.0,4.0,58.0],"autoUv":false,"rotation":90},"down":{"texture":"#head","uv":[4.0,62.0,2.0,60.0],"autoUv":false,"rotation":90}},"children":[]},{"name":"shine small 1.004","from":[-3.216900274158,2.690772473812,-1.079796567559],"to":[-3.059314720333,2.848358038813,-0.873287305236],"rotationOrigin":[-3.153866052628,2.801082372665,-0.976541936398],"stepParentName":"b_Head","rotationX":-1.3660375e-05,"rotationY":1e-12,"rotationZ":0.0,"group":"eye-animu3_raised","faces":{"north":{"texture":"#head","uv":[2.0,60.0,3.0,61.0],"autoUv":false},"east":{"texture":"#head","uv":[6.0,60.0,7.0,61.0],"autoUv":false},"south":{"texture":"#head","uv":[5.0,60.0,6.0,61.0],"autoUv":false},"west":{"texture":"#head","uv":[3.0,60.0,5.0,61.0],"autoUv":false},"up":{"texture":"#head","uv":[3.0,59.0,5.0,60.0],"autoUv":false,"rotation":90},"down":{"texture":"#head","uv":[5.0,62.0,3.0,61.0],"autoUv":false,"rotation":90}},"children":[]},{"name":"shine small 2.004","from":[-3.210272520781,2.726049825549,1.442464388907],"to":[-3.042074248195,2.894248105586,1.631601534784],"rotationOrigin":[-3.142993211746,2.84378862381,1.537032961845],"stepParentName":"b_Head","rotationX":-1.3660375e-05,"rotationY":1e-12,"rotationZ":0.0,"group":"eye-animu3_raised","faces":{"north":{"texture":"#head","uv":[0.0,60.0,1.0,61.0],"autoUv":false},"east":{"texture":"#head","uv":[3.0,60.0,4.0,61.0],"autoUv":false},"south":{"texture":"#head","uv":[2.0,60.0,3.0,61.0],"autoUv":false},"west":{"texture":"#head","uv":[1.0,60.0,2.0,61.0],"autoUv":false},"up":{"texture":"#head","uv":[1.0,59.0,2.0,60.0],"autoUv":false,"rotation":90},"down":{"texture":"#head","uv":[2.0,62.0,1.0,61.0],"autoUv":false,"rotation":90}},"children":[]},{"name":"EyelidR.016","from":[-3.195336103439,2.824274539948,1.940147280693],"to":[-3.085799656808,2.966811642051,2.486438751221],"rotationOrigin":[-3.195336103439,2.824274539948,1.940147280693],"stepParentName":"b_Head","rotationX":101.270682069024,"rotationY":0.0,"rotationZ":-1e-12,"group":"eye-animu3_raised","faces":{"north":{"texture":"#head","uv":[13.0,59.0,12.0,60.0],"autoUv":false},"east":{"texture":"#head","uv":[16.0,59.0,13.0,60.0],"autoUv":false},"south":{"texture":"#head","uv":[9.0,59.0,8.0,60.0],"autoUv":false},"west":{"texture":"#head","uv":[12.0,59.0,9.0,60.0],"autoUv":false},"up":{"texture":"#head","uv":[12.0,58.0,9.0,59.0],"autoUv":false,"rotation":90},"down":{"texture":"#head","uv":[9.0,61.0,12.0,60.0],"autoUv":false,"rotation":90}},"children":[]},{"name":"EyelidR.010","from":[-3.208822011948,3.219301700592,1.820877313614],"to":[-3.099285565317,3.44156101346,2.374903857708],"rotationOrigin":[-3.208822011948,3.219301700592,1.820877313614],"stepParentName":"b_Head","rotationX":82.77929726867,"rotationY":-1e-12,"rotationZ":-1e-12,"group":"eye-animu3_raised","faces":{"north":{"texture":"#head","uv":[13.0,59.0,12.0,60.0],"autoUv":false},"east":{"texture":"#head","uv":[16.0,59.0,13.0,60.0],"autoUv":false},"south":{"texture":"#head","uv":[9.0,59.0,8.0,60.0],"autoUv":false},"west":{"texture":"#head","uv":[12.0,59.0,9.0,60.0],"autoUv":false},"up":{"texture":"#head","uv":[12.0,58.0,9.0,59.0],"autoUv":false,"rotation":90},"down":{"texture":"#head","uv":[9.0,61.0,12.0,60.0],"autoUv":false,"rotation":90}},"children":[]},{"name":"EyelidL.014","from":[-3.195336103439,2.824273586273,-2.486358761787],"to":[-3.085799656808,2.966810688376,-1.94006729126],"rotationOrigin":[-3.195336103439,2.824273586273,-1.94006729126],"stepParentName":"b_Head","rotationX":-101.270688899213,"rotationY":0.0,"rotationZ":1e-12,"group":"eye-animu3_raised","faces":{"north":{"texture":"#head","uv":[8.0,59.0,9.0,60.0],"autoUv":false},"east":{"texture":"#head","uv":[13.0,59.0,16.0,60.0],"autoUv":false},"south":{"texture":"#head","uv":[12.0,59.0,13.0,60.0],"autoUv":false},"west":{"texture":"#head","uv":[9.0,59.0,12.0,60.0],"autoUv":false},"up":{"texture":"#head","uv":[9.0,58.0,12.0,59.0],"autoUv":false,"rotation":90},"down":{"texture":"#head","uv":[12.0,61.0,9.0,60.0],"autoUv":false,"rotation":90}},"children":[]},{"name":"EyelidL.013","from":[-3.208822011948,3.219300746918,-2.374823868275],"to":[-3.099285565317,3.441560059786,-1.820797324181],"rotationOrigin":[-3.208822011948,3.219300746918,-1.820797324181],"stepParentName":"b_Head","rotationX":-82.779310929048,"rotationY":-1e-12,"rotationZ":1e-12,"group":"eye-animu3_raised","faces":{"north":{"texture":"#head","uv":[8.0,59.0,9.0,60.0],"autoUv":false},"east":{"texture":"#head","uv":[13.0,59.0,16.0,60.0],"autoUv":false},"south":{"texture":"#head","uv":[12.0,59.0,13.0,60.0],"autoUv":false},"west":{"texture":"#head","uv":[9.0,59.0,12.0,60.0],"autoUv":false},"up":{"texture":"#head","uv":[9.0,58.0,12.0,59.0],"autoUv":false,"rotation":90},"down":{"texture":"#head","uv":[12.0,61.0,9.0,60.0],"autoUv":false,"rotation":90}},"children":[]},{"name":"EyelidL.010","from":[-3.239322662354,3.193391561508,-2.148963749409],"to":[-3.125319562852,3.513083040714,-1.151534080505],"rotationOrigin":[-3.239322662354,3.193391561508,-1.151534080505],"stepParentName":"b_Head","rotationX":-11.922488785908,"rotationY":1e-12,"rotationZ":0.0,"group":"eye-animu3_raised","faces":{"north":{"texture":"#head","uv":[8.0,59.0,9.0,60.0],"autoUv":false},"east":{"texture":"#head","uv":[13.0,59.0,16.0,60.0],"autoUv":false},"south":{"texture":"#head","uv":[12.0,59.0,13.0,60.0],"autoUv":false},"west":{"texture":"#head","uv":[9.0,59.0,12.0,60.0],"autoUv":false},"up":{"texture":"#head","uv":[9.0,58.0,12.0,59.0],"autoUv":false,"rotation":90},"down":{"texture":"#head","uv":[12.0,61.0,9.0,60.0],"autoUv":false,"rotation":90}},"children":[]},{"name":"EyelidL.011","from":[-3.24036192894,2.890629053116,0.554412722588],"to":[-3.126358829439,3.208897411823,1.400168538094],"rotationOrigin":[-3.24036192894,2.890629053116,0.554412722588],"stepParentName":"b_Head","rotationX":-22.193999613567,"rotationY":1e-12,"rotationZ":0.0,"group":"eye-animu3_raised","faces":{"north":{"texture":"#head","uv":[13.0,59.0,12.0,60.0],"autoUv":false},"east":{"texture":"#head","uv":[16.0,59.0,13.0,60.0],"autoUv":false},"south":{"texture":"#head","uv":[9.0,59.0,8.0,60.0],"autoUv":false},"west":{"texture":"#head","uv":[12.0,59.0,9.0,60.0],"autoUv":false},"up":{"texture":"#head","uv":[12.0,58.0,9.0,59.0],"autoUv":false,"rotation":90},"down":{"texture":"#head","uv":[9.0,61.0,12.0,60.0],"autoUv":false,"rotation":90}},"children":[]},{"name":"EyelidL.012","from":[-3.239322662354,3.193392038345,1.151532649994],"to":[-3.125319562852,3.513083517551,2.148962318897],"rotationOrigin":[-3.239322662354,3.193392038345,1.151532649994],"stepParentName":"b_Head","rotationX":11.922463172699,"rotationY":1e-12,"rotationZ":-0.0,"group":"eye-animu3_raised","faces":{"north":{"texture":"#head","uv":[13.0,59.0,12.0,60.0],"autoUv":false},"east":{"texture":"#head","uv":[16.0,59.0,13.0,60.0],"autoUv":false},"south":{"texture":"#head","uv":[9.0,59.0,8.0,60.0],"autoUv":false},"west":{"texture":"#head","uv":[12.0,59.0,9.0,60.0],"autoUv":false},"up":{"texture":"#head","uv":[12.0,58.0,9.0,59.0],"autoUv":false,"rotation":90},"down":{"texture":"#head","uv":[9.0,61.0,12.0,60.0],"autoUv":false,"rotation":90}},"children":[]}],"groups":[]}