{"textureWidth":64,"textureHeight":64,"textures":{},"textureSizes":{"head":[64,64]},"elements":[{"name":"Eylid0R.002","from":[-3.222195068655,2.65358722112,0.705732837446],"to":[-3.134565910044,2.785030962016,1.888726457827],"rotationOrigin":[-3.178380489349,2.719309091568,1.297229647636],"stepParentName":"b_Head","rotationX":1.999986324129,"rotationY":1e-12,"rotationZ":-0.0,"group":"eye-spider1","faces":{"north":{"texture":"#head","uv":[8.0,60.0,10.0,61.0],"autoUv":false},"east":{"texture":"#head","uv":[14.0,60.0,16.0,61.0],"autoUv":false},"south":{"texture":"#head","uv":[12.0,60.0,14.0,61.0],"autoUv":false},"west":{"texture":"#head","uv":[10.0,60.0,12.0,61.0],"autoUv":false},"up":{"texture":"#head","uv":[10.0,59.0,12.0,60.0],"autoUv":false,"rotation":90},"down":{"texture":"#head","uv":[12.0,62.0,10.0,61.0],"autoUv":false,"rotation":90}},"children":[]},{"name":"Eylid0L.002","from":[-3.223612943945,2.655423521016,-1.802011951677],"to":[-3.135983785334,2.786867261912,-0.619018331297],"rotationOrigin":[-3.179798364639,2.721145391464,-1.210515141487],"stepParentName":"b_Head","rotationX":-2.000013644886,"rotationY":1e-12,"rotationZ":0.0,"group":"eye-spider1","faces":{"north":{"texture":"#head","uv":[8.0,59.0,9.0,60.0],"autoUv":false},"east":{"texture":"#head","uv":[13.0,59.0,16.0,60.0],"autoUv":false},"south":{"texture":"#head","uv":[12.0,59.0,13.0,60.0],"autoUv":false},"west":{"texture":"#head","uv":[9.0,59.0,12.0,60.0],"autoUv":false},"up":{"texture":"#head","uv":[9.0,58.0,12.0,59.0],"autoUv":false,"rotation":90},"down":{"texture":"#head","uv":[12.0,61.0,9.0,60.0],"autoUv":false,"rotation":90}},"children":[]},{"name":"L eyebrow 1.005","from":[-3.237868782133,3.903505384922,0.310898125172],"to":[-3.133092407137,4.0299705863,1.149881780148],"rotationOrigin":[-3.185480594635,3.966737985611,0.73038995266],"stepParentName":"b_Head","rotationX":2.999987917208,"rotationY":1e-12,"rotationZ":-0.0,"group":"eye-spider1","faces":{"north":{"texture":"#head","uv":[8.0,60.0,9.0,61.0],"autoUv":false},"east":{"texture":"#head","uv":[13.0,60.0,16.0,61.0],"autoUv":false},"south":{"texture":"#head","uv":[12.0,60.0,13.0,61.0],"autoUv":false},"west":{"texture":"#head","uv":[9.0,59.0,12.0,60.0],"autoUv":false},"up":{"texture":"#head","uv":[9.0,59.0,12.0,60.0],"autoUv":false,"rotation":90},"down":{"texture":"#head","uv":[12.0,61.0,9.0,60.0],"autoUv":false,"rotation":90}},"children":[]},{"name":"L eyebrow 2.005","from":[-3.236641850322,3.808360785246,1.056805342436],"to":[-3.131855044514,3.949875622988,1.818154603243],"rotationOrigin":[-3.184248447418,3.879118204117,1.437479972839],"stepParentName":"b_Head","rotationX":11.999985819778,"rotationY":7.1846e-08,"rotationZ":-0.999998284706,"group":"eye-spider1","faces":{"north":{"texture":"#head","uv":[8.0,60.0,9.0,61.0],"autoUv":false},"east":{"texture":"#head","uv":[13.0,60.0,16.0,61.0],"autoUv":false},"south":{"texture":"#head","uv":[12.0,60.0,13.0,61.0],"autoUv":false},"west":{"texture":"#head","uv":[9.0,59.0,12.0,60.0],"autoUv":false},"up":{"texture":"#head","uv":[9.0,59.0,12.0,60.0],"autoUv":false,"rotation":90},"down":{"texture":"#head","uv":[12.0,61.0,9.0,60.0],"autoUv":false,"rotation":90}},"children":[]},{"name":"L pupil.004","from":[-3.181668461147,2.240712138463,1.015231176591],"to":[-3.077318965611,2.714122322749,1.498450950408],"rotationOrigin":[-3.129493713379,2.477417230606,1.256841063499],"stepParentName":"b_Head","rotationX":-1.3660375e-05,"rotationY":1e-12,"rotationZ":0.0,"group":"eye-spider1","faces":{"north":{"texture":"#head","uv":[28.0,56.0,29.0,59.0],"autoUv":false},"east":{"texture":"#head","uv":[29.0,56.0,32.0,59.0],"autoUv":false},"south":{"texture":"#head","uv":[28.0,56.0,29.0,59.0],"autoUv":false},"west":{"texture":"#head","uv":[24.0,56.0,27.0,59.0],"autoUv":false},"up":{"texture":"#head","uv":[29.0,56.0,32.0,57.0],"autoUv":false,"rotation":90},"down":{"texture":"#head","uv":[32.0,59.0,29.0,58.0],"autoUv":false,"rotation":90}},"children":[]},{"name":"L whites.005","from":[-3.150702884907,1.88451771149,0.770093505072],"to":[-2.735435554271,2.672504860073,1.771720583749],"rotationOrigin":[-2.943069219589,2.278511285782,1.270907044411],"stepParentName":"b_Head","rotationX":-1.3660375e-05,"rotationY":1e-12,"rotationZ":0.0,"group":"eye-spider1","faces":{"north":{"texture":"#head","uv":[7.0,58.0,9.0,60.0],"autoUv":false},"east":{"texture":"#head","uv":[13.0,58.0,15.0,60.0],"autoUv":false},"south":{"texture":"#head","uv":[11.0,58.0,13.0,60.0],"autoUv":false},"west":{"texture":"#head","uv":[9.0,58.0,11.0,60.0],"autoUv":false},"up":{"texture":"#head","uv":[9.0,56.0,11.0,58.0],"autoUv":false,"rotation":90},"down":{"texture":"#head","uv":[11.0,62.0,9.0,60.0],"autoUv":false,"rotation":90}},"children":[]},{"name":"R eyebrow 1.005","from":[-3.237868782133,3.879003107548,-1.102847635746],"to":[-3.133092407137,4.005468308926,-0.26386398077],"rotationOrigin":[-3.185480594635,3.942235708237,-0.683355808258],"stepParentName":"b_Head","rotationX":-4.037730787763,"rotationY":1e-12,"rotationZ":0.0,"group":"eye-spider1","faces":{"north":{"texture":"#head","uv":[8.0,58.0,9.0,59.0],"autoUv":false},"east":{"texture":"#head","uv":[13.0,58.0,16.0,59.0],"autoUv":false},"south":{"texture":"#head","uv":[12.0,57.0,13.0,58.0],"autoUv":false},"west":{"texture":"#head","uv":[9.0,57.0,12.0,58.0],"autoUv":false},"up":{"texture":"#head","uv":[9.0,57.0,12.0,58.0],"autoUv":false,"rotation":90},"down":{"texture":"#head","uv":[12.0,59.0,9.0,58.0],"autoUv":false,"rotation":90}},"children":[]},{"name":"R eyebrow 2.005","from":[-3.236641850322,3.769549578428,-1.783736854792],"to":[-3.131855044514,3.91106441617,-1.022387593985],"rotationOrigin":[-3.184248447418,3.840306997299,-1.403062224388],"stepParentName":"b_Head","rotationX":-13.037730611324,"rotationY":-5.8597e-08,"rotationZ":-0.999998284706,"group":"eye-spider1","faces":{"north":{"texture":"#head","uv":[8.0,58.0,9.0,59.0],"autoUv":false},"east":{"texture":"#head","uv":[13.0,58.0,16.0,59.0],"autoUv":false},"south":{"texture":"#head","uv":[12.0,57.0,13.0,58.0],"autoUv":false},"west":{"texture":"#head","uv":[9.0,57.0,12.0,58.0],"autoUv":false},"up":{"texture":"#head","uv":[9.0,57.0,12.0,58.0],"autoUv":false,"rotation":90},"down":{"texture":"#head","uv":[12.0,59.0,9.0,58.0],"autoUv":false,"rotation":90}},"children":[]},{"name":"R pupil.004","from":[-3.178825340121,2.255486294138,-1.453190831034],"to":[-3.118985691221,2.721106246603,-0.9613558971],"rotationOrigin":[-3.148905515671,2.48829627037,-1.207273364067],"stepParentName":"b_Head","rotationX":-1.3660375e-05,"rotationY":1e-12,"rotationZ":0.0,"group":"eye-spider1","faces":{"north":{"texture":"#head","uv":[20.0,56.0,21.0,59.0],"autoUv":false},"east":{"texture":"#head","uv":[21.0,56.0,24.0,59.0],"autoUv":false},"south":{"texture":"#head","uv":[20.0,56.0,21.0,59.0],"autoUv":false},"west":{"texture":"#head","uv":[16.0,56.0,19.0,59.0],"autoUv":false},"up":{"texture":"#head","uv":[21.0,56.0,24.0,57.0],"autoUv":false,"rotation":90},"down":{"texture":"#head","uv":[24.0,59.0,21.0,58.0],"autoUv":false,"rotation":90}},"children":[]},{"name":"R whites.005","from":[-3.152120998616,1.886354011387,-1.716533239198],"to":[-2.73685366798,2.674341159969,-0.714906160521],"rotationOrigin":[-2.944487333298,2.280347585678,-1.21571969986],"stepParentName":"b_Head","rotationX":-1.3660375e-05,"rotationY":1e-12,"rotationZ":0.0,"group":"eye-spider1","faces":{"north":{"texture":"#head","uv":[7.0,58.0,9.0,60.0],"autoUv":false},"east":{"texture":"#head","uv":[13.0,58.0,15.0,60.0],"autoUv":false},"south":{"texture":"#head","uv":[11.0,58.0,13.0,60.0],"autoUv":false},"west":{"texture":"#head","uv":[9.0,58.0,11.0,60.0],"autoUv":false},"up":{"texture":"#head","uv":[9.0,56.0,11.0,58.0],"autoUv":false,"rotation":90},"down":{"texture":"#head","uv":[11.0,62.0,9.0,60.0],"autoUv":false,"rotation":90}},"children":[]},{"name":"Eylid0R.003","from":[-3.194433074527,3.546653595437,0.271112819439],"to":[-3.128328937955,3.645809802543,1.163518647426],"rotationOrigin":[-3.161381006241,3.59623169899,0.717315733433],"stepParentName":"b_Head","rotationX":1.999986537572,"rotationY":1e-12,"rotationZ":-0.0,"group":"eye-spider1","faces":{"north":{"texture":"#head","uv":[8.0,60.0,10.0,61.0],"autoUv":false},"east":{"texture":"#head","uv":[14.0,60.0,16.0,61.0],"autoUv":false},"south":{"texture":"#head","uv":[12.0,60.0,14.0,61.0],"autoUv":false},"west":{"texture":"#head","uv":[10.0,60.0,12.0,61.0],"autoUv":false},"up":{"texture":"#head","uv":[10.0,59.0,12.0,60.0],"autoUv":false,"rotation":90},"down":{"texture":"#head","uv":[12.0,62.0,10.0,61.0],"autoUv":false,"rotation":90}},"children":[]},{"name":"Eylid0L.003","from":[-3.194433074527,3.546653118599,-1.047921756977],"to":[-3.128328937955,3.645809325706,-0.15551592899],"rotationOrigin":[-3.161381006241,3.596231222153,-0.601718842983],"stepParentName":"b_Head","rotationX":-2.000013644886,"rotationY":1e-12,"rotationZ":0.0,"group":"eye-spider1","faces":{"north":{"texture":"#head","uv":[8.0,59.0,9.0,60.0],"autoUv":false},"east":{"texture":"#head","uv":[13.0,59.0,16.0,60.0],"autoUv":false},"south":{"texture":"#head","uv":[12.0,59.0,13.0,60.0],"autoUv":false},"west":{"texture":"#head","uv":[9.0,59.0,12.0,60.0],"autoUv":false},"up":{"texture":"#head","uv":[9.0,58.0,12.0,59.0],"autoUv":false,"rotation":90},"down":{"texture":"#head","uv":[12.0,61.0,9.0,60.0],"autoUv":false,"rotation":90}},"children":[]},{"name":"L pupil.005","from":[-3.163861561738,3.235196156977,0.504586705915],"to":[-3.085144232787,3.592318968298,0.869109502085],"rotationOrigin":[-3.124502897263,3.413757562637,0.686848104],"stepParentName":"b_Head","rotationX":-1.3660376e-05,"rotationY":1e-12,"rotationZ":0.0,"group":"eye-spider1","faces":{"north":{"texture":"#head","uv":[28.0,56.0,29.0,59.0],"autoUv":false},"east":{"texture":"#head","uv":[29.0,56.0,32.0,59.0],"autoUv":false},"south":{"texture":"#head","uv":[28.0,56.0,29.0,59.0],"autoUv":false},"west":{"texture":"#head","uv":[24.0,56.0,27.0,59.0],"autoUv":false},"up":{"texture":"#head","uv":[29.0,56.0,32.0,57.0],"autoUv":false,"rotation":90},"down":{"texture":"#head","uv":[32.0,59.0,29.0,58.0],"autoUv":false,"rotation":90}},"children":[]},{"name":"L whites.006","from":[-3.140502237825,2.966494440956,0.319664231493],"to":[-2.82724020526,3.560922265129,1.075253971861],"rotationOrigin":[-2.983871221542,3.263708353043,0.697459101677],"stepParentName":"b_Head","rotationX":-1.3660376e-05,"rotationY":1e-12,"rotationZ":0.0,"group":"eye-spider1","faces":{"north":{"texture":"#head","uv":[7.0,58.0,9.0,60.0],"autoUv":false},"east":{"texture":"#head","uv":[13.0,58.0,15.0,60.0],"autoUv":false},"south":{"texture":"#head","uv":[11.0,58.0,13.0,60.0],"autoUv":false},"west":{"texture":"#head","uv":[9.0,58.0,11.0,60.0],"autoUv":false},"up":{"texture":"#head","uv":[9.0,56.0,11.0,58.0],"autoUv":false,"rotation":90},"down":{"texture":"#head","uv":[11.0,62.0,9.0,60.0],"autoUv":false,"rotation":90}},"children":[]},{"name":"R pupil.005","from":[-3.160646932398,3.244956594927,-0.784784138638],"to":[-3.115506155218,3.596202748793,-0.413762390178],"rotationOrigin":[-3.138076543808,3.42057967186,-0.599273264408],"stepParentName":"b_Head","rotationX":-1.3660376e-05,"rotationY":1e-12,"rotationZ":0.0,"group":"eye-spider1","faces":{"north":{"texture":"#head","uv":[20.0,56.0,21.0,59.0],"autoUv":false},"east":{"texture":"#head","uv":[21.0,56.0,24.0,59.0],"autoUv":false},"south":{"texture":"#head","uv":[20.0,56.0,21.0,59.0],"autoUv":false},"west":{"texture":"#head","uv":[16.0,56.0,19.0,59.0],"autoUv":false},"up":{"texture":"#head","uv":[21.0,56.0,24.0,57.0],"autoUv":false,"rotation":90},"down":{"texture":"#head","uv":[24.0,59.0,21.0,58.0],"autoUv":false,"rotation":90}},"children":[]},{"name":"R whites.006","from":[-3.140502237825,2.966493964119,-0.983439692305],"to":[-2.82724020526,3.560921788292,-0.227849951937],"rotationOrigin":[-2.983871221542,3.263707876205,-0.605644822121],"stepParentName":"b_Head","rotationX":-1.3660376e-05,"rotationY":1e-12,"rotationZ":0.0,"group":"eye-spider1","faces":{"north":{"texture":"#head","uv":[7.0,58.0,9.0,60.0],"autoUv":false},"east":{"texture":"#head","uv":[13.0,58.0,15.0,60.0],"autoUv":false},"south":{"texture":"#head","uv":[11.0,58.0,13.0,60.0],"autoUv":false},"west":{"texture":"#head","uv":[9.0,58.0,11.0,60.0],"autoUv":false},"up":{"texture":"#head","uv":[9.0,56.0,11.0,58.0],"autoUv":false,"rotation":90},"down":{"texture":"#head","uv":[11.0,62.0,9.0,60.0],"autoUv":false,"rotation":90}},"children":[]}],"groups":[]}