{"textureWidth":64,"textureHeight":64,"textures":{},"textureSizes":{"head":[64,64]},"elements":[{"name":"Eylid0R.002","from":[-3.222195068655,2.65358722112,0.705732837446],"to":[-3.134565910044,2.785030962016,1.888726457827],"rotationOrigin":[-3.178380489349,2.719309091568,1.297229647636],"stepParentName":"b_Head","rotationX":1.999986324129,"rotationY":1e-12,"rotationZ":-0.0,"group":"eye-spider0","faces":{"north":{"texture":"#head","uv":[8.0,60.0,10.0,61.0],"autoUv":false},"east":{"texture":"#head","uv":[14.0,60.0,16.0,61.0],"autoUv":false},"south":{"texture":"#head","uv":[12.0,60.0,14.0,61.0],"autoUv":false},"west":{"texture":"#head","uv":[10.0,60.0,12.0,61.0],"autoUv":false},"up":{"texture":"#head","uv":[10.0,59.0,12.0,60.0],"autoUv":false,"rotation":90},"down":{"texture":"#head","uv":[12.0,62.0,10.0,61.0],"autoUv":false,"rotation":90}},"children":[]},{"name":"Eylid0L.002","from":[-3.223612943945,2.655423521016,-1.802011951677],"to":[-3.135983785334,2.786867261912,-0.619018331297],"rotationOrigin":[-3.179798364639,2.721145391464,-1.210515141487],"stepParentName":"b_Head","rotationX":-2.000013644886,"rotationY":1e-12,"rotationZ":0.0,"group":"eye-spider0","faces":{"north":{"texture":"#head","uv":[8.0,59.0,9.0,60.0],"autoUv":false},"east":{"texture":"#head","uv":[13.0,59.0,16.0,60.0],"autoUv":false},"south":{"texture":"#head","uv":[12.0,59.0,13.0,60.0],"autoUv":false},"west":{"texture":"#head","uv":[9.0,59.0,12.0,60.0],"autoUv":false},"up":{"texture":"#head","uv":[9.0,58.0,12.0,59.0],"autoUv":false,"rotation":90},"down":{"texture":"#head","uv":[12.0,61.0,9.0,60.0],"autoUv":false,"rotation":90}},"children":[]},{"name":"L eye2.005","from":[-3.158222836909,1.88560780826,0.93565432551],"to":[-3.070593672338,2.761899382444,1.572302656149],"rotationOrigin":[-3.114408254623,2.323753595352,1.253978490829],"stepParentName":"b_Head","rotationX":-1.3660375e-05,"rotationY":1e-12,"rotationZ":0.0,"group":"eye-spider0","faces":{"north":{"texture":"#head","uv":[10.0,57.0,11.0,62.0],"autoUv":false},"east":{"texture":"#head","uv":[11.0,57.0,15.0,62.0],"autoUv":false},"south":{"texture":"#head","uv":[15.0,57.0,16.0,62.0],"autoUv":false},"west":{"texture":"#head","uv":[27.0,56.0,31.0,61.0],"autoUv":false},"up":{"texture":"#head","uv":[15.0,57.0,11.0,58.0],"autoUv":false,"rotation":270},"down":{"texture":"#head","uv":[15.0,63.0,11.0,62.0],"autoUv":false,"rotation":90}},"children":[]},{"name":"L eyebrow 1.005","from":[-3.237868782133,3.903505384922,0.310898125172],"to":[-3.133092407137,4.0299705863,1.149881780148],"rotationOrigin":[-3.185480594635,3.966737985611,0.73038995266],"stepParentName":"b_Head","rotationX":2.999987917208,"rotationY":1e-12,"rotationZ":-0.0,"group":"eye-spider0","faces":{"north":{"texture":"#head","uv":[8.0,60.0,9.0,61.0],"autoUv":false},"east":{"texture":"#head","uv":[13.0,60.0,16.0,61.0],"autoUv":false},"south":{"texture":"#head","uv":[12.0,60.0,13.0,61.0],"autoUv":false},"west":{"texture":"#head","uv":[9.0,59.0,12.0,60.0],"autoUv":false},"up":{"texture":"#head","uv":[9.0,59.0,12.0,60.0],"autoUv":false,"rotation":90},"down":{"texture":"#head","uv":[12.0,61.0,9.0,60.0],"autoUv":false,"rotation":90}},"children":[]},{"name":"L eyebrow 2.005","from":[-3.236641850322,3.808360785246,1.056805342436],"to":[-3.131855044514,3.949875622988,1.818154603243],"rotationOrigin":[-3.184248447418,3.879118204117,1.437479972839],"stepParentName":"b_Head","rotationX":11.999985819778,"rotationY":7.1846e-08,"rotationZ":-0.999998284706,"group":"eye-spider0","faces":{"north":{"texture":"#head","uv":[8.0,60.0,9.0,61.0],"autoUv":false},"east":{"texture":"#head","uv":[13.0,60.0,16.0,61.0],"autoUv":false},"south":{"texture":"#head","uv":[12.0,60.0,13.0,61.0],"autoUv":false},"west":{"texture":"#head","uv":[9.0,59.0,12.0,60.0],"autoUv":false},"up":{"texture":"#head","uv":[9.0,59.0,12.0,60.0],"autoUv":false,"rotation":90},"down":{"texture":"#head","uv":[12.0,61.0,9.0,60.0],"autoUv":false,"rotation":90}},"children":[]},{"name":"L pupil.004","from":[-3.181668461147,2.240712138463,1.015231176591],"to":[-3.077318965611,2.714122322749,1.498450950408],"rotationOrigin":[-3.129493713379,2.477417230606,1.256841063499],"stepParentName":"b_Head","rotationX":-1.3660375e-05,"rotationY":1e-12,"rotationZ":0.0,"group":"eye-spider0","faces":{"north":{"texture":"#head","uv":[28.0,56.0,29.0,59.0],"autoUv":false},"east":{"texture":"#head","uv":[29.0,56.0,32.0,59.0],"autoUv":false},"south":{"texture":"#head","uv":[28.0,56.0,29.0,59.0],"autoUv":false},"west":{"texture":"#head","uv":[24.0,56.0,27.0,59.0],"autoUv":false},"up":{"texture":"#head","uv":[29.0,56.0,32.0,57.0],"autoUv":false,"rotation":90},"down":{"texture":"#head","uv":[32.0,59.0,29.0,58.0],"autoUv":false,"rotation":90}},"children":[]},{"name":"L whites.005","from":[-3.150702884907,1.88451771149,0.770093505072],"to":[-2.735435554271,2.672504860073,1.771720583749],"rotationOrigin":[-2.943069219589,2.278511285782,1.270907044411],"stepParentName":"b_Head","rotationX":-1.3660375e-05,"rotationY":1e-12,"rotationZ":0.0,"group":"eye-spider0","faces":{"north":{"texture":"#head","uv":[0.0,58.0,2.0,60.0],"autoUv":false},"east":{"texture":"#head","uv":[6.0,58.0,8.0,60.0],"autoUv":false},"south":{"texture":"#head","uv":[4.0,58.0,6.0,60.0],"autoUv":false},"west":{"texture":"#head","uv":[2.0,58.0,4.0,60.0],"autoUv":false},"up":{"texture":"#head","uv":[2.0,56.0,4.0,58.0],"autoUv":false,"rotation":90},"down":{"texture":"#head","uv":[4.0,62.0,2.0,60.0],"autoUv":false,"rotation":90}},"children":[]},{"name":"R eye.005","from":[-3.158955497202,1.887444108156,-1.537604742214],"to":[-3.071326332631,2.763735682341,-0.875560350254],"rotationOrigin":[-3.115140914917,2.325589895248,-1.206582546234],"stepParentName":"b_Head","rotationX":-1.3660375e-05,"rotationY":1e-12,"rotationZ":0.0,"group":"eye-spider0","faces":{"north":{"texture":"#head","uv":[17.0,57.0,18.0,62.0],"autoUv":false},"east":{"texture":"#head","uv":[18.0,57.0,22.0,62.0],"autoUv":false},"south":{"texture":"#head","uv":[22.0,57.0,23.0,62.0],"autoUv":false},"west":{"texture":"#head","uv":[18.0,56.0,22.0,61.0],"autoUv":false},"up":{"texture":"#head","uv":[22.0,57.0,18.0,58.0],"autoUv":false,"rotation":270},"down":{"texture":"#head","uv":[22.0,63.0,18.0,62.0],"autoUv":false,"rotation":90}},"children":[]},{"name":"R eyebrow 1.005","from":[-3.237868782133,3.879003107548,-1.102847635746],"to":[-3.133092407137,4.005468308926,-0.26386398077],"rotationOrigin":[-3.185480594635,3.942235708237,-0.683355808258],"stepParentName":"b_Head","rotationX":-4.037730787763,"rotationY":1e-12,"rotationZ":0.0,"group":"eye-spider0","faces":{"north":{"texture":"#head","uv":[8.0,58.0,9.0,59.0],"autoUv":false},"east":{"texture":"#head","uv":[13.0,58.0,16.0,59.0],"autoUv":false},"south":{"texture":"#head","uv":[12.0,57.0,13.0,58.0],"autoUv":false},"west":{"texture":"#head","uv":[9.0,57.0,12.0,58.0],"autoUv":false},"up":{"texture":"#head","uv":[9.0,57.0,12.0,58.0],"autoUv":false,"rotation":90},"down":{"texture":"#head","uv":[12.0,59.0,9.0,58.0],"autoUv":false,"rotation":90}},"children":[]},{"name":"R eyebrow 2.005","from":[-3.236641850322,3.769549578428,-1.783736854792],"to":[-3.131855044514,3.91106441617,-1.022387593985],"rotationOrigin":[-3.184248447418,3.840306997299,-1.403062224388],"stepParentName":"b_Head","rotationX":-13.037730611324,"rotationY":-5.8597e-08,"rotationZ":-0.999998284706,"group":"eye-spider0","faces":{"north":{"texture":"#head","uv":[8.0,58.0,9.0,59.0],"autoUv":false},"east":{"texture":"#head","uv":[13.0,58.0,16.0,59.0],"autoUv":false},"south":{"texture":"#head","uv":[12.0,57.0,13.0,58.0],"autoUv":false},"west":{"texture":"#head","uv":[9.0,57.0,12.0,58.0],"autoUv":false},"up":{"texture":"#head","uv":[9.0,57.0,12.0,58.0],"autoUv":false,"rotation":90},"down":{"texture":"#head","uv":[12.0,59.0,9.0,58.0],"autoUv":false,"rotation":90}},"children":[]},{"name":"R pupil.004","from":[-3.178825340121,2.255486294138,-1.453190831034],"to":[-3.118985691221,2.721106246603,-0.9613558971],"rotationOrigin":[-3.148905515671,2.48829627037,-1.207273364067],"stepParentName":"b_Head","rotationX":-1.3660375e-05,"rotationY":1e-12,"rotationZ":0.0,"group":"eye-spider0","faces":{"north":{"texture":"#head","uv":[20.0,56.0,21.0,59.0],"autoUv":false},"east":{"texture":"#head","uv":[21.0,56.0,24.0,59.0],"autoUv":false},"south":{"texture":"#head","uv":[20.0,56.0,21.0,59.0],"autoUv":false},"west":{"texture":"#head","uv":[16.0,56.0,19.0,59.0],"autoUv":false},"up":{"texture":"#head","uv":[21.0,56.0,24.0,57.0],"autoUv":false,"rotation":90},"down":{"texture":"#head","uv":[24.0,59.0,21.0,58.0],"autoUv":false,"rotation":90}},"children":[]},{"name":"R whites.005","from":[-3.152120998616,1.886354011387,-1.716533239198],"to":[-2.73685366798,2.674341159969,-0.714906160521],"rotationOrigin":[-2.944487333298,2.280347585678,-1.21571969986],"stepParentName":"b_Head","rotationX":-1.3660375e-05,"rotationY":1e-12,"rotationZ":0.0,"group":"eye-spider0","faces":{"north":{"texture":"#head","uv":[0.0,58.0,2.0,60.0],"autoUv":false},"east":{"texture":"#head","uv":[6.0,58.0,8.0,60.0],"autoUv":false},"south":{"texture":"#head","uv":[4.0,58.0,6.0,60.0],"autoUv":false},"west":{"texture":"#head","uv":[2.0,58.0,4.0,60.0],"autoUv":false},"up":{"texture":"#head","uv":[2.0,56.0,4.0,58.0],"autoUv":false,"rotation":90},"down":{"texture":"#head","uv":[4.0,62.0,2.0,60.0],"autoUv":false,"rotation":90}},"children":[]},{"name":"shine large 1.001","from":[-3.199070525986,2.379262064255,-1.142579343325],"to":[-3.089513706345,2.598375703537,-0.821723792547],"rotationOrigin":[-3.144292116165,2.488818883896,-0.982151567936],"stepParentName":"b_Head","rotationX":-1.3660375e-05,"rotationY":1e-12,"rotationZ":0.0,"group":"eye-spider0","faces":{"north":{"texture":"#head","uv":[2.0,61.0,3.0,62.0],"autoUv":false},"east":{"texture":"#head","uv":[6.0,61.0,7.0,62.0],"autoUv":false},"south":{"texture":"#head","uv":[5.0,61.0,6.0,62.0],"autoUv":false},"west":{"texture":"#head","uv":[3.0,61.0,5.0,62.0],"autoUv":false},"up":{"texture":"#head","uv":[3.0,60.0,5.0,61.0],"autoUv":false,"rotation":90},"down":{"texture":"#head","uv":[5.0,63.0,3.0,62.0],"autoUv":false,"rotation":90}},"children":[]},{"name":"shine large 2.001","from":[-3.186141330755,2.349670122276,1.301111588272],"to":[-3.085259126865,2.588314821114,1.648759713379],"rotationOrigin":[-3.13570022583,2.468992471695,1.474935650826],"stepParentName":"b_Head","rotationX":-1.3660375e-05,"rotationY":1e-12,"rotationZ":0.0,"group":"eye-spider0","faces":{"north":{"texture":"#head","uv":[0.0,60.0,1.0,61.0],"autoUv":false},"east":{"texture":"#head","uv":[3.0,60.0,4.0,61.0],"autoUv":false},"south":{"texture":"#head","uv":[2.0,60.0,3.0,61.0],"autoUv":false},"west":{"texture":"#head","uv":[1.0,60.0,2.0,61.0],"autoUv":false},"up":{"texture":"#head","uv":[1.0,59.0,2.0,60.0],"autoUv":false,"rotation":90},"down":{"texture":"#head","uv":[2.0,62.0,1.0,61.0],"autoUv":false,"rotation":90}},"children":[]},{"name":"shine small 1.003","from":[-3.205675054536,2.201144765868,-1.055935992041],"to":[-3.079606603637,2.327213216767,-0.890728579721],"rotationOrigin":[-3.142640829086,2.264178991318,-0.973332285881],"stepParentName":"b_Head","rotationX":-1.3660375e-05,"rotationY":1e-12,"rotationZ":0.0,"group":"eye-spider0","faces":{"north":{"texture":"#head","uv":[2.0,60.0,3.0,61.0],"autoUv":false},"east":{"texture":"#head","uv":[6.0,60.0,7.0,61.0],"autoUv":false},"south":{"texture":"#head","uv":[5.0,60.0,6.0,61.0],"autoUv":false},"west":{"texture":"#head","uv":[3.0,60.0,5.0,61.0],"autoUv":false},"up":{"texture":"#head","uv":[3.0,59.0,5.0,60.0],"autoUv":false,"rotation":90},"down":{"texture":"#head","uv":[5.0,62.0,3.0,61.0],"autoUv":false,"rotation":90}},"children":[]},{"name":"shine small 2.003","from":[-3.198955030252,2.178028856705,1.397215371197],"to":[-3.064396410178,2.312587476779,1.548525090153],"rotationOrigin":[-3.131675720215,2.245308160782,1.472870230675],"stepParentName":"b_Head","rotationX":-1.3660375e-05,"rotationY":1e-12,"rotationZ":0.0,"group":"eye-spider0","faces":{"north":{"texture":"#head","uv":[0.0,60.0,1.0,61.0],"autoUv":false},"east":{"texture":"#head","uv":[3.0,60.0,4.0,61.0],"autoUv":false},"south":{"texture":"#head","uv":[2.0,60.0,3.0,61.0],"autoUv":false},"west":{"texture":"#head","uv":[1.0,60.0,2.0,61.0],"autoUv":false},"up":{"texture":"#head","uv":[1.0,59.0,2.0,60.0],"autoUv":false,"rotation":90},"down":{"texture":"#head","uv":[2.0,62.0,1.0,61.0],"autoUv":false,"rotation":90}},"children":[]},{"name":"Eylid0R.003","from":[-3.194433074527,3.546653595437,0.271112819439],"to":[-3.128328937955,3.645809802543,1.163518647426],"rotationOrigin":[-3.161381006241,3.59623169899,0.717315733433],"stepParentName":"b_Head","rotationX":1.999986537572,"rotationY":1e-12,"rotationZ":-0.0,"group":"eye-spider0","faces":{"north":{"texture":"#head","uv":[8.0,60.0,10.0,61.0],"autoUv":false},"east":{"texture":"#head","uv":[14.0,60.0,16.0,61.0],"autoUv":false},"south":{"texture":"#head","uv":[12.0,60.0,14.0,61.0],"autoUv":false},"west":{"texture":"#head","uv":[10.0,60.0,12.0,61.0],"autoUv":false},"up":{"texture":"#head","uv":[10.0,59.0,12.0,60.0],"autoUv":false,"rotation":90},"down":{"texture":"#head","uv":[12.0,62.0,10.0,61.0],"autoUv":false,"rotation":90}},"children":[]},{"name":"Eylid0L.003","from":[-3.194433074527,3.546653118599,-1.047921756977],"to":[-3.128328937955,3.645809325706,-0.15551592899],"rotationOrigin":[-3.161381006241,3.596231222153,-0.601718842983],"stepParentName":"b_Head","rotationX":-2.000013644886,"rotationY":1e-12,"rotationZ":0.0,"group":"eye-spider0","faces":{"north":{"texture":"#head","uv":[8.0,59.0,9.0,60.0],"autoUv":false},"east":{"texture":"#head","uv":[13.0,59.0,16.0,60.0],"autoUv":false},"south":{"texture":"#head","uv":[12.0,59.0,13.0,60.0],"autoUv":false},"west":{"texture":"#head","uv":[9.0,59.0,12.0,60.0],"autoUv":false},"up":{"texture":"#head","uv":[9.0,58.0,12.0,59.0],"autoUv":false,"rotation":90},"down":{"texture":"#head","uv":[12.0,61.0,9.0,60.0],"autoUv":false,"rotation":90}},"children":[]},{"name":"L eye2.006","from":[-3.146174772179,2.967317771114,0.444557046374],"to":[-3.080070631111,3.628359127843,0.924820566694],"rotationOrigin":[-3.113122701645,3.297838449478,0.684688806534],"stepParentName":"b_Head","rotationX":-1.3660376e-05,"rotationY":1e-12,"rotationZ":0.0,"group":"eye-spider0","faces":{"north":{"texture":"#head","uv":[10.0,57.0,11.0,62.0],"autoUv":false},"east":{"texture":"#head","uv":[11.0,57.0,15.0,62.0],"autoUv":false},"south":{"texture":"#head","uv":[15.0,57.0,16.0,62.0],"autoUv":false},"west":{"texture":"#head","uv":[27.0,56.0,31.0,61.0],"autoUv":false},"up":{"texture":"#head","uv":[15.0,57.0,11.0,58.0],"autoUv":false,"rotation":270},"down":{"texture":"#head","uv":[15.0,63.0,11.0,62.0],"autoUv":false,"rotation":90}},"children":[]},{"name":"L pupil.005","from":[-3.163861561738,3.235196156977,0.504586705915],"to":[-3.085144232787,3.592318968298,0.869109502085],"rotationOrigin":[-3.124502897263,3.413757562637,0.686848104],"stepParentName":"b_Head","rotationX":-1.3660376e-05,"rotationY":1e-12,"rotationZ":0.0,"group":"eye-spider0","faces":{"north":{"texture":"#head","uv":[28.0,56.0,29.0,59.0],"autoUv":false},"east":{"texture":"#head","uv":[29.0,56.0,32.0,59.0],"autoUv":false},"south":{"texture":"#head","uv":[28.0,56.0,29.0,59.0],"autoUv":false},"west":{"texture":"#head","uv":[24.0,56.0,27.0,59.0],"autoUv":false},"up":{"texture":"#head","uv":[29.0,56.0,32.0,57.0],"autoUv":false,"rotation":90},"down":{"texture":"#head","uv":[32.0,59.0,29.0,58.0],"autoUv":false,"rotation":90}},"children":[]},{"name":"L whites.006","from":[-3.140502237825,2.966494440956,0.319664231493],"to":[-2.82724020526,3.560922265129,1.075253971861],"rotationOrigin":[-2.983871221542,3.263708353043,0.697459101677],"stepParentName":"b_Head","rotationX":-1.3660376e-05,"rotationY":1e-12,"rotationZ":0.0,"group":"eye-spider0","faces":{"north":{"texture":"#head","uv":[0.0,58.0,2.0,60.0],"autoUv":false},"east":{"texture":"#head","uv":[6.0,58.0,8.0,60.0],"autoUv":false},"south":{"texture":"#head","uv":[4.0,58.0,6.0,60.0],"autoUv":false},"west":{"texture":"#head","uv":[2.0,58.0,4.0,60.0],"autoUv":false},"up":{"texture":"#head","uv":[2.0,56.0,4.0,58.0],"autoUv":false,"rotation":90},"down":{"texture":"#head","uv":[4.0,62.0,2.0,60.0],"autoUv":false,"rotation":90}},"children":[]},{"name":"R eye.006","from":[-3.145658119118,2.967317294276,-0.848462817199],"to":[-3.07955397805,3.628358651005,-0.349041464799],"rotationOrigin":[-3.112606048584,3.297837972641,-0.598752140999],"stepParentName":"b_Head","rotationX":-1.3660376e-05,"rotationY":1e-12,"rotationZ":0.0,"group":"eye-spider0","faces":{"north":{"texture":"#head","uv":[17.0,57.0,18.0,62.0],"autoUv":false},"east":{"texture":"#head","uv":[18.0,57.0,22.0,62.0],"autoUv":false},"south":{"texture":"#head","uv":[22.0,57.0,23.0,62.0],"autoUv":false},"west":{"texture":"#head","uv":[18.0,56.0,22.0,61.0],"autoUv":false},"up":{"texture":"#head","uv":[22.0,57.0,18.0,58.0],"autoUv":false,"rotation":270},"down":{"texture":"#head","uv":[22.0,63.0,18.0,62.0],"autoUv":false,"rotation":90}},"children":[]},{"name":"R pupil.005","from":[-3.160646932398,3.244956594927,-0.784784138638],"to":[-3.115506155218,3.596202748793,-0.413762390178],"rotationOrigin":[-3.138076543808,3.42057967186,-0.599273264408],"stepParentName":"b_Head","rotationX":-1.3660376e-05,"rotationY":1e-12,"rotationZ":0.0,"group":"eye-spider0","faces":{"north":{"texture":"#head","uv":[20.0,56.0,21.0,59.0],"autoUv":false},"east":{"texture":"#head","uv":[21.0,56.0,24.0,59.0],"autoUv":false},"south":{"texture":"#head","uv":[20.0,56.0,21.0,59.0],"autoUv":false},"west":{"texture":"#head","uv":[16.0,56.0,19.0,59.0],"autoUv":false},"up":{"texture":"#head","uv":[21.0,56.0,24.0,57.0],"autoUv":false,"rotation":90},"down":{"texture":"#head","uv":[24.0,59.0,21.0,58.0],"autoUv":false,"rotation":90}},"children":[]},{"name":"R whites.006","from":[-3.140502237825,2.966493964119,-0.983439692305],"to":[-2.82724020526,3.560921788292,-0.227849951937],"rotationOrigin":[-2.983871221542,3.263707876205,-0.605644822121],"stepParentName":"b_Head","rotationX":-1.3660376e-05,"rotationY":1e-12,"rotationZ":0.0,"group":"eye-spider0","faces":{"north":{"texture":"#head","uv":[0.0,58.0,2.0,60.0],"autoUv":false},"east":{"texture":"#head","uv":[6.0,58.0,8.0,60.0],"autoUv":false},"south":{"texture":"#head","uv":[4.0,58.0,6.0,60.0],"autoUv":false},"west":{"texture":"#head","uv":[2.0,58.0,4.0,60.0],"autoUv":false},"up":{"texture":"#head","uv":[2.0,56.0,4.0,58.0],"autoUv":false,"rotation":90},"down":{"texture":"#head","uv":[4.0,62.0,2.0,60.0],"autoUv":false,"rotation":90}},"children":[]},{"name":"shine large 1.002","from":[-3.175919355285,3.338327285981,-0.550470616689],"to":[-3.09327381717,3.503618362212,-0.308429274687],"rotationOrigin":[-3.134596586227,3.420972824097,-0.429449945688],"stepParentName":"b_Head","rotationX":-1.3660376e-05,"rotationY":1e-12,"rotationZ":0.0,"group":"eye-spider0","faces":{"north":{"texture":"#head","uv":[2.0,61.0,3.0,62.0],"autoUv":false},"east":{"texture":"#head","uv":[6.0,61.0,7.0,62.0],"autoUv":false},"south":{"texture":"#head","uv":[5.0,61.0,6.0,62.0],"autoUv":false},"west":{"texture":"#head","uv":[3.0,61.0,5.0,62.0],"autoUv":false},"up":{"texture":"#head","uv":[3.0,60.0,5.0,61.0],"autoUv":false,"rotation":90},"down":{"texture":"#head","uv":[5.0,63.0,3.0,62.0],"autoUv":false,"rotation":90}},"children":[]},{"name":"shine large 2.002","from":[-3.167235592516,3.317388083698,0.720244187993],"to":[-3.091133857781,3.497412655591,0.982496838886],"rotationOrigin":[-3.1291847229,3.407400369644,0.851370513439],"stepParentName":"b_Head","rotationX":-1.3660376e-05,"rotationY":1e-12,"rotationZ":0.0,"group":"eye-spider0","faces":{"north":{"texture":"#head","uv":[0.0,60.0,1.0,61.0],"autoUv":false},"east":{"texture":"#head","uv":[3.0,60.0,4.0,61.0],"autoUv":false},"south":{"texture":"#head","uv":[2.0,60.0,3.0,61.0],"autoUv":false},"west":{"texture":"#head","uv":[1.0,60.0,2.0,61.0],"autoUv":false},"up":{"texture":"#head","uv":[1.0,59.0,2.0,60.0],"autoUv":false,"rotation":90},"down":{"texture":"#head","uv":[2.0,62.0,1.0,61.0],"autoUv":false,"rotation":90}},"children":[]},{"name":"shine small 1.004","from":[-3.180901494552,3.203961882065,-0.48511008918],"to":[-3.085800203751,3.299063172866,-0.360483840111],"rotationOrigin":[-3.133350849152,3.251512527466,-0.422796964645],"stepParentName":"b_Head","rotationX":-1.3660376e-05,"rotationY":1e-12,"rotationZ":0.0,"group":"eye-spider0","faces":{"north":{"texture":"#head","uv":[2.0,60.0,3.0,61.0],"autoUv":false},"east":{"texture":"#head","uv":[6.0,60.0,7.0,61.0],"autoUv":false},"south":{"texture":"#head","uv":[5.0,60.0,6.0,61.0],"autoUv":false},"west":{"texture":"#head","uv":[3.0,60.0,5.0,61.0],"autoUv":false},"up":{"texture":"#head","uv":[3.0,59.0,5.0,60.0],"autoUv":false,"rotation":90},"down":{"texture":"#head","uv":[5.0,62.0,3.0,61.0],"autoUv":false,"rotation":90}},"children":[]},{"name":"shine small 2.004","from":[-3.17690167803,3.187909985326,0.792741212084],"to":[-3.075395723398,3.289415939957,0.906883564757],"rotationOrigin":[-3.126148700714,3.238662958145,0.84981238842],"stepParentName":"b_Head","rotationX":-1.3660376e-05,"rotationY":1e-12,"rotationZ":0.0,"group":"eye-spider0","faces":{"north":{"texture":"#head","uv":[0.0,60.0,1.0,61.0],"autoUv":false},"east":{"texture":"#head","uv":[3.0,60.0,4.0,61.0],"autoUv":false},"south":{"texture":"#head","uv":[2.0,60.0,3.0,61.0],"autoUv":false},"west":{"texture":"#head","uv":[1.0,60.0,2.0,61.0],"autoUv":false},"up":{"texture":"#head","uv":[1.0,59.0,2.0,60.0],"autoUv":false,"rotation":90},"down":{"texture":"#head","uv":[2.0,62.0,1.0,61.0],"autoUv":false,"rotation":90}},"children":[]}],"groups":[]}