{"textureWidth":64,"textureHeight":64,"textures":{},"textureSizes":{"head":[64,64]},"elements":[{"name":"EyelidR.007","from":[-3.239322662354,2.863929986954,0.598876059055],"to":[-3.125319562852,3.182198315859,2.215212166309],"rotationOrigin":[-3.239322662354,2.863929986954,0.598876059055],"stepParentName":"b_Head","rotationX":-6.000013400457,"rotationY":1e-12,"rotationZ":0.0,"group":"eye-bug1_raised","faces":{"north":{"texture":"#head","uv":[8.0,60.0,10.0,61.0],"autoUv":false},"east":{"texture":"#head","uv":[14.0,60.0,16.0,61.0],"autoUv":false},"south":{"texture":"#head","uv":[12.0,60.0,14.0,61.0],"autoUv":false},"west":{"texture":"#head","uv":[10.0,60.0,12.0,61.0],"autoUv":false},"up":{"texture":"#head","uv":[10.0,59.0,12.0,60.0],"autoUv":false,"rotation":90},"down":{"texture":"#head","uv":[12.0,62.0,10.0,61.0],"autoUv":false,"rotation":90}},"children":[]},{"name":"EyelidL.006","from":[-3.239322662354,2.863929510117,-2.170750200748],"to":[-3.125319562852,3.182197839022,-0.554414093494],"rotationOrigin":[-3.239322662354,2.863929510117,-0.554414093494],"stepParentName":"b_Head","rotationX":5.999987787247,"rotationY":1e-12,"rotationZ":-0.0,"group":"eye-bug1_raised","faces":{"north":{"texture":"#head","uv":[8.0,59.0,9.0,60.0],"autoUv":false},"east":{"texture":"#head","uv":[13.0,59.0,16.0,60.0],"autoUv":false},"south":{"texture":"#head","uv":[12.0,59.0,13.0,60.0],"autoUv":false},"west":{"texture":"#head","uv":[9.0,59.0,12.0,60.0],"autoUv":false},"up":{"texture":"#head","uv":[9.0,58.0,12.0,59.0],"autoUv":false,"rotation":90},"down":{"texture":"#head","uv":[12.0,61.0,9.0,60.0],"autoUv":false,"rotation":90}},"children":[]},{"name":"L eye2.004","from":[-3.171414755285,2.489610552788,0.896821051836],"to":[-3.061878304929,3.171843230724,1.692631453276],"rotationOrigin":[-3.116646528244,2.712354898453,1.294726252556],"stepParentName":"b_Head","rotationX":-1.3660375e-05,"rotationY":1e-12,"rotationZ":0.0,"group":"eye-bug1_raised","faces":{"north":{"texture":"#head","uv":[26.0,57.0,27.0,62.0],"autoUv":false},"east":{"texture":"#head","uv":[27.0,57.0,31.0,62.0],"autoUv":false},"south":{"texture":"#head","uv":[31.0,57.0,32.0,62.0],"autoUv":false},"west":{"texture":"#head","uv":[27.0,56.0,31.0,61.0],"autoUv":false},"up":{"texture":"#head","uv":[31.0,57.0,27.0,58.0],"autoUv":false,"rotation":270},"down":{"texture":"#head","uv":[31.0,63.0,27.0,62.0],"autoUv":false,"rotation":90}},"children":[]},{"name":"L eyebrow 1.004","from":[-3.237868785858,3.759449243546,0.638203322887],"to":[-3.133092410862,3.885914444923,1.477186977863],"rotationOrigin":[-3.237868785858,3.759449243546,0.638203322887],"stepParentName":"b_Head","rotationX":-2.000013644886,"rotationY":1e-12,"rotationZ":0.0,"group":"eye-bug1_raised","faces":{"north":{"texture":"#head","uv":[8.0,60.0,9.0,61.0],"autoUv":false},"east":{"texture":"#head","uv":[13.0,60.0,16.0,61.0],"autoUv":false},"south":{"texture":"#head","uv":[12.0,60.0,13.0,61.0],"autoUv":false},"west":{"texture":"#head","uv":[9.0,60.0,12.0,61.0],"autoUv":false},"up":{"texture":"#head","uv":[9.0,59.0,12.0,60.0],"autoUv":false,"rotation":90},"down":{"texture":"#head","uv":[12.0,62.0,9.0,61.0],"autoUv":false,"rotation":90}},"children":[]},{"name":"L eyebrow 2.004","from":[-3.237868785858,3.788704156876,1.38092148304],"to":[-3.13308198005,3.930218994617,2.142270743847],"rotationOrigin":[-3.237868785858,3.788704156876,1.38092148304],"stepParentName":"b_Head","rotationX":6.999985538345,"rotationY":4.4783e-08,"rotationZ":-0.99999849815,"group":"eye-bug1_raised","faces":{"north":{"texture":"#head","uv":[8.0,60.0,9.0,61.0],"autoUv":false},"east":{"texture":"#head","uv":[13.0,60.0,16.0,61.0],"autoUv":false},"south":{"texture":"#head","uv":[12.0,60.0,13.0,61.0],"autoUv":false},"west":{"texture":"#head","uv":[9.0,60.0,12.0,61.0],"autoUv":false},"up":{"texture":"#head","uv":[9.0,59.0,12.0,60.0],"autoUv":false,"rotation":90},"down":{"texture":"#head","uv":[12.0,62.0,9.0,61.0],"autoUv":false,"rotation":90}},"children":[]},{"name":"L whites.004","from":[-3.16201505065,2.163308143616,0.658562362194],"to":[-2.64293089509,3.148292094469,1.910596191883],"rotationOrigin":[-2.90247297287,2.655800104141,1.284579277039],"stepParentName":"b_Head","rotationX":-1.3660375e-05,"rotationY":1e-12,"rotationZ":0.0,"group":"eye-bug1_raised","faces":{"north":{"texture":"#head","uv":[8.0,58.0,10.0,60.0],"autoUv":false},"east":{"texture":"#head","uv":[14.0,58.0,16.0,60.0],"autoUv":false},"south":{"texture":"#head","uv":[12.0,58.0,14.0,60.0],"autoUv":false},"west":{"texture":"#head","uv":[10.0,58.0,12.0,60.0],"autoUv":false},"up":{"texture":"#head","uv":[10.0,56.0,12.0,58.0],"autoUv":false,"rotation":90},"down":{"texture":"#head","uv":[12.0,62.0,10.0,60.0],"autoUv":false,"rotation":90}},"children":[]},{"name":"R eye.004","from":[-3.170558355749,2.489610075951,-1.681882411242],"to":[-3.061021905392,3.171842753887,-0.854326933622],"rotationOrigin":[-3.115790128708,2.712354421616,-1.268104672432],"stepParentName":"b_Head","rotationX":-1.3660375e-05,"rotationY":1e-12,"rotationZ":0.0,"group":"eye-bug1_raised","faces":{"north":{"texture":"#head","uv":[18.0,57.0,19.0,62.0],"autoUv":false},"east":{"texture":"#head","uv":[19.0,57.0,23.0,62.0],"autoUv":false},"south":{"texture":"#head","uv":[23.0,57.0,24.0,62.0],"autoUv":false},"west":{"texture":"#head","uv":[19.0,56.0,23.0,61.0],"autoUv":false},"up":{"texture":"#head","uv":[23.0,57.0,19.0,58.0],"autoUv":false,"rotation":270},"down":{"texture":"#head","uv":[23.0,63.0,19.0,62.0],"autoUv":false,"rotation":90}},"children":[]},{"name":"R eyebrow 1.004","from":[-3.237868785858,3.759448766708,-1.407903492451],"to":[-3.133092410862,3.885913968086,-0.568919837475],"rotationOrigin":[-3.237868785858,3.759448766708,-0.568919837475],"stepParentName":"b_Head","rotationX":1.999986324129,"rotationY":1e-12,"rotationZ":-0.0,"group":"eye-bug1_raised","faces":{"north":{"texture":"#head","uv":[8.0,58.0,9.0,59.0],"autoUv":false},"east":{"texture":"#head","uv":[13.0,58.0,16.0,59.0],"autoUv":false},"south":{"texture":"#head","uv":[12.0,58.0,13.0,59.0],"autoUv":false},"west":{"texture":"#head","uv":[9.0,58.0,12.0,59.0],"autoUv":false},"up":{"texture":"#head","uv":[9.0,57.0,12.0,58.0],"autoUv":false,"rotation":90},"down":{"texture":"#head","uv":[12.0,60.0,9.0,59.0],"autoUv":false,"rotation":90}},"children":[]},{"name":"R eyebrow 2.004","from":[-3.237868785858,3.788703680038,-2.087386190891],"to":[-3.13308198005,3.93021851778,-1.326036930084],"rotationOrigin":[-3.237868785858,3.788703680038,-1.326036930084],"stepParentName":"b_Head","rotationX":-7.000012005328,"rotationY":-4.6559e-08,"rotationZ":-0.99999849815,"group":"eye-bug1_raised","faces":{"north":{"texture":"#head","uv":[8.0,58.0,9.0,59.0],"autoUv":false},"east":{"texture":"#head","uv":[13.0,58.0,16.0,59.0],"autoUv":false},"south":{"texture":"#head","uv":[12.0,58.0,13.0,59.0],"autoUv":false},"west":{"texture":"#head","uv":[9.0,58.0,12.0,59.0],"autoUv":false},"up":{"texture":"#head","uv":[9.0,57.0,12.0,58.0],"autoUv":false,"rotation":90},"down":{"texture":"#head","uv":[12.0,60.0,9.0,59.0],"autoUv":false,"rotation":90}},"children":[]},{"name":"R whites.004","from":[-3.16201505065,2.163307666779,-1.905543029308],"to":[-2.64293089509,3.148291617632,-0.653509199619],"rotationOrigin":[-2.90247297287,2.655799627304,-1.279526114464],"stepParentName":"b_Head","rotationX":-1.3660375e-05,"rotationY":1e-12,"rotationZ":0.0,"group":"eye-bug1_raised","faces":{"north":{"texture":"#head","uv":[8.0,58.0,10.0,60.0],"autoUv":false},"east":{"texture":"#head","uv":[14.0,58.0,16.0,60.0],"autoUv":false},"south":{"texture":"#head","uv":[12.0,58.0,14.0,60.0],"autoUv":false},"west":{"texture":"#head","uv":[10.0,58.0,12.0,60.0],"autoUv":false},"up":{"texture":"#head","uv":[10.0,56.0,12.0,58.0],"autoUv":false,"rotation":90},"down":{"texture":"#head","uv":[12.0,62.0,10.0,60.0],"autoUv":false,"rotation":90}},"children":[]},{"name":"EyelidR.008","from":[-3.195336103439,2.797575473785,1.931868910789],"to":[-3.085799656808,2.940112575889,2.478160381317],"rotationOrigin":[-3.195336103439,2.797575473785,1.931868910789],"stepParentName":"b_Head","rotationX":101.270682069024,"rotationY":0.0,"rotationZ":-1e-12,"group":"eye-bug1_raised","faces":{"north":{"texture":"#head","uv":[13.0,59.0,12.0,60.0],"autoUv":false},"east":{"texture":"#head","uv":[16.0,59.0,13.0,60.0],"autoUv":false},"south":{"texture":"#head","uv":[9.0,59.0,8.0,60.0],"autoUv":false},"west":{"texture":"#head","uv":[12.0,59.0,9.0,60.0],"autoUv":false},"up":{"texture":"#head","uv":[12.0,58.0,9.0,59.0],"autoUv":false,"rotation":90},"down":{"texture":"#head","uv":[9.0,61.0,12.0,60.0],"autoUv":false,"rotation":90}},"children":[]},{"name":"EyelidR.009","from":[-3.208822011948,3.19260263443,1.81259894371],"to":[-3.099285565317,3.414861947298,2.366625487804],"rotationOrigin":[-3.208822011948,3.19260263443,1.81259894371],"stepParentName":"b_Head","rotationX":82.77929726867,"rotationY":-1e-12,"rotationZ":-1e-12,"group":"eye-bug1_raised","faces":{"north":{"texture":"#head","uv":[13.0,59.0,12.0,60.0],"autoUv":false},"east":{"texture":"#head","uv":[16.0,59.0,13.0,60.0],"autoUv":false},"south":{"texture":"#head","uv":[9.0,59.0,8.0,60.0],"autoUv":false},"west":{"texture":"#head","uv":[12.0,59.0,9.0,60.0],"autoUv":false},"up":{"texture":"#head","uv":[12.0,58.0,9.0,59.0],"autoUv":false,"rotation":90},"down":{"texture":"#head","uv":[9.0,61.0,12.0,60.0],"autoUv":false,"rotation":90}},"children":[]},{"name":"EyelidL.008","from":[-3.195336103439,2.797574520111,-2.486358761787],"to":[-3.085799656808,2.940111622214,-1.94006729126],"rotationOrigin":[-3.195336103439,2.797574520111,-1.94006729126],"stepParentName":"b_Head","rotationX":-101.270688899213,"rotationY":0.0,"rotationZ":1e-12,"group":"eye-bug1_raised","faces":{"north":{"texture":"#head","uv":[8.0,59.0,9.0,60.0],"autoUv":false},"east":{"texture":"#head","uv":[13.0,59.0,16.0,60.0],"autoUv":false},"south":{"texture":"#head","uv":[12.0,59.0,13.0,60.0],"autoUv":false},"west":{"texture":"#head","uv":[9.0,59.0,12.0,60.0],"autoUv":false},"up":{"texture":"#head","uv":[9.0,58.0,12.0,59.0],"autoUv":false,"rotation":90},"down":{"texture":"#head","uv":[12.0,61.0,9.0,60.0],"autoUv":false,"rotation":90}},"children":[]},{"name":"EyelidL.009","from":[-3.208822011948,3.192601680756,-2.374823868275],"to":[-3.099285565317,3.414860993624,-1.820797324181],"rotationOrigin":[-3.208822011948,3.192601680756,-1.820797324181],"stepParentName":"b_Head","rotationX":-82.779310929048,"rotationY":-1e-12,"rotationZ":1e-12,"group":"eye-bug1_raised","faces":{"north":{"texture":"#head","uv":[8.0,59.0,9.0,60.0],"autoUv":false},"east":{"texture":"#head","uv":[13.0,59.0,16.0,60.0],"autoUv":false},"south":{"texture":"#head","uv":[12.0,59.0,13.0,60.0],"autoUv":false},"west":{"texture":"#head","uv":[9.0,59.0,12.0,60.0],"autoUv":false},"up":{"texture":"#head","uv":[9.0,58.0,12.0,59.0],"autoUv":false,"rotation":90},"down":{"texture":"#head","uv":[12.0,61.0,9.0,60.0],"autoUv":false,"rotation":90}},"children":[]}],"groups":[]}