{"textureWidth":64,"textureHeight":64,"textures":{},"textureSizes":{"head":[64,64]},"elements":[{"name":"MeshHead.006","from":[-3.107491850853,0.451390743256,-2.171022615275],"to":[1.197614312172,4.227285861969,2.17102173821],"rotationOrigin":[-0.954938769341,2.339338302612,-4.38532e-07],"stepParentName":"b_Head","rotationX":-1.3660375e-05,"rotationY":1e-12,"rotationZ":0.0,"group":"head-bird0","faces":{"north":{"texture":"#head","uv":[1.0,1.0,8.0,7.0],"autoUv":false},"east":{"texture":"#head","uv":[21.0,1.0,27.0,7.0],"autoUv":false},"south":{"texture":"#head","uv":[14.0,1.0,21.0,7.0],"autoUv":false},"west":{"texture":"#head","uv":[8.0,1.0,14.0,7.0],"autoUv":false},"up":{"texture":"#head","uv":[2.0,7.0,8.0,14.0],"autoUv":false,"rotation":90},"down":{"texture":"#head","uv":[14.0,14.0,8.0,7.0],"autoUv":false,"rotation":90}},"children":[]},{"name":"MeshNeck.005","from":[-1.680840969086,-2.13113451004,-1.499999909828],"to":[1.31915974617,1.868866443634,1.500000090172],"rotationOrigin":[-0.180840611458,-0.131134033203,9.0172e-08],"stepParentName":"b_Head","rotationX":-1.4533892e-05,"rotationY":1.1099057e-05,"rotationZ":9.00004293913,"group":"head-bird0","faces":{"north":{"texture":"#head","uv":[14.0,3.0,23.0,14.0],"autoUv":false},"east":{"texture":"#head","uv":[14.0,3.0,23.0,14.0],"autoUv":false},"south":{"texture":"#head","uv":[14.0,3.0,23.0,14.0],"autoUv":false},"west":{"texture":"#head","uv":[23.0,3.0,31.0,14.0],"autoUv":false},"up":{"texture":"#head","uv":[23.0,0.0,31.0,9.0],"autoUv":false,"rotation":90},"down":{"texture":"#head","uv":[31.0,9.0,23.0,0.0],"autoUv":false,"rotation":270}},"children":[]},{"name":"Head","from":[-2.079614400864,0.007338894997,-2.444090127945],"to":[-2.079614400864,0.007338894997,-2.444090127945],"rotationOrigin":[-2.079614400864,0.007338894997,-2.444090127945],"rotationX":-1.3660375e-05,"rotationY":1e-12,"rotationZ":0.0,"faces":{"north":{"texture":"#null","uv":[0.0,0.0,0.0,0.0],"enabled":false},"east":{"texture":"#null","uv":[0.0,0.0,0.0,0.0],"enabled":false},"south":{"texture":"#null","uv":[0.0,0.0,0.0,0.0],"enabled":false},"west":{"texture":"#null","uv":[0.0,0.0,0.0,0.0],"enabled":false},"up":{"texture":"#null","uv":[0.0,0.0,0.0,0.0],"enabled":false},"down":{"texture":"#null","uv":[0.0,0.0,0.0,0.0],"enabled":false}},"children":[],"stepParentName":"b_Head"},{"name":"MeshMouthR.072","from":[-3.816387283685,0.897600894797,0.174806080991],"to":[-2.886155129434,2.178708439596,0.535657163908],"rotationOrigin":[-3.351271152496,1.53815472126,0.355231642723],"stepParentName":"b_Head","rotationX":109.263014265936,"rotationY":2.347296320782,"rotationZ":-91.286482295028,"group":"head-bird0","faces":{"north":{"texture":"#head","uv":[57.0,7.0,60.0,11.0],"autoUv":false},"east":{"texture":"#head","uv":[56.0,11.0,57.0,12.0],"autoUv":false,"rotation":90},"south":{"texture":"#head","uv":[57.0,12.0,60.0,15.0],"autoUv":false,"rotation":180},"west":{"texture":"#head","uv":[60.0,11.0,61.0,12.0],"autoUv":false,"rotation":270},"up":{"texture":"#head","uv":[57.0,11.0,60.0,12.0],"autoUv":false},"down":{"texture":"#head","uv":[60.0,12.0,57.0,11.0],"autoUv":false,"rotation":180}},"children":[]},{"name":"MeshMouthR.075","from":[-5.204478234807,0.790783053689,0.10156071406],"to":[-4.631356232683,1.364581900862,0.316915486163],"rotationOrigin":[-4.917917251587,1.077682495117,0.209238126874],"stepParentName":"b_Head","rotationX":-51.593292141079,"rotationY":-48.50516554183,"rotationZ":-61.422190488821,"group":"head-bird0","faces":{"north":{"texture":"#head","uv":[60.0,7.0,57.0,11.0],"autoUv":false},"east":{"texture":"#head","uv":[56.0,11.0,57.0,12.0],"autoUv":false,"rotation":90},"south":{"texture":"#head","uv":[60.0,12.0,57.0,15.0],"autoUv":false,"rotation":180},"west":{"texture":"#head","uv":[60.0,11.0,61.0,12.0],"autoUv":false,"rotation":270},"up":{"texture":"#head","uv":[60.0,11.0,57.0,12.0],"autoUv":false},"down":{"texture":"#head","uv":[57.0,12.0,60.0,11.0],"autoUv":false,"rotation":180}},"children":[]},{"name":"MeshMouthR.069","from":[-4.405863277986,1.357269828691,0.226140650643],"to":[-4.268886191014,1.751601653435,0.370581394269],"rotationOrigin":[-4.337374687195,1.55443584919,0.298361063004],"stepParentName":"b_Head","rotationX":120.703813352139,"rotationY":18.017116954956,"rotationZ":-95.472179312763,"group":"head-bird0","faces":{"north":{"texture":"#head","uv":[10.0,60.0,11.0,61.0],"autoUv":false},"east":{"texture":"#head","uv":[10.0,61.0,10.0,61.0],"autoUv":false,"rotation":270},"south":{"texture":"#head","uv":[10.0,61.0,11.0,62.0],"autoUv":false,"rotation":180},"west":{"texture":"#head","uv":[11.0,61.0,11.0,61.0],"autoUv":false,"rotation":90},"up":{"texture":"#head","uv":[10.0,61.0,11.0,61.0],"autoUv":false,"rotation":90},"down":{"texture":"#head","uv":[11.0,61.0,10.0,61.0],"autoUv":false,"rotation":270}},"children":[]},{"name":"MeshMouthR.073","from":[-4.786808359753,0.8923511186,0.14980561165],"to":[-3.976538359395,1.891264232123,0.464131838399],"rotationOrigin":[-4.381673336029,1.391807675362,0.306968748569],"stepParentName":"b_Head","rotationX":114.270505984228,"rotationY":15.694907278665,"rotationZ":-98.157372562305,"group":"head-bird0","faces":{"north":{"texture":"#head","uv":[57.0,7.0,60.0,11.0],"autoUv":false},"east":{"texture":"#head","uv":[56.0,11.0,57.0,12.0],"autoUv":false,"rotation":90},"south":{"texture":"#head","uv":[57.0,12.0,60.0,15.0],"autoUv":false,"rotation":180},"west":{"texture":"#head","uv":[60.0,11.0,61.0,12.0],"autoUv":false,"rotation":270},"up":{"texture":"#head","uv":[57.0,11.0,60.0,12.0],"autoUv":false},"down":{"texture":"#head","uv":[60.0,12.0,57.0,11.0],"autoUv":false,"rotation":180}},"children":[]},{"name":"MeshMouthR.080","from":[-3.991825175284,1.357729041093,-0.82034965222],"to":[-2.710717606546,1.718580005685,0.10988256316],"rotationOrigin":[-3.351271390915,1.538154482841,-0.355233490467],"stepParentName":"b_Head","rotationX":-19.210347587862,"rotationY":-1.285421111229,"rotationZ":-177.652113821386,"group":"head-bird0","faces":{"north":{"texture":"#head","uv":[61.0,11.0,60.0,12.0],"autoUv":false,"rotation":180},"east":{"texture":"#head","uv":[60.0,11.0,57.0,12.0],"autoUv":false,"rotation":180},"south":{"texture":"#head","uv":[57.0,11.0,56.0,12.0],"autoUv":false,"rotation":180},"west":{"texture":"#head","uv":[60.0,11.0,57.0,12.0],"autoUv":false,"rotation":180},"up":{"texture":"#head","uv":[60.0,12.0,57.0,15.0],"autoUv":false,"rotation":90},"down":{"texture":"#head","uv":[57.0,11.0,60.0,7.0],"autoUv":false,"rotation":270}},"children":[]},{"name":"MeshMouthR.081","from":[-5.204816664451,0.970005093023,-0.495799102941],"to":[-4.631017820881,1.185359897211,0.077322884877],"rotationOrigin":[-4.917917251587,1.077682495117,-0.209238126874],"stepParentName":"b_Head","rotationX":-16.211261042181,"rotationY":161.522430851104,"rotationZ":-52.160064653501,"group":"head-bird0","faces":{"north":{"texture":"#head","uv":[61.0,11.0,60.0,12.0],"autoUv":false},"east":{"texture":"#head","uv":[60.0,11.0,57.0,12.0],"autoUv":false},"south":{"texture":"#head","uv":[57.0,11.0,56.0,12.0],"autoUv":false},"west":{"texture":"#head","uv":[60.0,11.0,57.0,12.0],"autoUv":false},"up":{"texture":"#head","uv":[60.0,12.0,57.0,15.0],"autoUv":false,"rotation":270},"down":{"texture":"#head","uv":[57.0,11.0,60.0,7.0],"autoUv":false,"rotation":90}},"children":[]},{"name":"MeshMouthR.082","from":[-4.534540936904,1.482215247728,-0.366850185736],"to":[-4.140208869993,1.626655973814,-0.229873121281],"rotationOrigin":[-4.337374687195,1.554435610771,-0.298361599445],"stepParentName":"b_Head","rotationX":-29.006624952129,"rotationY":-5.203106201687,"rotationZ":-161.905727406947,"group":"head-bird0","faces":{"north":{"texture":"#head","uv":[11.0,61.0,11.0,61.0],"autoUv":false,"rotation":90},"east":{"texture":"#head","uv":[10.0,61.0,11.0,61.0],"autoUv":false},"south":{"texture":"#head","uv":[10.0,61.0,10.0,61.0],"autoUv":false,"rotation":90},"west":{"texture":"#head","uv":[10.0,61.0,11.0,61.0],"autoUv":false},"up":{"texture":"#head","uv":[11.0,61.0,10.0,62.0],"autoUv":false,"rotation":90},"down":{"texture":"#head","uv":[10.0,61.0,11.0,60.0],"autoUv":false,"rotation":270}},"children":[]},{"name":"MeshMouthR.083","from":[-4.881130463807,1.234646160282,-0.712104339301],"to":[-3.882217256105,1.548972481212,0.098165675098],"rotationOrigin":[-4.381673812866,1.391809344292,-0.306969285011],"stepParentName":"b_Head","rotationX":-22.049930433403,"rotationY":-7.851274276399,"rotationZ":-164.152709379719,"group":"head-bird0","faces":{"north":{"texture":"#head","uv":[61.0,11.0,60.0,12.0],"autoUv":false,"rotation":180},"east":{"texture":"#head","uv":[60.0,11.0,57.0,12.0],"autoUv":false,"rotation":180},"south":{"texture":"#head","uv":[57.0,11.0,56.0,12.0],"autoUv":false,"rotation":180},"west":{"texture":"#head","uv":[60.0,11.0,57.0,12.0],"autoUv":false,"rotation":180},"up":{"texture":"#head","uv":[60.0,12.0,57.0,15.0],"autoUv":false,"rotation":90},"down":{"texture":"#head","uv":[57.0,11.0,60.0,7.0],"autoUv":false,"rotation":270}},"children":[]},{"name":"FluffR.014","from":[-2.299852490425,0.0078125,-2.768768250942],"to":[-0.580006957054,3.063952326775,-1.784766376019],"rotationOrigin":[-1.43992972374,1.535882353783,-2.276767253876],"stepParentName":"b_Head","rotationX":-1.600595708167,"rotationY":21.550814359805,"rotationZ":-81.945925397469,"group":"fluff.003","faces":{"north":{"texture":"#head","uv":[27.0,22.0,30.0,28.0],"autoUv":false,"rotation":180},"east":{"texture":"#head","uv":[21.0,20.0,19.0,27.0],"autoUv":false,"rotation":180},"south":{"texture":"#head","uv":[22.0,21.0,19.0,27.0],"autoUv":false,"rotation":180},"west":{"texture":"#head","uv":[19.0,21.0,21.0,27.0],"autoUv":false,"rotation":180},"up":{"texture":"head","uv":[49.0,57.0,55.0,63.0],"autoUv":false,"rotation":90,"enabled":false},"down":{"texture":"#head","uv":[5.0,24.0,4.0,16.0],"autoUv":false,"rotation":90}},"children":[]},{"name":"FluffR.015","from":[-2.26816213131,3.079944133759,-1.694944882632],"to":[-1.543558239937,5.37206697464,1.694946264981],"rotationOrigin":[-1.905860185623,4.226005554199,6.91175e-07],"stepParentName":"b_Head","rotationX":-1.3660378e-05,"rotationY":0.0,"rotationZ":-72.85281942335,"group":"fluff.003","faces":{"north":{"texture":"#head","uv":[21.0,20.0,19.0,27.0],"autoUv":false,"rotation":180},"east":{"texture":"#head","uv":[27.0,21.0,20.0,27.0],"autoUv":false,"rotation":180},"south":{"texture":"#head","uv":[19.0,18.0,21.0,27.0],"autoUv":false,"rotation":180},"west":{"texture":"#head","uv":[20.0,21.0,27.0,27.0],"autoUv":false,"rotation":180},"up":{"texture":"head","uv":[49.0,57.0,55.0,63.0],"autoUv":false,"enabled":false},"down":{"texture":"#head","uv":[5.0,24.0,4.0,16.0],"autoUv":false,"rotation":180}},"children":[]},{"name":"FluffR.016","from":[-1.329307079315,3.061051845551,-1.694944878128],"to":[-0.604703187943,5.353174686432,1.694946269486],"rotationOrigin":[-0.967005133629,4.207113265991,6.95679e-07],"stepParentName":"b_Head","rotationX":-1.3660378e-05,"rotationY":1e-12,"rotationZ":-68.380712083149,"group":"fluff.003","faces":{"north":{"texture":"#head","uv":[21.0,20.0,19.0,27.0],"autoUv":false,"rotation":180},"east":{"texture":"#head","uv":[28.0,21.0,21.0,27.0],"autoUv":false,"rotation":180},"south":{"texture":"#head","uv":[19.0,18.0,21.0,27.0],"autoUv":false,"rotation":180},"west":{"texture":"#head","uv":[18.0,21.0,25.0,27.0],"autoUv":false,"rotation":180},"up":{"texture":"head","uv":[49.0,57.0,55.0,63.0],"autoUv":false,"enabled":false},"down":{"texture":"#head","uv":[5.0,24.0,4.0,16.0],"autoUv":false,"rotation":180}},"children":[]},{"name":"FluffR.017","from":[-2.967995166779,1.043880611181,1.416843295097],"to":[0.088145136833,2.027882427454,3.136689245701],"rotationOrigin":[-1.439924836159,1.535881638527,2.276766300201],"stepParentName":"b_Head","rotationX":88.625146896257,"rotationY":7.487658056876,"rotationZ":-158.25454050309,"group":"fluff.003","faces":{"north":{"texture":"#head","uv":[21.0,21.0,19.0,27.0],"autoUv":false,"rotation":270},"east":{"texture":"#head","uv":[5.0,16.0,4.0,24.0],"autoUv":false,"rotation":270},"south":{"texture":"#head","uv":[19.0,20.0,21.0,27.0],"autoUv":false,"rotation":90},"west":{"texture":"head","uv":[55.0,57.0,49.0,63.0],"autoUv":false,"rotation":90,"enabled":false},"up":{"texture":"#head","uv":[19.0,21.0,22.0,27.0],"autoUv":false,"rotation":90},"down":{"texture":"#head","uv":[27.0,28.0,30.0,22.0],"autoUv":false,"rotation":90}},"children":[]},{"name":"FluffR.041","from":[-2.86140781952,2.599245377383,1.311653209438],"to":[0.107696725312,3.555223765225,2.982519496479],"rotationOrigin":[-1.376855373383,3.077234745026,2.147086381912],"stepParentName":"b_Head","rotationX":88.634032972367,"rotationY":3.694916763131,"rotationZ":-158.345983075698,"group":"fluff.003","faces":{"north":{"texture":"#head","uv":[21.0,21.0,19.0,27.0],"autoUv":false,"rotation":270},"east":{"texture":"#head","uv":[5.0,16.0,4.0,24.0],"autoUv":false,"rotation":270},"south":{"texture":"#head","uv":[19.0,20.0,21.0,27.0],"autoUv":false,"rotation":90},"west":{"texture":"head","uv":[55.0,57.0,49.0,63.0],"autoUv":false,"rotation":90,"enabled":false},"up":{"texture":"#head","uv":[19.0,21.0,22.0,27.0],"autoUv":false,"rotation":90},"down":{"texture":"#head","uv":[27.0,28.0,30.0,22.0],"autoUv":false,"rotation":90}},"children":[]},{"name":"FluffR.042","from":[-1.672426465283,2.59924543529,1.102962566128],"to":[1.296678079548,3.555223823132,2.773828853169],"rotationOrigin":[-0.187874019146,3.077234745026,1.938395738602],"stepParentName":"b_Head","rotationX":88.634032972367,"rotationY":3.694916763131,"rotationZ":-158.345983075698,"group":"fluff.003","faces":{"north":{"texture":"#head","uv":[21.0,21.0,19.0,27.0],"autoUv":false,"rotation":270},"east":{"texture":"#head","uv":[5.0,16.0,4.0,24.0],"autoUv":false,"rotation":270},"south":{"texture":"#head","uv":[19.0,20.0,21.0,27.0],"autoUv":false,"rotation":90},"west":{"texture":"head","uv":[55.0,57.0,49.0,63.0],"autoUv":false,"rotation":90,"enabled":false},"up":{"texture":"#head","uv":[19.0,21.0,22.0,27.0],"autoUv":false,"rotation":90},"down":{"texture":"#head","uv":[27.0,28.0,30.0,22.0],"autoUv":false,"rotation":90}},"children":[]},{"name":"FluffR.043","from":[-1.672426465283,0.830770856433,1.102962923756],"to":[1.296678079548,1.786749244275,2.773829210796],"rotationOrigin":[-0.187874019146,1.308760166168,1.93839609623],"stepParentName":"b_Head","rotationX":88.634032972367,"rotationY":3.694916763131,"rotationZ":-158.345983075698,"group":"fluff.003","faces":{"north":{"texture":"#head","uv":[21.0,21.0,19.0,27.0],"autoUv":false,"rotation":270},"east":{"texture":"#head","uv":[5.0,16.0,4.0,24.0],"autoUv":false,"rotation":270},"south":{"texture":"#head","uv":[19.0,20.0,21.0,27.0],"autoUv":false,"rotation":90},"west":{"texture":"head","uv":[55.0,57.0,49.0,63.0],"autoUv":false,"rotation":90,"enabled":false},"up":{"texture":"#head","uv":[19.0,21.0,22.0,27.0],"autoUv":false,"rotation":90},"down":{"texture":"#head","uv":[27.0,28.0,30.0,22.0],"autoUv":false,"rotation":90}},"children":[]},{"name":"FluffR.044","from":[-3.036027583707,3.538895050093,1.392920444052],"to":[-0.806379426931,4.256786642425,2.647656924114],"rotationOrigin":[-1.921203374863,3.897840976715,2.020288705826],"stepParentName":"b_Head","rotationX":47.817235718816,"rotationY":-2.911907718662,"rotationZ":-159.784052084688,"group":"fluff.003","faces":{"north":{"texture":"#head","uv":[21.0,21.0,19.0,27.0],"autoUv":false,"rotation":270},"east":{"texture":"#head","uv":[5.0,16.0,4.0,24.0],"autoUv":false,"rotation":270},"south":{"texture":"#head","uv":[19.0,20.0,21.0,27.0],"autoUv":false,"rotation":90},"west":{"texture":"head","uv":[55.0,57.0,49.0,63.0],"autoUv":false,"rotation":90,"enabled":false},"up":{"texture":"#head","uv":[19.0,21.0,22.0,27.0],"autoUv":false,"rotation":90},"down":{"texture":"#head","uv":[27.0,28.0,30.0,22.0],"autoUv":false,"rotation":90}},"children":[]},{"name":"FluffR.045","from":[-0.187617182732,3.061051845551,-1.694944878128],"to":[0.536986708641,5.353174686432,1.694946269486],"rotationOrigin":[0.174684762955,4.207113265991,6.95679e-07],"stepParentName":"b_Head","rotationX":-1.3660378e-05,"rotationY":1e-12,"rotationZ":-68.380712083149,"group":"fluff.003","faces":{"north":{"texture":"#head","uv":[21.0,20.0,19.0,27.0],"autoUv":false,"rotation":180},"east":{"texture":"#head","uv":[28.0,21.0,21.0,27.0],"autoUv":false,"rotation":180},"south":{"texture":"#head","uv":[19.0,18.0,21.0,27.0],"autoUv":false,"rotation":180},"west":{"texture":"#head","uv":[18.0,21.0,25.0,27.0],"autoUv":false,"rotation":180},"up":{"texture":"head","uv":[49.0,57.0,55.0,63.0],"autoUv":false,"enabled":false},"down":{"texture":"#head","uv":[5.0,24.0,4.0,16.0],"autoUv":false,"rotation":180}},"children":[]},{"name":"FluffR.046","from":[-1.303455206979,3.870891967818,1.457987496894],"to":[0.926192949798,4.58878356015,2.712723976955],"rotationOrigin":[-0.188630998135,4.22983789444,2.085355758667],"stepParentName":"b_Head","rotationX":47.945718407293,"rotationY":-4.665975002716,"rotationZ":-157.840057303497,"group":"fluff.003","faces":{"north":{"texture":"#head","uv":[21.0,21.0,19.0,27.0],"autoUv":false,"rotation":270},"east":{"texture":"#head","uv":[5.0,16.0,4.0,24.0],"autoUv":false,"rotation":270},"south":{"texture":"#head","uv":[19.0,20.0,21.0,27.0],"autoUv":false,"rotation":90},"west":{"texture":"head","uv":[55.0,57.0,49.0,63.0],"autoUv":false,"rotation":90,"enabled":false},"up":{"texture":"#head","uv":[19.0,21.0,22.0,27.0],"autoUv":false,"rotation":90},"down":{"texture":"#head","uv":[27.0,28.0,30.0,22.0],"autoUv":false,"rotation":90}},"children":[]},{"name":"FluffR.047","from":[-0.074821862806,3.680340210005,1.457987496894],"to":[2.154826293971,4.398231802337,2.712723976955],"rotationOrigin":[1.040002346039,4.039286136627,2.085355758667],"stepParentName":"b_Head","rotationX":47.945718407293,"rotationY":-4.665975002716,"rotationZ":-157.840057303497,"group":"fluff.003","faces":{"north":{"texture":"#head","uv":[21.0,21.0,19.0,27.0],"autoUv":false,"rotation":270},"east":{"texture":"#head","uv":[5.0,16.0,4.0,24.0],"autoUv":false,"rotation":270},"south":{"texture":"#head","uv":[19.0,20.0,21.0,27.0],"autoUv":false,"rotation":90},"west":{"texture":"head","uv":[55.0,57.0,49.0,63.0],"autoUv":false,"rotation":90,"enabled":false},"up":{"texture":"#head","uv":[19.0,21.0,22.0,27.0],"autoUv":false,"rotation":90},"down":{"texture":"#head","uv":[27.0,28.0,30.0,22.0],"autoUv":false,"rotation":90}},"children":[]},{"name":"FluffR.048","from":[-0.325093570481,2.164612122378,1.311653209438],"to":[2.64401097435,3.12059051022,2.982519496479],"rotationOrigin":[1.159458875656,2.642601490021,2.147086381912],"stepParentName":"b_Head","rotationX":88.634032972367,"rotationY":3.694916763131,"rotationZ":-158.345983075698,"group":"fluff.003","faces":{"north":{"texture":"#head","uv":[21.0,21.0,19.0,27.0],"autoUv":false,"rotation":270},"east":{"texture":"#head","uv":[5.0,16.0,4.0,24.0],"autoUv":false,"rotation":270},"south":{"texture":"#head","uv":[19.0,20.0,21.0,27.0],"autoUv":false,"rotation":90},"west":{"texture":"head","uv":[55.0,57.0,49.0,63.0],"autoUv":false,"rotation":90,"enabled":false},"up":{"texture":"#head","uv":[19.0,21.0,22.0,27.0],"autoUv":false,"rotation":90},"down":{"texture":"#head","uv":[27.0,28.0,30.0,22.0],"autoUv":false,"rotation":90}},"children":[]},{"name":"FluffR.049","from":[-0.325093570481,0.711633988223,1.311653686275],"to":[2.64401097435,1.667612376065,2.982519973316],"rotationOrigin":[1.159458875656,1.189623355865,2.147086858749],"stepParentName":"b_Head","rotationX":88.634032972367,"rotationY":3.694916763131,"rotationZ":-158.345983075698,"group":"fluff.003","faces":{"north":{"texture":"#head","uv":[21.0,21.0,19.0,27.0],"autoUv":false,"rotation":270},"east":{"texture":"#head","uv":[5.0,16.0,4.0,24.0],"autoUv":false,"rotation":270},"south":{"texture":"#head","uv":[19.0,20.0,21.0,27.0],"autoUv":false,"rotation":90},"west":{"texture":"head","uv":[55.0,57.0,49.0,63.0],"autoUv":false,"rotation":90,"enabled":false},"up":{"texture":"#head","uv":[19.0,21.0,22.0,27.0],"autoUv":false,"rotation":90},"down":{"texture":"#head","uv":[27.0,28.0,30.0,22.0],"autoUv":false,"rotation":90}},"children":[]},{"name":"FluffR.050","from":[0.073179659118,0.711633749804,0.141640973797],"to":[3.042284203949,1.667612137647,1.812507260838],"rotationOrigin":[1.557732105255,1.189623117447,0.977074146271],"stepParentName":"b_Head","rotationX":89.160722519645,"rotationY":3.848681396821,"rotationZ":-166.339121234932,"group":"fluff.003","faces":{"north":{"texture":"#head","uv":[21.0,21.0,19.0,27.0],"autoUv":false,"rotation":270},"east":{"texture":"#head","uv":[5.0,16.0,4.0,24.0],"autoUv":false,"rotation":270},"south":{"texture":"#head","uv":[19.0,20.0,21.0,27.0],"autoUv":false,"rotation":90},"west":{"texture":"head","uv":[55.0,57.0,49.0,63.0],"autoUv":false,"rotation":90,"enabled":false},"up":{"texture":"#head","uv":[19.0,21.0,22.0,27.0],"autoUv":false,"rotation":90},"down":{"texture":"#head","uv":[27.0,28.0,30.0,22.0],"autoUv":false,"rotation":90}},"children":[]},{"name":"FluffR.051","from":[0.073179659118,2.329067297778,0.141640616169],"to":[3.042284203949,3.28504568562,1.81250690321],"rotationOrigin":[1.557732105255,2.807056665421,0.977073788643],"stepParentName":"b_Head","rotationX":88.568060175174,"rotationY":3.669890523125,"rotationZ":-157.318763605663,"group":"fluff.003","faces":{"north":{"texture":"#head","uv":[21.0,21.0,19.0,27.0],"autoUv":false,"rotation":270},"east":{"texture":"#head","uv":[5.0,16.0,4.0,24.0],"autoUv":false,"rotation":270},"south":{"texture":"#head","uv":[19.0,20.0,21.0,27.0],"autoUv":false,"rotation":90},"west":{"texture":"head","uv":[55.0,57.0,49.0,63.0],"autoUv":false,"rotation":90,"enabled":false},"up":{"texture":"#head","uv":[19.0,21.0,22.0,27.0],"autoUv":false,"rotation":90},"down":{"texture":"#head","uv":[27.0,28.0,30.0,22.0],"autoUv":false,"rotation":90}},"children":[]},{"name":"FluffR.052","from":[-0.04890781952,3.702396221957,0.042384398689],"to":[2.920196725312,4.658374609799,1.71325068573],"rotationOrigin":[1.435644626617,4.1803855896,0.877817571163],"stepParentName":"b_Head","rotationX":13.661166373101,"rotationY":0.155554330015,"rotationZ":-166.856289498507,"group":"fluff.003","faces":{"north":{"texture":"#head","uv":[21.0,21.0,19.0,27.0],"autoUv":false,"rotation":270},"east":{"texture":"#head","uv":[5.0,16.0,4.0,24.0],"autoUv":false,"rotation":270},"south":{"texture":"#head","uv":[19.0,20.0,21.0,27.0],"autoUv":false,"rotation":90},"west":{"texture":"head","uv":[55.0,57.0,49.0,63.0],"autoUv":false,"rotation":90,"enabled":false},"up":{"texture":"#head","uv":[19.0,21.0,22.0,27.0],"autoUv":false,"rotation":90},"down":{"texture":"#head","uv":[27.0,28.0,30.0,22.0],"autoUv":false,"rotation":90}},"children":[]},{"name":"FluffR.053","from":[1.654382109642,1.847817897797,-1.69494458887],"to":[2.378986001015,4.139940738678,1.694946558743],"rotationOrigin":[2.016684055328,2.993879318237,9.84936e-07],"stepParentName":"b_Head","rotationX":-1.3660374e-05,"rotationY":0.0,"rotationZ":-69.880416719209,"group":"fluff.003","faces":{"north":{"texture":"#head","uv":[21.0,20.0,19.0,27.0],"autoUv":false,"rotation":180},"east":{"texture":"#head","uv":[28.0,21.0,21.0,27.0],"autoUv":false,"rotation":180},"south":{"texture":"#head","uv":[19.0,18.0,21.0,27.0],"autoUv":false,"rotation":180},"west":{"texture":"#head","uv":[18.0,21.0,25.0,27.0],"autoUv":false,"rotation":180},"up":{"texture":"head","uv":[49.0,57.0,55.0,63.0],"autoUv":false,"enabled":false},"down":{"texture":"#head","uv":[5.0,24.0,4.0,16.0],"autoUv":false,"rotation":180}},"children":[]},{"name":"FluffR.054","from":[1.654382109642,0.671937465668,-1.694944308519],"to":[2.378986001015,2.964060306549,1.694946839094],"rotationOrigin":[2.016684055328,1.817998886108,1.265288e-06],"stepParentName":"b_Head","rotationX":-1.3660374e-05,"rotationY":0.0,"rotationZ":-69.880416719209,"group":"fluff.003","faces":{"north":{"texture":"#head","uv":[21.0,20.0,19.0,27.0],"autoUv":false,"rotation":180},"east":{"texture":"#head","uv":[28.0,21.0,21.0,27.0],"autoUv":false,"rotation":180},"south":{"texture":"#head","uv":[19.0,18.0,21.0,27.0],"autoUv":false,"rotation":180},"west":{"texture":"#head","uv":[18.0,21.0,25.0,27.0],"autoUv":false,"rotation":180},"up":{"texture":"head","uv":[49.0,57.0,55.0,63.0],"autoUv":false,"enabled":false},"down":{"texture":"#head","uv":[5.0,24.0,4.0,16.0],"autoUv":false,"rotation":180}},"children":[]},{"name":"FluffR.055","from":[-0.048906346427,3.702394691005,-1.713252296753],"to":[2.920197255012,4.658373049894,-0.042386009712],"rotationOrigin":[1.435645222664,4.180383682251,-0.877819240093],"stepParentName":"b_Head","rotationX":-13.661194547631,"rotationY":-0.155554716882,"rotationZ":13.143717217996,"group":"fluff.003","faces":{"north":{"texture":"#head","uv":[21.0,20.0,19.0,27.0],"autoUv":false,"rotation":90},"east":{"texture":"head","uv":[49.0,57.0,55.0,63.0],"autoUv":false,"rotation":90,"enabled":false},"south":{"texture":"#head","uv":[19.0,21.0,21.0,27.0],"autoUv":false,"rotation":270},"west":{"texture":"#head","uv":[4.0,16.0,5.0,24.0],"autoUv":false,"rotation":270},"up":{"texture":"#head","uv":[27.0,22.0,30.0,28.0],"autoUv":false,"rotation":270},"down":{"texture":"#head","uv":[19.0,27.0,22.0,21.0],"autoUv":false,"rotation":270}},"children":[]},{"name":"FluffR.056","from":[-2.861407973648,2.599244393639,-2.982521410479],"to":[0.107696620652,3.555223189063,-1.311655168042],"rotationOrigin":[-1.37685585022,3.077233791351,-2.147088289261],"stepParentName":"b_Head","rotationX":-88.634053462935,"rotationY":-3.694902675866,"rotationZ":21.654329291771,"group":"fluff.003","faces":{"north":{"texture":"#head","uv":[21.0,20.0,19.0,27.0],"autoUv":false,"rotation":90},"east":{"texture":"head","uv":[49.0,57.0,55.0,63.0],"autoUv":false,"rotation":90,"enabled":false},"south":{"texture":"#head","uv":[19.0,21.0,21.0,27.0],"autoUv":false,"rotation":270},"west":{"texture":"#head","uv":[4.0,16.0,5.0,24.0],"autoUv":false,"rotation":270},"up":{"texture":"#head","uv":[27.0,22.0,30.0,28.0],"autoUv":false,"rotation":270},"down":{"texture":"#head","uv":[19.0,27.0,22.0,21.0],"autoUv":false,"rotation":270}},"children":[]},{"name":"FluffR.057","from":[-1.672426349469,2.599248497872,-2.773829994006],"to":[1.29667865862,3.555227119575,-1.102963751569],"rotationOrigin":[-0.187874019146,3.077237606049,-1.938396930695],"stepParentName":"b_Head","rotationX":-88.634046632746,"rotationY":-3.694906090961,"rotationZ":21.654329291771,"group":"fluff.003","faces":{"north":{"texture":"#head","uv":[21.0,20.0,19.0,27.0],"autoUv":false,"rotation":90},"east":{"texture":"head","uv":[49.0,57.0,55.0,63.0],"autoUv":false,"rotation":90,"enabled":false},"south":{"texture":"#head","uv":[19.0,21.0,21.0,27.0],"autoUv":false,"rotation":270},"west":{"texture":"#head","uv":[4.0,16.0,5.0,24.0],"autoUv":false,"rotation":270},"up":{"texture":"#head","uv":[27.0,22.0,30.0,28.0],"autoUv":false,"rotation":270},"down":{"texture":"#head","uv":[19.0,27.0,22.0,21.0],"autoUv":false,"rotation":270}},"children":[]},{"name":"FluffR.058","from":[-1.672426233654,0.830769988503,-2.773829636378],"to":[1.296678774434,1.78674863916,-1.102963393941],"rotationOrigin":[-0.187874019146,1.308759212494,-1.938396573067],"stepParentName":"b_Head","rotationX":-88.634046632746,"rotationY":-3.694906090961,"rotationZ":21.654329291771,"group":"fluff.003","faces":{"north":{"texture":"#head","uv":[21.0,20.0,19.0,27.0],"autoUv":false,"rotation":90},"east":{"texture":"head","uv":[49.0,57.0,55.0,63.0],"autoUv":false,"rotation":90,"enabled":false},"south":{"texture":"#head","uv":[19.0,21.0,21.0,27.0],"autoUv":false,"rotation":270},"west":{"texture":"#head","uv":[4.0,16.0,5.0,24.0],"autoUv":false,"rotation":270},"up":{"texture":"#head","uv":[27.0,22.0,30.0,28.0],"autoUv":false,"rotation":270},"down":{"texture":"#head","uv":[19.0,27.0,22.0,21.0],"autoUv":false,"rotation":270}},"children":[]},{"name":"FluffR.059","from":[-3.036027735155,3.538896162543,-2.647659213559],"to":[-0.806379317466,4.256787872177,-1.392922618581],"rotationOrigin":[-1.921203613281,3.897841930389,-2.020291090012],"stepParentName":"b_Head","rotationX":-47.817249379194,"rotationY":2.911904090124,"rotationZ":20.215958046911,"group":"fluff.003","faces":{"north":{"texture":"#head","uv":[21.0,20.0,19.0,27.0],"autoUv":false,"rotation":90},"east":{"texture":"head","uv":[49.0,57.0,55.0,63.0],"autoUv":false,"rotation":90,"enabled":false},"south":{"texture":"#head","uv":[19.0,21.0,21.0,27.0],"autoUv":false,"rotation":270},"west":{"texture":"#head","uv":[4.0,16.0,5.0,24.0],"autoUv":false,"rotation":270},"up":{"texture":"#head","uv":[27.0,22.0,30.0,28.0],"autoUv":false,"rotation":270},"down":{"texture":"#head","uv":[19.0,27.0,22.0,21.0],"autoUv":false,"rotation":270}},"children":[]},{"name":"FluffR.060","from":[-1.303454826857,3.870891376186,-2.712724584248],"to":[0.92619341689,4.588783201111,-1.45798788676],"rotationOrigin":[-0.188630878925,4.229836940765,-2.085356235504],"stepParentName":"b_Head","rotationX":-47.945752558239,"rotationY":4.665963903658,"rotationZ":22.159957950743,"group":"fluff.003","faces":{"north":{"texture":"#head","uv":[21.0,20.0,19.0,27.0],"autoUv":false,"rotation":90},"east":{"texture":"head","uv":[49.0,57.0,55.0,63.0],"autoUv":false,"rotation":90,"enabled":false},"south":{"texture":"#head","uv":[19.0,21.0,21.0,27.0],"autoUv":false,"rotation":270},"west":{"texture":"#head","uv":[4.0,16.0,5.0,24.0],"autoUv":false,"rotation":270},"up":{"texture":"#head","uv":[27.0,22.0,30.0,28.0],"autoUv":false,"rotation":270},"down":{"texture":"#head","uv":[19.0,27.0,22.0,21.0],"autoUv":false,"rotation":270}},"children":[]},{"name":"FluffR.061","from":[-0.074821060579,3.680339444432,-2.712725537923],"to":[2.154827270139,4.398231095415,-1.457988666493],"rotationOrigin":[1.040003061295,4.039285182953,-2.085357189178],"stepParentName":"b_Head","rotationX":-47.945752558239,"rotationY":4.665963903658,"rotationZ":22.15995965829,"group":"fluff.003","faces":{"north":{"texture":"#head","uv":[21.0,20.0,19.0,27.0],"autoUv":false,"rotation":90},"east":{"texture":"head","uv":[49.0,57.0,55.0,63.0],"autoUv":false,"rotation":90,"enabled":false},"south":{"texture":"#head","uv":[19.0,21.0,21.0,27.0],"autoUv":false,"rotation":270},"west":{"texture":"#head","uv":[4.0,16.0,5.0,24.0],"autoUv":false,"rotation":270},"up":{"texture":"#head","uv":[27.0,22.0,30.0,28.0],"autoUv":false,"rotation":270},"down":{"texture":"#head","uv":[19.0,27.0,22.0,21.0],"autoUv":false,"rotation":270}},"children":[]},{"name":"FluffR.062","from":[-0.325093728004,2.164613277612,-2.982521352572],"to":[2.644010750481,3.120591841407,-1.311655110135],"rotationOrigin":[1.15945827961,2.642602443695,-2.147088289261],"stepParentName":"b_Head","rotationX":-88.634053462935,"rotationY":-3.694902675866,"rotationZ":21.654329291771,"group":"fluff.003","faces":{"north":{"texture":"#head","uv":[21.0,20.0,19.0,27.0],"autoUv":false,"rotation":90},"east":{"texture":"head","uv":[49.0,57.0,55.0,63.0],"autoUv":false,"rotation":90,"enabled":false},"south":{"texture":"#head","uv":[19.0,21.0,21.0,27.0],"autoUv":false,"rotation":270},"west":{"texture":"#head","uv":[4.0,16.0,5.0,24.0],"autoUv":false,"rotation":270},"up":{"texture":"#head","uv":[27.0,22.0,30.0,28.0],"autoUv":false,"rotation":270},"down":{"texture":"#head","uv":[19.0,27.0,22.0,21.0],"autoUv":false,"rotation":270}},"children":[]},{"name":"FluffR.063","from":[-0.325093847214,0.711633236108,-2.982520875735],"to":[2.6440108629,1.667611799903,-1.311654691205],"rotationOrigin":[1.1594581604,1.189622402191,-2.147087812424],"stepParentName":"b_Head","rotationX":-88.634053462935,"rotationY":-3.694902675866,"rotationZ":21.654329291771,"group":"fluff.003","faces":{"north":{"texture":"#head","uv":[21.0,20.0,19.0,27.0],"autoUv":false,"rotation":90},"east":{"texture":"head","uv":[49.0,57.0,55.0,63.0],"autoUv":false,"rotation":90,"enabled":false},"south":{"texture":"#head","uv":[19.0,21.0,21.0,27.0],"autoUv":false,"rotation":270},"west":{"texture":"#head","uv":[4.0,16.0,5.0,24.0],"autoUv":false,"rotation":270},"up":{"texture":"#head","uv":[27.0,22.0,30.0,28.0],"autoUv":false,"rotation":270},"down":{"texture":"#head","uv":[19.0,27.0,22.0,21.0],"autoUv":false,"rotation":270}},"children":[]},{"name":"FluffR.064","from":[0.073179796272,0.711635354037,-1.812507797279],"to":[3.042284639077,1.667613857694,-0.141641568146],"rotationOrigin":[1.557731986046,1.189624547958,-0.977074682713],"stepParentName":"b_Head","rotationX":-89.16076350078,"rotationY":-3.848675847292,"rotationZ":13.660820594774,"group":"fluff.003","faces":{"north":{"texture":"#head","uv":[21.0,20.0,19.0,27.0],"autoUv":false,"rotation":90},"east":{"texture":"head","uv":[49.0,57.0,55.0,63.0],"autoUv":false,"rotation":90,"enabled":false},"south":{"texture":"#head","uv":[19.0,21.0,21.0,27.0],"autoUv":false,"rotation":270},"west":{"texture":"#head","uv":[4.0,16.0,5.0,24.0],"autoUv":false,"rotation":270},"up":{"texture":"#head","uv":[27.0,22.0,30.0,28.0],"autoUv":false,"rotation":270},"down":{"texture":"#head","uv":[19.0,27.0,22.0,21.0],"autoUv":false,"rotation":270}},"children":[]},{"name":"FluffR.065","from":[0.073180076302,2.329067226291,-1.81250804235],"to":[3.042284488441,3.285045382505,-0.141641799913],"rotationOrigin":[1.557732224464,2.807056188583,-0.977074921131],"stepParentName":"b_Head","rotationX":-88.568101156309,"rotationY":-3.669879850955,"rotationZ":22.681379714624,"group":"fluff.003","faces":{"north":{"texture":"#head","uv":[21.0,20.0,19.0,27.0],"autoUv":false,"rotation":90},"east":{"texture":"head","uv":[49.0,57.0,55.0,63.0],"autoUv":false,"rotation":90,"enabled":false},"south":{"texture":"#head","uv":[19.0,21.0,21.0,27.0],"autoUv":false,"rotation":270},"west":{"texture":"#head","uv":[4.0,16.0,5.0,24.0],"autoUv":false,"rotation":270},"up":{"texture":"#head","uv":[27.0,22.0,30.0,28.0],"autoUv":false,"rotation":270},"down":{"texture":"#head","uv":[19.0,27.0,22.0,21.0],"autoUv":false,"rotation":270}},"children":[]},{"name":"MeshTongue.003","from":[0.778255134015,-0.478955629868,-0.398172235903],"to":[1.99041447124,-0.343523558574,0.34225975987],"rotationOrigin":[1.384334802628,-0.411239594221,-0.027956238016],"stepParentName":"b_Jaw","rotationX":-0.176819256882,"rotationY":-0.043041514277,"rotationZ":-177.656129972618,"group":"wolf0-jaw.003","faces":{"north":{"texture":"#head","uv":[34.0,56.0,33.0,63.0],"autoUv":false,"rotation":270},"east":{"texture":"head","uv":[39.0,61.0,35.0,62.0],"autoUv":false,"rotation":180,"enabled":false},"south":{"texture":"#head","uv":[39.0,56.0,38.0,63.0],"autoUv":false,"rotation":90},"west":{"texture":"#head","uv":[38.0,63.0,34.0,64.0],"autoUv":false,"rotation":180},"up":{"texture":"#head","uv":[34.0,56.0,38.0,63.0],"autoUv":false,"rotation":90},"down":{"texture":"#head","uv":[39.0,63.0,35.0,56.0],"autoUv":false,"rotation":270}},"children":[]},{"name":"MeshMouthR.078","from":[0.689782631458,-0.664629515757,0.084893660374],"to":[1.47927944324,0.187436769536,0.511355383567],"rotationOrigin":[1.084531068802,-0.238596215844,0.298124521971],"stepParentName":"b_Jaw","rotationX":-83.878404479719,"rotationY":0.412683844953,"rotationZ":98.806978193887,"group":"wolf0-jaw.003","faces":{"north":{"texture":"#head","uv":[55.0,1.0,58.0,5.0],"autoUv":false},"east":{"texture":"#head","uv":[54.0,5.0,55.0,6.0],"autoUv":false,"rotation":90},"south":{"texture":"#head","uv":[55.0,6.0,58.0,9.0],"autoUv":false,"rotation":180},"west":{"texture":"#head","uv":[58.0,5.0,59.0,6.0],"autoUv":false,"rotation":270},"up":{"texture":"#head","uv":[55.0,5.0,58.0,6.0],"autoUv":false},"down":{"texture":"#head","uv":[58.0,6.0,55.0,5.0],"autoUv":false,"rotation":180}},"children":[]},{"name":"MeshMouthR.071","from":[2.724789199384,-0.323908800604,0.002912722064],"to":[2.941833307171,0.082552638004,0.317914911079],"rotationOrigin":[2.833311319351,-0.120678089559,0.160413816571],"stepParentName":"b_Jaw","rotationX":-120.169255426937,"rotationY":68.472175146325,"rotationZ":32.90157106218,"group":"wolf0-jaw.003","faces":{"north":{"texture":"#head","uv":[11.0,58.0,12.0,60.0],"autoUv":false},"east":{"texture":"#head","uv":[10.0,60.0,11.0,60.0],"autoUv":false,"rotation":180},"south":{"texture":"#head","uv":[11.0,60.0,12.0,62.0],"autoUv":false,"rotation":180},"west":{"texture":"#head","uv":[12.0,60.0,13.0,60.0],"autoUv":false},"up":{"texture":"#head","uv":[11.0,60.0,12.0,60.0],"autoUv":false,"rotation":90},"down":{"texture":"#head","uv":[13.0,60.0,10.0,59.0],"autoUv":false,"rotation":180}},"children":[]},{"name":"MeshMouthR.068","from":[1.518902726236,-0.609770611,0.039211927209],"to":[2.209795949183,0.135877736406,0.412411214557],"rotationOrigin":[1.864349365234,-0.236946299672,0.225811570883],"stepParentName":"b_Jaw","rotationX":-83.186185297906,"rotationY":-3.636796122163,"rotationZ":98.817107364426,"group":"wolf0-jaw.003","faces":{"north":{"texture":"#head","uv":[55.0,1.0,58.0,5.0],"autoUv":false},"east":{"texture":"#head","uv":[54.0,5.0,55.0,6.0],"autoUv":false,"rotation":90},"south":{"texture":"#head","uv":[55.0,6.0,58.0,9.0],"autoUv":false,"rotation":180},"west":{"texture":"#head","uv":[58.0,5.0,59.0,6.0],"autoUv":false,"rotation":270},"up":{"texture":"#head","uv":[55.0,5.0,58.0,6.0],"autoUv":false},"down":{"texture":"#head","uv":[58.0,6.0,55.0,5.0],"autoUv":false,"rotation":180}},"children":[]},{"name":"MeshMouthR.070","from":[2.242143490613,-0.482411147836,0.04378455186],"to":[2.807683086334,0.12794892478,0.349271661996],"rotationOrigin":[2.524913311005,-0.177230998874,0.196528106928],"stepParentName":"b_Jaw","rotationX":-83.186192128095,"rotationY":-3.636797402823,"rotationZ":98.817127854993,"group":"wolf0-jaw.003","faces":{"north":{"texture":"#head","uv":[55.0,1.0,58.0,5.0],"autoUv":false},"east":{"texture":"#head","uv":[54.0,5.0,55.0,6.0],"autoUv":false,"rotation":90},"south":{"texture":"#head","uv":[55.0,6.0,58.0,9.0],"autoUv":false,"rotation":180},"west":{"texture":"#head","uv":[58.0,5.0,59.0,6.0],"autoUv":false,"rotation":270},"up":{"texture":"#head","uv":[55.0,5.0,58.0,6.0],"autoUv":false},"down":{"texture":"#head","uv":[58.0,6.0,55.0,5.0],"autoUv":false,"rotation":180}},"children":[]},{"name":"MeshMouthR.074","from":[0.658497783674,-0.451830385498,-0.692873667967],"to":[1.510564291023,-0.025368662305,0.096623080909],"rotationOrigin":[1.084531068802,-0.238599523902,-0.298125356436],"stepParentName":"b_Jaw","rotationX":-6.185448340668,"rotationY":-8.806688821464,"rotationZ":-0.417606543715,"group":"wolf0-jaw.003","faces":{"north":{"texture":"#head","uv":[59.0,5.0,58.0,6.0],"autoUv":false,"rotation":180},"east":{"texture":"#head","uv":[58.0,5.0,55.0,6.0],"autoUv":false,"rotation":180},"south":{"texture":"#head","uv":[55.0,5.0,54.0,6.0],"autoUv":false,"rotation":180},"west":{"texture":"#head","uv":[58.0,5.0,55.0,6.0],"autoUv":false,"rotation":180},"up":{"texture":"#head","uv":[58.0,6.0,55.0,9.0],"autoUv":false,"rotation":90},"down":{"texture":"#head","uv":[55.0,5.0,58.0,1.0],"autoUv":false,"rotation":270}},"children":[]},{"name":"MeshMouthR.076","from":[2.630081057443,-0.278180775256,-0.268936180158],"to":[3.036542534934,0.036821413759,-0.051892049031],"rotationOrigin":[2.833311796188,-0.120679713786,-0.160414114594],"stepParentName":"b_Jaw","rotationX":85.351307453476,"rotationY":17.944508628984,"rotationZ":-77.905793371326,"group":"wolf0-jaw.003","faces":{"north":{"texture":"#head","uv":[12.0,60.0,13.0,60.0],"autoUv":false},"east":{"texture":"#head","uv":[13.0,59.0,10.0,60.0],"autoUv":false,"rotation":180},"south":{"texture":"#head","uv":[10.0,60.0,11.0,60.0],"autoUv":false},"west":{"texture":"#head","uv":[11.0,60.0,12.0,60.0],"autoUv":false},"up":{"texture":"#head","uv":[12.0,60.0,11.0,62.0],"autoUv":false,"rotation":90},"down":{"texture":"#head","uv":[11.0,60.0,12.0,58.0],"autoUv":false,"rotation":270}},"children":[]},{"name":"MeshMouthR.077","from":[1.491525243117,-0.423547425417,-0.571258118873],"to":[2.237173652502,-0.050348200001,0.119635004436],"rotationOrigin":[1.864349365234,-0.236947819591,-0.225811392069],"stepParentName":"b_Jaw","rotationX":-6.249992347664,"rotationY":-8.799191835076,"rotationZ":3.680175080468,"group":"wolf0-jaw.003","faces":{"north":{"texture":"#head","uv":[59.0,5.0,58.0,6.0],"autoUv":false,"rotation":180},"east":{"texture":"#head","uv":[58.0,5.0,55.0,6.0],"autoUv":false,"rotation":180},"south":{"texture":"#head","uv":[55.0,5.0,54.0,6.0],"autoUv":false,"rotation":180},"west":{"texture":"#head","uv":[58.0,5.0,55.0,6.0],"autoUv":false,"rotation":180},"up":{"texture":"#head","uv":[58.0,6.0,55.0,9.0],"autoUv":false,"rotation":90},"down":{"texture":"#head","uv":[55.0,5.0,58.0,1.0],"autoUv":false,"rotation":270}},"children":[]},{"name":"MeshMouthR.079","from":[2.219733592287,-0.329974317794,-0.479299172225],"to":[2.830093870742,-0.024487058099,0.086240648331],"rotationOrigin":[2.524913787842,-0.177230671048,-0.196529239416],"stepParentName":"b_Jaw","rotationX":-6.249991067003,"rotationY":-8.799188419981,"rotationZ":3.680163127637,"group":"wolf0-jaw.003","faces":{"north":{"texture":"#head","uv":[59.0,5.0,58.0,6.0],"autoUv":false,"rotation":180},"east":{"texture":"#head","uv":[58.0,5.0,55.0,6.0],"autoUv":false,"rotation":180},"south":{"texture":"#head","uv":[55.0,5.0,54.0,6.0],"autoUv":false,"rotation":180},"west":{"texture":"#head","uv":[58.0,5.0,55.0,6.0],"autoUv":false,"rotation":180},"up":{"texture":"#head","uv":[58.0,6.0,55.0,9.0],"autoUv":false,"rotation":90},"down":{"texture":"#head","uv":[55.0,5.0,58.0,1.0],"autoUv":false,"rotation":270}},"children":[]}],"groups":[]}