{"textureWidth":64,"textureHeight":64,"textures":{},"textureSizes":{"head":[64,64]},"elements":[{"name":"MeshMouthNoseTop","from":[-5.317548613493,1.05380796929,-0.522088185259],"to":[-4.605701845951,1.553191998491,0.496098208392],"rotationOrigin":[-5.001242637634,1.360591888428,-0.026512892917],"stepParentName":"b_Head","rotationX":-1.3660378e-05,"rotationY":1e-12,"rotationZ":1.913755185858,"group":"head-wolf1","faces":{"north":{"texture":"#head","uv":[57.0,59.0,59.0,61.0],"autoUv":false},"east":{"texture":"#head","uv":[59.0,59.0,61.0,61.0],"autoUv":false},"south":{"texture":"#head","uv":[61.0,59.0,63.0,61.0],"autoUv":false},"west":{"texture":"#head","uv":[59.0,59.0,61.0,61.0],"autoUv":false},"up":{"texture":"#head","uv":[59.0,58.0,61.0,59.0],"autoUv":false,"rotation":90},"down":{"texture":"#head","uv":[61.0,62.0,59.0,61.0],"autoUv":false,"rotation":270}},"children":[]},{"name":"MeshHead.001","from":[-3.107491850853,0.451391458511,-2.171022750699],"to":[1.197614312172,4.863305568695,2.171021602786],"rotationOrigin":[-0.954938769341,2.657348632812,-5.73957e-07],"stepParentName":"b_Head","rotationX":-1.3660375e-05,"rotationY":1e-12,"rotationZ":0.0,"group":"head-wolf1","faces":{"north":{"texture":"#head","uv":[1.0,1.0,8.0,7.0],"autoUv":false},"east":{"texture":"#head","uv":[21.0,1.0,27.0,7.0],"autoUv":false},"south":{"texture":"#head","uv":[14.0,1.0,21.0,7.0],"autoUv":false},"west":{"texture":"#head","uv":[8.0,1.0,14.0,7.0],"autoUv":false},"up":{"texture":"#head","uv":[2.0,7.0,8.0,14.0],"autoUv":false,"rotation":90},"down":{"texture":"#head","uv":[14.0,14.0,8.0,7.0],"autoUv":false,"rotation":90}},"children":[]},{"name":"MeshNeck.001","from":[-1.323502242565,-2.071530461311,-1.499999449484],"to":[1.676498472691,1.928470611572,1.500000550516],"rotationOrigin":[0.376498162746,-2.371530532837,5.50516e-07],"stepParentName":"b_Head","rotationX":-1.4533892e-05,"rotationY":1.1099057e-05,"rotationZ":9.00004293913,"group":"head-wolf1","faces":{"north":{"texture":"#head","uv":[27.0,3.0,36.0,14.0],"autoUv":false},"east":{"texture":"#head","uv":[27.0,3.0,36.0,14.0],"autoUv":false},"south":{"texture":"#head","uv":[27.0,3.0,36.0,14.0],"autoUv":false},"west":{"texture":"#head","uv":[36.0,3.0,44.0,14.0],"autoUv":false},"up":{"texture":"#head","uv":[36.0,0.0,44.0,9.0],"autoUv":false,"rotation":90},"down":{"texture":"#head","uv":[44.0,9.0,36.0,0.0],"autoUv":false,"rotation":270}},"children":[]},{"name":"MeshMouthR.005","from":[-5.268125653267,0.434365212917,-0.968657356454],"to":[-2.525250673294,1.497979223728,0.978912431048],"rotationOrigin":[-3.829924106598,0.961519241333,-0.003865283681],"stepParentName":"b_Head","rotationX":-1.3660375e-05,"rotationY":1e-12,"rotationZ":0.0,"group":"head-wolf1","faces":{"north":{"texture":"#head","uv":[31.0,22.0,34.0,25.0],"autoUv":false,"rotation":90},"east":{"texture":"#head","uv":[31.0,19.0,34.0,22.0],"autoUv":false,"rotation":90},"south":{"texture":"#head","uv":[31.0,16.0,34.0,19.0],"autoUv":false,"rotation":90},"west":{"texture":"#head","uv":[31.0,19.0,34.0,22.0],"autoUv":false,"rotation":90},"up":{"texture":"#head","uv":[29.0,19.0,31.0,22.0],"autoUv":false,"rotation":180},"down":{"texture":"#head","uv":[37.0,22.0,34.0,19.0],"autoUv":false}},"children":[]},{"name":"Head","from":[-2.719010591507,-0.00108397007,-2.5],"to":[-2.719010591507,-0.00108397007,-2.5],"rotationOrigin":[-2.719010591507,-0.00108397007,-2.5],"rotationX":-1.3660375e-05,"rotationY":1e-12,"rotationZ":0.0,"faces":{"north":{"texture":"#null","uv":[0.0,0.0,0.0,0.0],"enabled":false},"east":{"texture":"#null","uv":[0.0,0.0,0.0,0.0],"enabled":false},"south":{"texture":"#null","uv":[0.0,0.0,0.0,0.0],"enabled":false},"west":{"texture":"#null","uv":[0.0,0.0,0.0,0.0],"enabled":false},"up":{"texture":"#null","uv":[0.0,0.0,0.0,0.0],"enabled":false},"down":{"texture":"#null","uv":[0.0,0.0,0.0,0.0],"enabled":false}},"children":[],"stepParentName":"b_Head"},{"name":"MeshMouthR.019","from":[-3.027093529701,0.16147573367,-0.539697633125],"to":[-1.927062392235,2.312172538748,0.514610542916],"rotationOrigin":[-2.477077960968,1.424011230469,-0.012543545105],"stepParentName":"b_Head","rotationX":90.000002504478,"rotationY":6.570988186766,"rotationZ":-90.000091296937,"group":"head-wolf1","faces":{"north":{"texture":"#head","uv":[28.0,15.0,31.0,19.0],"autoUv":false},"east":{"texture":"#head","uv":[27.0,19.0,28.0,20.0],"autoUv":false,"rotation":90},"south":{"texture":"#head","uv":[28.0,20.0,31.0,23.0],"autoUv":false,"rotation":180},"west":{"texture":"#head","uv":[31.0,19.0,32.0,20.0],"autoUv":false,"rotation":270},"up":{"texture":"#head","uv":[28.0,19.0,31.0,20.0],"autoUv":false},"down":{"texture":"#head","uv":[31.0,20.0,28.0,19.0],"autoUv":false,"rotation":180}},"children":[]},{"name":"MeshMouthR.010","from":[-3.185307039033,0.36875391518,0.218256138273],"to":[-2.150458154775,2.446744191286,1.174192687945],"rotationOrigin":[-2.666810035706,1.462656140327,0.66762149334],"stepParentName":"b_Head","rotationX":89.835613511534,"rotationY":5.706377164736,"rotationZ":-76.237908987333,"group":"head-wolf1","faces":{"north":{"texture":"#head","uv":[28.0,15.0,31.0,19.0],"autoUv":false},"east":{"texture":"#head","uv":[27.0,19.0,28.0,20.0],"autoUv":false,"rotation":90},"south":{"texture":"#head","uv":[28.0,20.0,31.0,23.0],"autoUv":false,"rotation":180},"west":{"texture":"#head","uv":[31.0,19.0,32.0,20.0],"autoUv":false,"rotation":270},"up":{"texture":"#head","uv":[28.0,19.0,31.0,20.0],"autoUv":false},"down":{"texture":"#head","uv":[31.0,20.0,28.0,19.0],"autoUv":false,"rotation":180}},"children":[]},{"name":"MeshMouthR.022","from":[-3.913491487503,0.434365451336,0.42039835453],"to":[-2.310407757759,1.488673508167,1.545516490936],"rotationOrigin":[-2.608818054199,0.961519479752,0.982957422733],"stepParentName":"b_Head","rotationX":-1.3660376e-05,"rotationY":-17.690015780509,"rotationZ":0.0,"group":"head-wolf1","faces":{"north":{"texture":"#head","uv":[31.0,22.0,34.0,25.0],"autoUv":false,"rotation":90},"east":{"texture":"#head","uv":[31.0,19.0,34.0,22.0],"autoUv":false,"rotation":90},"south":{"texture":"#head","uv":[31.0,16.0,34.0,19.0],"autoUv":false,"rotation":90},"west":{"texture":"#head","uv":[31.0,19.0,34.0,22.0],"autoUv":false,"rotation":90},"up":{"texture":"#head","uv":[29.0,19.0,31.0,22.0],"autoUv":false,"rotation":180},"down":{"texture":"#head","uv":[37.0,22.0,34.0,19.0],"autoUv":false}},"children":[]},{"name":"MeshMouthR.023","from":[-4.477772165413,0.533957379484,-0.036941356971],"to":[-3.444775875362,1.916756970263,0.825722463443],"rotationOrigin":[-4.017470836639,1.225357174873,0.394390553236],"stepParentName":"b_Head","rotationX":87.754871512971,"rotationY":14.710422594719,"rotationZ":-80.046900581774,"group":"head-wolf1","faces":{"north":{"texture":"#head","uv":[28.0,15.0,31.0,19.0],"autoUv":false},"east":{"texture":"#head","uv":[27.0,19.0,28.0,20.0],"autoUv":false,"rotation":90},"south":{"texture":"#head","uv":[28.0,20.0,31.0,23.0],"autoUv":false,"rotation":180},"west":{"texture":"#head","uv":[31.0,19.0,32.0,20.0],"autoUv":false,"rotation":270},"up":{"texture":"#head","uv":[28.0,19.0,31.0,20.0],"autoUv":false},"down":{"texture":"#head","uv":[31.0,20.0,28.0,19.0],"autoUv":false,"rotation":180}},"children":[]},{"name":"MeshMouthR.024","from":[-3.219282149624,0.245694055914,1.261350919526],"to":[-2.581870129841,2.494735282963,1.607765545772],"rotationOrigin":[-2.900576114655,1.370214819908,1.379031896591],"stepParentName":"b_Head","rotationX":89.544565490622,"rotationY":0.49896159393,"rotationZ":-62.225673452214,"group":"head-wolf1","faces":{"north":{"texture":"#head","uv":[28.0,15.0,31.0,19.0],"autoUv":false},"east":{"texture":"#head","uv":[27.0,19.0,28.0,20.0],"autoUv":false,"rotation":90},"south":{"texture":"#head","uv":[28.0,20.0,31.0,23.0],"autoUv":false,"rotation":180},"west":{"texture":"#head","uv":[31.0,19.0,32.0,20.0],"autoUv":false,"rotation":270},"up":{"texture":"#head","uv":[28.0,19.0,31.0,20.0],"autoUv":false},"down":{"texture":"#head","uv":[31.0,20.0,28.0,19.0],"autoUv":false,"rotation":180}},"children":[]},{"name":"MeshMouthR.029","from":[-5.21621966362,0.434365332127,0.044329226017],"to":[-1.805577993393,1.488673388958,1.169447362423],"rotationOrigin":[-3.110251426697,0.961519360542,0.60688829422],"stepParentName":"b_Head","rotationX":-1.3660375e-05,"rotationY":-5.269309090878,"rotationZ":-0.0,"group":"head-wolf1","faces":{"north":{"texture":"#head","uv":[31.0,22.0,34.0,25.0],"autoUv":false,"rotation":90},"east":{"texture":"#head","uv":[31.0,19.0,34.0,22.0],"autoUv":false,"rotation":90},"south":{"texture":"#head","uv":[31.0,16.0,34.0,19.0],"autoUv":false,"rotation":90},"west":{"texture":"#head","uv":[31.0,19.0,34.0,22.0],"autoUv":false,"rotation":90},"up":{"texture":"#head","uv":[29.0,19.0,31.0,22.0],"autoUv":false,"rotation":180},"down":{"texture":"#head","uv":[37.0,22.0,34.0,19.0],"autoUv":false}},"children":[]},{"name":"FluffR.025","from":[-0.481013994681,1.183229218346,-4.103351265022],"to":[0.236913662421,3.478333110747,-1.399447769096],"rotationOrigin":[-0.12205016613,2.33078122139,-2.751399517059],"stepParentName":"b_Head","rotationX":18.792990586176,"rotationY":-73.408400670818,"rotationZ":14.83603318865,"group":"head-wolf1","faces":{"north":{"texture":"head","uv":[49.0,57.0,55.0,63.0],"autoUv":false,"rotation":180,"enabled":false},"east":{"texture":"#head","uv":[23.0,21.0,19.0,27.0],"autoUv":false,"rotation":270},"south":{"texture":"#head","uv":[4.0,16.0,5.0,24.0],"autoUv":false,"rotation":180},"west":{"texture":"#head","uv":[26.0,22.0,30.0,28.0],"autoUv":false,"rotation":90},"up":{"texture":"#head","uv":[19.0,18.0,21.0,27.0],"autoUv":false,"rotation":180},"down":{"texture":"#head","uv":[19.0,27.0,21.0,20.0],"autoUv":false}},"children":[]},{"name":"FluffR.029","from":[-0.499387364852,1.186961422784,1.4141527118],"to":[0.218540292251,3.482065315185,4.118056207726],"rotationOrigin":[-0.140423536301,2.334513425827,2.766104459763],"stepParentName":"b_Head","rotationX":-18.79301961448,"rotationY":73.408400670818,"rotationZ":14.83603318865,"group":"head-wolf1","faces":{"north":{"texture":"#head","uv":[5.0,16.0,4.0,24.0],"autoUv":false,"rotation":180},"east":{"texture":"#head","uv":[19.0,21.0,23.0,27.0],"autoUv":false,"rotation":90},"south":{"texture":"head","uv":[55.0,57.0,49.0,63.0],"autoUv":false,"rotation":180,"enabled":false},"west":{"texture":"#head","uv":[29.0,22.0,25.0,28.0],"autoUv":false,"rotation":270},"up":{"texture":"#head","uv":[21.0,18.0,19.0,27.0],"autoUv":false},"down":{"texture":"#head","uv":[21.0,27.0,19.0,20.0],"autoUv":false,"rotation":180}},"children":[]},{"name":"FluffR.010","from":[-1.027846506863,2.552992859728,-3.744340762628],"to":[-0.323925086231,4.803321687923,-1.093188419806],"rotationOrigin":[-0.675885796547,3.678157329559,-2.418764591217],"stepParentName":"b_Head","rotationX":63.206987220837,"rotationY":-53.151760309663,"rotationZ":63.28366292446,"group":"head-wolf1","faces":{"north":{"texture":"head","uv":[49.0,57.0,55.0,63.0],"autoUv":false,"rotation":180,"enabled":false},"east":{"texture":"#head","uv":[23.0,21.0,19.0,27.0],"autoUv":false,"rotation":270},"south":{"texture":"#head","uv":[4.0,16.0,5.0,24.0],"autoUv":false,"rotation":180},"west":{"texture":"#head","uv":[26.0,22.0,30.0,28.0],"autoUv":false,"rotation":90},"up":{"texture":"#head","uv":[19.0,18.0,21.0,27.0],"autoUv":false,"rotation":180},"down":{"texture":"#head","uv":[19.0,27.0,21.0,20.0],"autoUv":false}},"children":[]},{"name":"FluffR.011","from":[-0.851775642489,2.525240221865,1.348244562613],"to":[-0.14785419399,4.775569050059,3.999396905435],"rotationOrigin":[-0.767679870129,3.650404691696,2.673820734024],"stepParentName":"b_Head","rotationX":-63.207014541594,"rotationY":53.151760309663,"rotationZ":63.283669754649,"group":"head-wolf1","faces":{"north":{"texture":"#head","uv":[5.0,16.0,4.0,24.0],"autoUv":false,"rotation":180},"east":{"texture":"#head","uv":[19.0,21.0,23.0,27.0],"autoUv":false,"rotation":90},"south":{"texture":"head","uv":[55.0,57.0,49.0,63.0],"autoUv":false,"rotation":180,"enabled":false},"west":{"texture":"#head","uv":[29.0,22.0,25.0,28.0],"autoUv":false,"rotation":270},"up":{"texture":"#head","uv":[21.0,18.0,19.0,27.0],"autoUv":false},"down":{"texture":"#head","uv":[21.0,27.0,19.0,20.0],"autoUv":false,"rotation":180}},"children":[]},{"name":"MeshMouthR.002","from":[-4.837371648485,0.823914561361,-0.843580909914],"to":[-3.454571813855,1.686578406161,0.189415453293],"rotationOrigin":[-4.017470836639,1.225357174873,0.394390553236],"stepParentName":"b_Head","rotationX":-0.306362185486,"rotationY":9.623710073565,"rotationZ":-165.074757596914,"group":"head-wolf1","faces":{"north":{"texture":"#head","uv":[32.0,19.0,31.0,20.0],"autoUv":false,"rotation":180},"east":{"texture":"#head","uv":[31.0,19.0,28.0,20.0],"autoUv":false,"rotation":180},"south":{"texture":"#head","uv":[28.0,19.0,27.0,20.0],"autoUv":false,"rotation":180},"west":{"texture":"#head","uv":[31.0,19.0,28.0,20.0],"autoUv":false,"rotation":180},"up":{"texture":"#head","uv":[31.0,20.0,28.0,23.0],"autoUv":false,"rotation":90},"down":{"texture":"#head","uv":[28.0,19.0,31.0,15.0],"autoUv":false,"rotation":270}},"children":[]},{"name":"MeshMouthR.009","from":[-3.968168653575,1.017101423025,-1.147872178201],"to":[-1.890178675558,1.973038129911,-0.113023206886],"rotationOrigin":[-2.666810035706,1.462656140327,0.66762149334],"stepParentName":"b_Head","rotationX":-1.230679492909,"rotationY":13.692536578185,"rotationZ":-174.126124285015,"group":"head-wolf1","faces":{"north":{"texture":"#head","uv":[32.0,19.0,31.0,20.0],"autoUv":false,"rotation":180},"east":{"texture":"#head","uv":[31.0,19.0,28.0,20.0],"autoUv":false,"rotation":180},"south":{"texture":"#head","uv":[28.0,19.0,27.0,20.0],"autoUv":false,"rotation":180},"west":{"texture":"#head","uv":[31.0,19.0,28.0,20.0],"autoUv":false,"rotation":180},"up":{"texture":"#head","uv":[31.0,20.0,28.0,23.0],"autoUv":false,"rotation":90},"down":{"texture":"#head","uv":[28.0,19.0,31.0,15.0],"autoUv":false,"rotation":270}},"children":[]},{"name":"MeshMouthR.020","from":[-5.310159652208,1.274456975015,-1.379971237946],"to":[-3.061118386116,1.620871507758,-0.742559052671],"rotationOrigin":[-2.900576114655,1.370214819908,1.379031896591],"stepParentName":"b_Head","rotationX":0.19263355939,"rotationY":27.774165127724,"rotationZ":-179.436049949567,"group":"head-wolf1","faces":{"north":{"texture":"#head","uv":[32.0,19.0,31.0,20.0],"autoUv":false,"rotation":180},"east":{"texture":"#head","uv":[31.0,19.0,28.0,20.0],"autoUv":false,"rotation":180},"south":{"texture":"#head","uv":[28.0,19.0,27.0,20.0],"autoUv":false,"rotation":180},"west":{"texture":"#head","uv":[31.0,19.0,28.0,20.0],"autoUv":false,"rotation":180},"up":{"texture":"#head","uv":[31.0,20.0,28.0,23.0],"autoUv":false,"rotation":90},"down":{"texture":"#head","uv":[28.0,19.0,31.0,15.0],"autoUv":false,"rotation":270}},"children":[]},{"name":"MeshMouthR.028","from":[-4.526394963264,0.434365332127,-1.164318561554],"to":[-1.11575293541,1.488673388958,-0.039200246334],"rotationOrigin":[-3.110251426697,0.961519360542,0.60688829422],"stepParentName":"b_Head","rotationX":-1.3660375e-05,"rotationY":5.269302687576,"rotationZ":-179.999991348578,"group":"head-wolf1","faces":{"north":{"texture":"#head","uv":[34.0,16.0,31.0,19.0],"autoUv":false,"rotation":90},"east":{"texture":"#head","uv":[34.0,19.0,31.0,22.0],"autoUv":false,"rotation":90},"south":{"texture":"#head","uv":[34.0,22.0,31.0,25.0],"autoUv":false,"rotation":90},"west":{"texture":"#head","uv":[34.0,19.0,31.0,22.0],"autoUv":false,"rotation":90},"up":{"texture":"#head","uv":[37.0,19.0,34.0,22.0],"autoUv":false},"down":{"texture":"#head","uv":[29.0,22.0,31.0,19.0],"autoUv":false,"rotation":180}},"children":[]},{"name":"FluffR.012","from":[-3.299685716629,1.678229808807,-2.514639377594],"to":[0.174271583557,4.51350736618,-2.058556079865],"rotationOrigin":[-1.562706947327,3.095868587494,-2.286597967148],"stepParentName":"b_Head","rotationX":4.10745e-07,"rotationY":13.308627012864,"rotationZ":-90.000029825235,"group":"fluff","faces":{"north":{"texture":"#head","uv":[22.0,21.0,27.0,27.0],"autoUv":false,"rotation":180},"east":{"texture":"#head","uv":[21.0,20.0,19.0,27.0],"autoUv":false,"rotation":180},"south":{"texture":"#head","uv":[25.0,21.0,20.0,27.0],"autoUv":false,"rotation":180},"west":{"texture":"#head","uv":[19.0,18.0,21.0,27.0],"autoUv":false,"rotation":180},"up":{"texture":"head","uv":[49.0,57.0,55.0,63.0],"autoUv":false,"rotation":90,"enabled":false},"down":{"texture":"#head","uv":[5.0,24.0,4.0,16.0],"autoUv":false,"rotation":90}},"children":[]},{"name":"FluffR.018","from":[-1.536358952522,-0.298635482788,-3.074019193649],"to":[0.183486640453,2.757504343987,-2.090017318726],"rotationOrigin":[-0.676436126232,1.229434370995,-2.582018136978],"stepParentName":"b_Head","rotationX":-1.600595708167,"rotationY":21.550814359805,"rotationZ":-81.945925397469,"group":"fluff","faces":{"north":{"texture":"#head","uv":[27.0,22.0,30.0,28.0],"autoUv":false,"rotation":180},"east":{"texture":"#head","uv":[21.0,20.0,19.0,27.0],"autoUv":false,"rotation":180},"south":{"texture":"#head","uv":[22.0,21.0,19.0,27.0],"autoUv":false,"rotation":180},"west":{"texture":"#head","uv":[19.0,21.0,21.0,27.0],"autoUv":false,"rotation":180},"up":{"texture":"head","uv":[49.0,57.0,55.0,63.0],"autoUv":false,"rotation":90,"enabled":false},"down":{"texture":"#head","uv":[5.0,24.0,4.0,16.0],"autoUv":false,"rotation":90}},"children":[]},{"name":"FluffR.032","from":[-2.26816213131,3.580983638763,-1.694944972287],"to":[-1.543558239937,5.873106479645,1.694946175327],"rotationOrigin":[-1.905860185623,4.727045059204,6.0152e-07],"stepParentName":"b_Head","rotationX":-1.3660375e-05,"rotationY":1e-12,"rotationZ":-77.927520203076,"group":"fluff","faces":{"north":{"texture":"#head","uv":[21.0,20.0,19.0,27.0],"autoUv":false,"rotation":180},"east":{"texture":"#head","uv":[27.0,21.0,20.0,27.0],"autoUv":false,"rotation":180},"south":{"texture":"#head","uv":[19.0,18.0,21.0,27.0],"autoUv":false,"rotation":180},"west":{"texture":"#head","uv":[20.0,21.0,27.0,27.0],"autoUv":false,"rotation":180},"up":{"texture":"head","uv":[49.0,57.0,55.0,63.0],"autoUv":false,"enabled":false},"down":{"texture":"#head","uv":[5.0,24.0,4.0,16.0],"autoUv":false,"rotation":180}},"children":[]},{"name":"FluffR.033","from":[-0.408331811428,3.528487682343,-1.694944959771],"to":[0.316272079945,5.820610523224,1.694946187843],"rotationOrigin":[-0.046029865742,4.674549102783,6.14036e-07],"stepParentName":"b_Head","rotationX":-1.3660373e-05,"rotationY":1e-12,"rotationZ":-79.808294753309,"group":"fluff","faces":{"north":{"texture":"#head","uv":[21.0,20.0,19.0,27.0],"autoUv":false,"rotation":180},"east":{"texture":"#head","uv":[28.0,21.0,21.0,27.0],"autoUv":false,"rotation":180},"south":{"texture":"#head","uv":[19.0,18.0,21.0,27.0],"autoUv":false,"rotation":180},"west":{"texture":"#head","uv":[18.0,21.0,25.0,27.0],"autoUv":false,"rotation":180},"up":{"texture":"head","uv":[49.0,57.0,55.0,63.0],"autoUv":false,"enabled":false},"down":{"texture":"#head","uv":[5.0,24.0,4.0,16.0],"autoUv":false,"rotation":180}},"children":[]},{"name":"FluffL.004","from":[-3.569846749306,0.556376263499,1.34806406498],"to":[-1.416603565216,1.054720118642,2.587899565697],"rotationOrigin":[-2.493225097656,0.805548191071,1.967981815338],"stepParentName":"b_Head","rotationX":-91.306228371919,"rotationY":-6.354173649961,"rotationZ":-80.071475602408,"group":"fluff","faces":{"north":{"texture":"#head","uv":[40.0,18.0,39.0,27.0],"autoUv":false,"rotation":90},"east":{"texture":"head","uv":[54.0,59.0,50.0,63.0],"autoUv":false,"rotation":270,"enabled":false},"south":{"texture":"#head","uv":[40.0,18.0,38.0,25.0],"autoUv":false,"rotation":270},"west":{"texture":"#head","uv":[55.0,8.0,50.0,14.0],"autoUv":false,"rotation":90},"up":{"texture":"#head","uv":[42.0,17.0,39.0,27.0],"autoUv":false,"rotation":270},"down":{"texture":"#head","uv":[34.0,27.0,37.0,19.0],"autoUv":false,"rotation":270}},"children":[]},{"name":"FluffR.005","from":[-1.065621657362,-0.298637270927,-2.792235374451],"to":[0.65422420024,2.757501959801,-1.808234214783],"rotationOrigin":[-0.205698728561,1.229432463646,-2.300234794617],"stepParentName":"b_Head","rotationX":-1.491364228031,"rotationY":-3.440376957106,"rotationZ":-82.623527974459,"group":"fluff","faces":{"north":{"texture":"#head","uv":[27.0,22.0,30.0,28.0],"autoUv":false,"rotation":180},"east":{"texture":"#head","uv":[21.0,20.0,19.0,27.0],"autoUv":false,"rotation":180},"south":{"texture":"#head","uv":[22.0,21.0,19.0,27.0],"autoUv":false,"rotation":180},"west":{"texture":"#head","uv":[19.0,21.0,21.0,27.0],"autoUv":false,"rotation":180},"up":{"texture":"head","uv":[49.0,57.0,55.0,63.0],"autoUv":false,"rotation":90,"enabled":false},"down":{"texture":"#head","uv":[5.0,24.0,4.0,16.0],"autoUv":false,"rotation":90}},"children":[]},{"name":"FluffR.002","from":[-1.790749430656,1.358890771866,0.86895775795],"to":[-1.334666371346,4.832848310471,3.704234838486],"rotationOrigin":[-1.562707901001,3.095869541168,2.286596298218],"stepParentName":"b_Head","rotationX":-1.3660376e-05,"rotationY":76.691392567087,"rotationZ":4e-12,"group":"fluff","faces":{"north":{"texture":"#head","uv":[5.0,16.0,4.0,24.0],"autoUv":false,"rotation":180},"east":{"texture":"#head","uv":[20.0,21.0,25.0,27.0],"autoUv":false,"rotation":90},"south":{"texture":"head","uv":[55.0,57.0,49.0,63.0],"autoUv":false,"rotation":180,"enabled":false},"west":{"texture":"#head","uv":[27.0,21.0,22.0,27.0],"autoUv":false,"rotation":270},"up":{"texture":"#head","uv":[21.0,18.0,19.0,27.0],"autoUv":false},"down":{"texture":"#head","uv":[21.0,27.0,19.0,20.0],"autoUv":false,"rotation":180}},"children":[]},{"name":"FluffR.003","from":[-1.373968094587,0.340523064137,0.971933722496],"to":[-0.38996681571,2.060368418694,4.028072834015],"rotationOrigin":[-0.881967484951,1.200445771217,2.50000333786],"stepParentName":"b_Head","rotationX":-19.467353945952,"rotationY":67.060668743018,"rotationZ":19.532671044984,"group":"fluff","faces":{"north":{"texture":"#head","uv":[5.0,16.0,4.0,24.0],"autoUv":false,"rotation":180},"east":{"texture":"#head","uv":[19.0,21.0,22.0,27.0],"autoUv":false,"rotation":90},"south":{"texture":"head","uv":[55.0,57.0,49.0,63.0],"autoUv":false,"rotation":180,"enabled":false},"west":{"texture":"#head","uv":[30.0,22.0,27.0,28.0],"autoUv":false,"rotation":270},"up":{"texture":"#head","uv":[21.0,21.0,19.0,27.0],"autoUv":false},"down":{"texture":"#head","uv":[21.0,27.0,19.0,20.0],"autoUv":false,"rotation":180}},"children":[]},{"name":"FluffL.005","from":[-3.398751927407,-0.208749760342,1.74134229153],"to":[-2.241561646322,1.681369023473,2.364877476994],"rotationOrigin":[-2.820156812668,0.736309528351,2.053109884262],"stepParentName":"b_Head","rotationX":8.311127861328,"rotationY":116.791166806854,"rotationZ":-102.938470830368,"group":"fluff","faces":{"north":{"texture":"#head","uv":[45.0,19.0,42.0,27.0],"autoUv":false},"east":{"texture":"#head","uv":[39.0,18.0,37.0,27.0],"autoUv":false},"south":{"texture":"#head","uv":[39.0,17.0,36.0,27.0],"autoUv":false},"west":{"texture":"#head","uv":[45.0,19.0,43.0,26.0],"autoUv":false},"up":{"texture":"#head","uv":[54.0,18.0,57.0,24.0],"autoUv":false,"rotation":270},"down":{"texture":"head","uv":[50.0,63.0,54.0,59.0],"autoUv":false,"rotation":270,"enabled":false}},"children":[]},{"name":"FluffR.004","from":[-0.887513071299,0.344606697559,0.782930254936],"to":[0.096488207579,2.064452052116,3.839069366455],"rotationOrigin":[-0.395512461662,1.20452940464,2.3109998703],"stepParentName":"b_Head","rotationX":66.621706145439,"rotationY":98.135304221097,"rotationZ":-64.908537607249,"group":"fluff","faces":{"north":{"texture":"#head","uv":[5.0,16.0,4.0,24.0],"autoUv":false,"rotation":180},"east":{"texture":"#head","uv":[19.0,21.0,22.0,27.0],"autoUv":false,"rotation":90},"south":{"texture":"head","uv":[55.0,57.0,49.0,63.0],"autoUv":false,"rotation":180,"enabled":false},"west":{"texture":"#head","uv":[30.0,22.0,27.0,28.0],"autoUv":false,"rotation":270},"up":{"texture":"#head","uv":[21.0,21.0,19.0,27.0],"autoUv":false},"down":{"texture":"#head","uv":[21.0,27.0,19.0,20.0],"autoUv":false,"rotation":180}},"children":[]},{"name":"FluffR.006","from":[-3.941704543229,0.488242654117,1.395400552376],"to":[-2.473174726852,0.885911436764,2.547742815391],"rotationOrigin":[-3.207439661026,0.687077045441,1.971571683884],"stepParentName":"b_Head","rotationX":-94.163631181005,"rotationY":-8.572133295176,"rotationZ":-67.906608162291,"group":"fluff","faces":{"north":{"texture":"#head","uv":[39.0,17.0,37.0,26.0],"autoUv":false,"rotation":90},"east":{"texture":"head","uv":[55.0,57.0,49.0,63.0],"autoUv":false,"rotation":270,"enabled":false},"south":{"texture":"#head","uv":[37.0,17.0,35.0,24.0],"autoUv":false,"rotation":270},"west":{"texture":"#head","uv":[52.0,1.0,49.0,5.0],"autoUv":false,"rotation":90},"up":{"texture":"#head","uv":[38.0,19.0,35.0,27.0],"autoUv":false,"rotation":270},"down":{"texture":"#head","uv":[38.0,27.0,41.0,19.0],"autoUv":false,"rotation":270}},"children":[]},{"name":"FluffL.003","from":[0.304451227188,-0.131867177795,1.437236249447],"to":[2.457694530487,0.366476558336,2.677071750164],"rotationOrigin":[-2.493225097656,0.805548191071,1.967981815338],"stepParentName":"b_Head","rotationX":91.306214711541,"rotationY":6.354170234866,"rotationZ":-80.071509753353,"group":"fluff","faces":{"north":{"texture":"#head","uv":[38.0,18.0,40.0,25.0],"autoUv":false,"rotation":90},"east":{"texture":"head","uv":[50.0,59.0,54.0,63.0],"autoUv":false,"rotation":90,"enabled":false},"south":{"texture":"#head","uv":[39.0,18.0,40.0,27.0],"autoUv":false,"rotation":270},"west":{"texture":"#head","uv":[50.0,8.0,55.0,14.0],"autoUv":false,"rotation":270},"up":{"texture":"#head","uv":[39.0,17.0,42.0,27.0],"autoUv":false,"rotation":270},"down":{"texture":"#head","uv":[37.0,27.0,34.0,19.0],"autoUv":false,"rotation":270}},"children":[]},{"name":"FluffL.006","from":[-0.097458678851,-1.406857361347,1.708123995594],"to":[1.792660051156,-0.783321926528,2.865314042195],"rotationOrigin":[-2.820156812668,0.736309528351,2.053109884262],"stepParentName":"b_Head","rotationX":93.278151796626,"rotationY":5.792310762891,"rotationZ":-63.797129225505,"group":"fluff","faces":{"north":{"texture":"#head","uv":[43.0,19.0,45.0,26.0],"autoUv":false,"rotation":90},"east":{"texture":"head","uv":[50.0,59.0,54.0,63.0],"autoUv":false,"rotation":90,"enabled":false},"south":{"texture":"#head","uv":[37.0,18.0,39.0,27.0],"autoUv":false,"rotation":270},"west":{"texture":"#head","uv":[57.0,18.0,54.0,24.0],"autoUv":false,"rotation":270},"up":{"texture":"#head","uv":[36.0,17.0,39.0,27.0],"autoUv":false,"rotation":270},"down":{"texture":"#head","uv":[45.0,27.0,42.0,19.0],"autoUv":false,"rotation":270}},"children":[]},{"name":"FluffR.001","from":[-0.313791594833,-1.03046880933,1.678492288623],"to":[1.154738481398,-0.63279987197,2.830834499668],"rotationOrigin":[-3.207439661026,0.687077045441,1.971571683884],"stepParentName":"b_Head","rotationX":94.163597030059,"rotationY":8.572135002723,"rotationZ":-67.906587671724,"group":"fluff","faces":{"north":{"texture":"#head","uv":[35.0,17.0,37.0,24.0],"autoUv":false,"rotation":90},"east":{"texture":"head","uv":[49.0,57.0,55.0,63.0],"autoUv":false,"rotation":90,"enabled":false},"south":{"texture":"#head","uv":[37.0,17.0,39.0,26.0],"autoUv":false,"rotation":270},"west":{"texture":"#head","uv":[49.0,1.0,52.0,5.0],"autoUv":false,"rotation":270},"up":{"texture":"#head","uv":[35.0,19.0,38.0,27.0],"autoUv":false,"rotation":270},"down":{"texture":"#head","uv":[41.0,27.0,38.0,19.0],"autoUv":false,"rotation":270}},"children":[]},{"name":"MeshTongue","from":[1.051100194454,0.24101947248,-0.464524737992],"to":[2.597403585911,0.413784772158,0.480014721364],"rotationOrigin":[1.824251890182,0.327402114868,0.007744991686],"stepParentName":"b_Jaw","rotationX":-0.178066927004,"rotationY":-0.037545536527,"rotationZ":-179.430121345367,"group":"wolf0-jaw","faces":{"north":{"texture":"#head","uv":[34.0,56.0,33.0,63.0],"autoUv":false,"rotation":270},"east":{"texture":"head","uv":[39.0,61.0,35.0,62.0],"autoUv":false,"rotation":180,"enabled":false},"south":{"texture":"#head","uv":[39.0,56.0,38.0,63.0],"autoUv":false,"rotation":90},"west":{"texture":"#head","uv":[38.0,63.0,34.0,64.0],"autoUv":false,"rotation":180},"up":{"texture":"#head","uv":[34.0,56.0,38.0,63.0],"autoUv":false,"rotation":90},"down":{"texture":"#head","uv":[39.0,63.0,35.0,56.0],"autoUv":false,"rotation":270}},"children":[]},{"name":"MeshMouthR.021","from":[-1.105566620827,0.50397709012,-0.194654762745],"to":[1.504323959351,0.90805414319,1.482178032398],"rotationOrigin":[0.464574933052,0.626939058304,0.84614855051],"stepParentName":"b_Jaw","rotationX":-0.331386691264,"rotationY":15.022692013383,"rotationZ":-179.409958626937,"group":"wolf0-jaw","faces":{"north":{"texture":"#head","uv":[54.0,5.0,55.0,6.0],"autoUv":false},"east":{"texture":"#head","uv":[55.0,5.0,58.0,6.0],"autoUv":false},"south":{"texture":"#head","uv":[58.0,5.0,59.0,6.0],"autoUv":false},"west":{"texture":"#head","uv":[55.0,5.0,58.0,6.0],"autoUv":false},"up":{"texture":"#head","uv":[55.0,1.0,58.0,5.0],"autoUv":false,"rotation":90},"down":{"texture":"#head","uv":[58.0,9.0,55.0,6.0],"autoUv":false,"rotation":270}},"children":[]},{"name":"MeshMouthR.025","from":[-0.259922862053,0.524538502097,-0.318765759468],"to":[2.387057304382,0.928615540266,1.0647110641],"rotationOrigin":[1.43980884552,0.647500455379,0.585473060608],"stepParentName":"b_Jaw","rotationX":-0.22892739705,"rotationY":5.062570790646,"rotationZ":-179.427881043319,"group":"wolf0-jaw","faces":{"north":{"texture":"#head","uv":[54.0,5.0,55.0,6.0],"autoUv":false},"east":{"texture":"#head","uv":[55.0,5.0,58.0,6.0],"autoUv":false},"south":{"texture":"#head","uv":[58.0,5.0,59.0,6.0],"autoUv":false},"west":{"texture":"#head","uv":[55.0,5.0,58.0,6.0],"autoUv":false},"up":{"texture":"#head","uv":[55.0,1.0,58.0,5.0],"autoUv":false,"rotation":90},"down":{"texture":"#head","uv":[58.0,9.0,55.0,6.0],"autoUv":false,"rotation":270}},"children":[]},{"name":"MeshMouthR.026","from":[2.640864762486,0.042010618554,0.54004525659],"to":[3.682801217545,0.709753235996,0.708327301014],"rotationOrigin":[2.992462396622,0.411380201578,0.648903667927],"stepParentName":"b_Jaw","rotationX":90.299984412825,"rotationY":0.385592860106,"rotationZ":-90.99268170788,"group":"wolf0-jaw","faces":{"north":{"texture":"#head","uv":[13.0,60.0,11.0,61.0],"autoUv":false},"east":{"texture":"#head","uv":[14.0,59.0,13.0,60.0],"autoUv":false,"rotation":270},"south":{"texture":"#head","uv":[13.0,58.0,11.0,59.0],"autoUv":false,"rotation":180},"west":{"texture":"#head","uv":[11.0,59.0,10.0,60.0],"autoUv":false,"rotation":90},"up":{"texture":"#head","uv":[13.0,59.0,11.0,60.0],"autoUv":false,"rotation":180},"down":{"texture":"#head","uv":[11.0,60.0,13.0,59.0],"autoUv":false}},"children":[]},{"name":"MeshMouthR.027","from":[2.116278144208,-0.453221146466,0.814135507531],"to":[2.530034109907,1.27125090778,0.982150240951],"rotationOrigin":[2.323156118393,0.409014880657,0.898142874241],"stepParentName":"b_Jaw","rotationX":84.998371088494,"rotationY":2.954697146265,"rotationZ":-94.757632242553,"group":"wolf0-jaw","faces":{"north":{"texture":"#head","uv":[13.0,60.0,11.0,61.0],"autoUv":false},"east":{"texture":"#head","uv":[14.0,59.0,13.0,60.0],"autoUv":false,"rotation":270},"south":{"texture":"#head","uv":[13.0,58.0,11.0,59.0],"autoUv":false,"rotation":180},"west":{"texture":"#head","uv":[11.0,59.0,10.0,60.0],"autoUv":false,"rotation":90},"up":{"texture":"#head","uv":[13.0,59.0,11.0,60.0],"autoUv":false,"rotation":180},"down":{"texture":"#head","uv":[11.0,60.0,13.0,59.0],"autoUv":false}},"children":[]},{"name":"MeshMouthR.001","from":[-1.203291535378,0.447321474552,1.003491938114],"to":[1.536244273186,1.576181232929,1.835249900818],"rotationOrigin":[0.366850018501,0.606053292751,1.137247085571],"stepParentName":"b_Jaw","rotationX":-0.455568868524,"rotationY":25.932460967091,"rotationZ":-179.366313718141,"group":"wolf0-jaw","faces":{"north":{"texture":"#head","uv":[54.0,5.0,55.0,6.0],"autoUv":false},"east":{"texture":"#head","uv":[55.0,5.0,58.0,6.0],"autoUv":false},"south":{"texture":"#head","uv":[58.0,5.0,59.0,6.0],"autoUv":false},"west":{"texture":"#head","uv":[55.0,5.0,58.0,6.0],"autoUv":false},"up":{"texture":"#head","uv":[55.0,1.0,58.0,5.0],"autoUv":false,"rotation":90},"down":{"texture":"#head","uv":[58.0,9.0,55.0,6.0],"autoUv":false,"rotation":270}},"children":[]},{"name":"MeshMouthR.003","from":[-1.013890385628,0.340552449226,-1.424312770367],"to":[1.596000790596,0.744629591703,0.252520382404],"rotationOrigin":[0.464574933052,0.626939058304,0.84614855051],"stepParentName":"b_Jaw","rotationX":0.331488850617,"rotationY":-15.022695428478,"rotationZ":0.590041739625,"group":"wolf0-jaw","faces":{"north":{"texture":"#head","uv":[59.0,5.0,58.0,6.0],"autoUv":false,"rotation":180},"east":{"texture":"#head","uv":[58.0,5.0,55.0,6.0],"autoUv":false,"rotation":180},"south":{"texture":"#head","uv":[55.0,5.0,54.0,6.0],"autoUv":false,"rotation":180},"west":{"texture":"#head","uv":[58.0,5.0,55.0,6.0],"autoUv":false,"rotation":180},"up":{"texture":"#head","uv":[58.0,6.0,55.0,9.0],"autoUv":false,"rotation":90},"down":{"texture":"#head","uv":[55.0,5.0,58.0,1.0],"autoUv":false,"rotation":270}},"children":[]},{"name":"MeshMouthR.004","from":[0.389191508293,0.362738221884,-1.060132664966],"to":[3.036172032356,0.766815282404,0.323344083086],"rotationOrigin":[1.43980884552,0.647500455379,0.585473060608],"stepParentName":"b_Jaw","rotationX":0.229025047411,"rotationY":-5.062572498193,"rotationZ":0.572107370412,"group":"wolf0-jaw","faces":{"north":{"texture":"#head","uv":[59.0,5.0,58.0,6.0],"autoUv":false,"rotation":180},"east":{"texture":"#head","uv":[58.0,5.0,55.0,6.0],"autoUv":false,"rotation":180},"south":{"texture":"#head","uv":[55.0,5.0,54.0,6.0],"autoUv":false,"rotation":180},"west":{"texture":"#head","uv":[58.0,5.0,55.0,6.0],"autoUv":false,"rotation":180},"up":{"texture":"#head","uv":[58.0,6.0,55.0,9.0],"autoUv":false,"rotation":90},"down":{"texture":"#head","uv":[55.0,5.0,58.0,1.0],"autoUv":false,"rotation":270}},"children":[]},{"name":"MeshMouthR.006","from":[2.716547039284,0.29573012871,-1.000288454405],"to":[3.384289691384,0.46401216888,0.041647856351],"rotationOrigin":[2.992462396622,0.411380201578,0.648903667927],"stepParentName":"b_Jaw","rotationX":-0.293203159039,"rotationY":-0.993548878583,"rotationZ":-179.614358868039,"group":"wolf0-jaw","faces":{"north":{"texture":"#head","uv":[10.0,59.0,11.0,60.0],"autoUv":false},"east":{"texture":"#head","uv":[11.0,59.0,13.0,60.0],"autoUv":false},"south":{"texture":"#head","uv":[13.0,59.0,14.0,60.0],"autoUv":false},"west":{"texture":"#head","uv":[11.0,59.0,13.0,60.0],"autoUv":false},"up":{"texture":"#head","uv":[11.0,58.0,13.0,59.0],"autoUv":false,"rotation":90},"down":{"texture":"#head","uv":[13.0,61.0,11.0,60.0],"autoUv":false,"rotation":270}},"children":[]},{"name":"MeshMouthR.007","from":[1.617379519157,0.481409950619,-1.09134481935],"to":[3.341851396627,0.649424723028,-0.677588913394],"rotationOrigin":[2.323156118393,0.409014880657,0.898142874241],"stepParentName":"b_Jaw","rotationX":5.247542131767,"rotationY":-4.751167525346,"rotationZ":-177.035101852524,"group":"wolf0-jaw","faces":{"north":{"texture":"#head","uv":[10.0,59.0,11.0,60.0],"autoUv":false},"east":{"texture":"#head","uv":[11.0,59.0,13.0,60.0],"autoUv":false},"south":{"texture":"#head","uv":[13.0,59.0,14.0,60.0],"autoUv":false},"west":{"texture":"#head","uv":[11.0,59.0,13.0,60.0],"autoUv":false},"up":{"texture":"#head","uv":[11.0,58.0,13.0,59.0],"autoUv":false,"rotation":90},"down":{"texture":"#head","uv":[13.0,61.0,11.0,60.0],"autoUv":false,"rotation":270}},"children":[]},{"name":"MeshMouthR.008","from":[-1.797313680401,-0.371159374714,-1.606166601181],"to":[0.942222024478,0.757700428367,-0.774408340454],"rotationOrigin":[0.366850018501,0.606053292751,1.137247085571],"stepParentName":"b_Jaw","rotationX":0.455667746184,"rotationY":-25.93246779728,"rotationZ":0.633686488339,"group":"wolf0-jaw","faces":{"north":{"texture":"#head","uv":[59.0,5.0,58.0,6.0],"autoUv":false,"rotation":180},"east":{"texture":"#head","uv":[58.0,5.0,55.0,6.0],"autoUv":false,"rotation":180},"south":{"texture":"#head","uv":[55.0,5.0,54.0,6.0],"autoUv":false,"rotation":180},"west":{"texture":"#head","uv":[58.0,5.0,55.0,6.0],"autoUv":false,"rotation":180},"up":{"texture":"#head","uv":[58.0,6.0,55.0,9.0],"autoUv":false,"rotation":90},"down":{"texture":"#head","uv":[55.0,5.0,58.0,1.0],"autoUv":false,"rotation":270}},"children":[]}],"groups":[]}