{"textureWidth":64,"textureHeight":64,"textures":{},"textureSizes":{"head":[64,64]},"elements":[{"name":"MeshHead.047","from":[-2.14844429493,0.388667345047,-2.171022750699],"to":[1.197614312172,4.524810314178,2.171021602786],"rotationOrigin":[-0.954938769341,2.657348632812,-5.73957e-07],"stepParentName":"b_Head","rotationX":-1.3660375e-05,"rotationY":1e-12,"rotationZ":0.0,"group":"head-toaster","faces":{"north":{"texture":"#head","uv":[1.0,1.0,8.0,7.0],"autoUv":false},"east":{"texture":"#head","uv":[21.0,1.0,27.0,7.0],"autoUv":false},"south":{"texture":"#head","uv":[14.0,1.0,21.0,7.0],"autoUv":false},"west":{"texture":"#head","uv":[8.0,1.0,14.0,7.0],"autoUv":false},"up":{"texture":"#head","uv":[2.0,7.0,8.0,14.0],"autoUv":false,"rotation":90},"down":{"texture":"#head","uv":[14.0,14.0,8.0,7.0],"autoUv":false,"rotation":90}},"children":[]},{"name":"MeshNeck.012","from":[-1.323502242565,-2.071530461311,-1.499999449484],"to":[1.676498472691,1.928470611572,1.500000550516],"rotationOrigin":[0.376498162746,-2.371530532837,5.50516e-07],"stepParentName":"b_Head","rotationX":-1.4533892e-05,"rotationY":1.1099057e-05,"rotationZ":9.00004293913,"group":"head-toaster","faces":{"north":{"texture":"#head","uv":[27.0,3.0,36.0,14.0],"autoUv":false},"east":{"texture":"#head","uv":[27.0,3.0,36.0,14.0],"autoUv":false},"south":{"texture":"#head","uv":[27.0,3.0,36.0,14.0],"autoUv":false},"west":{"texture":"#head","uv":[36.0,3.0,44.0,14.0],"autoUv":false},"up":{"texture":"#head","uv":[36.0,0.0,44.0,9.0],"autoUv":false,"rotation":90},"down":{"texture":"#head","uv":[44.0,9.0,36.0,0.0],"autoUv":false,"rotation":270}},"children":[]},{"name":"Head","from":[-2.079614400864,0.007338894997,-2.444090127945],"to":[-2.079614400864,0.007338894997,-2.444090127945],"rotationOrigin":[-2.079614400864,0.007338894997,-2.444090127945],"rotationX":-1.3660375e-05,"rotationY":1e-12,"rotationZ":0.0,"faces":{"north":{"texture":"#null","uv":[0.0,0.0,0.0,0.0],"enabled":false},"east":{"texture":"#null","uv":[0.0,0.0,0.0,0.0],"enabled":false},"south":{"texture":"#null","uv":[0.0,0.0,0.0,0.0],"enabled":false},"west":{"texture":"#null","uv":[0.0,0.0,0.0,0.0],"enabled":false},"up":{"texture":"#null","uv":[0.0,0.0,0.0,0.0],"enabled":false},"down":{"texture":"#null","uv":[0.0,0.0,0.0,0.0],"enabled":false}},"children":[],"stepParentName":"b_Head"},{"name":"MeshMouthR.211","from":[-4.449654549995,0.929174422539,-0.421853815163],"to":[-2.282912283501,4.421396738437,1.842734642898],"rotationOrigin":[-3.366283416748,2.926059961319,0.710440516472],"stepParentName":"b_Head","rotationX":88.664256559445,"rotationY":16.982076918321,"rotationZ":-76.29248902899,"group":"head-toaster","faces":{"north":{"texture":"#head","uv":[10.0,58.0,14.0,62.0],"autoUv":false,"rotation":180},"east":{"texture":"#head","uv":[10.0,58.0,14.0,62.0],"autoUv":false},"south":{"texture":"#head","uv":[10.0,58.0,14.0,62.0],"autoUv":false,"rotation":180},"west":{"texture":"#head","uv":[10.0,58.0,14.0,62.0],"autoUv":false,"rotation":180},"up":{"texture":"#head","uv":[10.0,58.0,14.0,62.0],"autoUv":false,"rotation":270},"down":{"texture":"#head","uv":[14.0,62.0,10.0,58.0],"autoUv":false,"rotation":90}},"children":[]},{"name":"MeshMouthR.209","from":[-4.632251823116,-0.22078379575,-0.665887964277],"to":[-2.094733154607,3.148554149488,1.598700807431],"rotationOrigin":[-3.363492488861,1.753303647041,0.466406524181],"stepParentName":"b_Head","rotationX":92.543517140067,"rotationY":1.164110334824,"rotationZ":-76.840522917425,"group":"head-toaster","faces":{"north":{"texture":"#head","uv":[10.0,58.0,14.0,62.0],"autoUv":false,"rotation":180},"east":{"texture":"#head","uv":[10.0,58.0,14.0,62.0],"autoUv":false},"south":{"texture":"#head","uv":[10.0,58.0,14.0,62.0],"autoUv":false,"rotation":180},"west":{"texture":"#head","uv":[10.0,58.0,14.0,62.0],"autoUv":false,"rotation":180},"up":{"texture":"#head","uv":[10.0,58.0,14.0,62.0],"autoUv":false,"rotation":270},"down":{"texture":"#head","uv":[14.0,62.0,10.0,58.0],"autoUv":false,"rotation":90}},"children":[]},{"name":"MeshHead.048","from":[-8.467394150428,3.415801852422,-1.37273284067],"to":[-5.874085791063,4.336786278681,1.520621694285],"rotationOrigin":[-7.225879192352,1.856098175049,0.053368270397],"stepParentName":"b_Head","rotationX":90.142302665646,"rotationY":4.863774292871,"rotationZ":-90.166440554173,"group":"head-toaster","faces":{"north":{"texture":"#head","uv":[10.0,58.0,14.0,62.0],"autoUv":false,"rotation":180},"east":{"texture":"#head","uv":[10.0,58.0,14.0,62.0],"autoUv":false},"south":{"texture":"#head","uv":[10.0,58.0,14.0,62.0],"autoUv":false,"rotation":180},"west":{"texture":"#head","uv":[10.0,58.0,14.0,62.0],"autoUv":false,"rotation":180},"up":{"texture":"#head","uv":[10.0,58.0,14.0,62.0],"autoUv":false,"rotation":270},"down":{"texture":"#head","uv":[14.0,62.0,10.0,58.0],"autoUv":false,"rotation":90}},"children":[]},{"name":"MeshHead.049","from":[-2.691899061203,0.390401388521,-2.143615189442],"to":[-2.131023406982,4.510042395065,2.151415326745],"rotationOrigin":[-4.656146526337,2.450222015381,0.003899937728],"stepParentName":"b_Head","rotationX":-1.3660375e-05,"rotationY":1e-12,"rotationZ":0.0,"group":"head-toaster","faces":{"north":{"texture":"#head","uv":[50.0,12.0,53.0,14.0],"autoUv":false},"east":{"texture":"#head","uv":[58.0,12.0,61.0,14.0],"autoUv":false},"south":{"texture":"#head","uv":[55.0,12.0,58.0,14.0],"autoUv":false},"west":{"texture":"#head","uv":[53.0,12.0,55.0,14.0],"autoUv":false},"up":{"texture":"#head","uv":[45.0,18.0,47.0,21.0],"autoUv":false,"rotation":90},"down":{"texture":"#head","uv":[53.0,21.0,51.0,18.0],"autoUv":false,"rotation":90}},"children":[]},{"name":"MeshMouthR.210","from":[-4.787004145156,0.621005105467,-1.737510068886],"to":[-1.389405286274,2.885593877175,0.800007999328],"rotationOrigin":[-3.363492250443,1.753299593925,-0.468750983477],"stepParentName":"b_Head","rotationX":-2.815691270711,"rotationY":13.156619445339,"rotationZ":-178.804503338151,"group":"head-toaster","faces":{"north":{"texture":"#head","uv":[14.0,58.0,10.0,62.0],"autoUv":false,"rotation":270},"east":{"texture":"#head","uv":[14.0,58.0,10.0,62.0],"autoUv":false,"rotation":270},"south":{"texture":"#head","uv":[14.0,58.0,10.0,62.0],"autoUv":false,"rotation":270},"west":{"texture":"#head","uv":[14.0,58.0,10.0,62.0],"autoUv":false,"rotation":270},"up":{"texture":"#head","uv":[14.0,58.0,10.0,62.0],"autoUv":false,"rotation":90},"down":{"texture":"#head","uv":[10.0,62.0,14.0,58.0],"autoUv":false,"rotation":90}},"children":[]},{"name":"MeshMouthR.212","from":[-4.800167268761,1.7937671628,-1.796156418161],"to":[-1.369399618765,4.058355415652,0.370585453348],"rotationOrigin":[-3.366284608841,2.92606139183,-0.712785482407],"stepParentName":"b_Head","rotationX":-2.739155372523,"rotationY":13.098919714778,"rotationZ":-162.549882547571,"group":"head-toaster","faces":{"north":{"texture":"#head","uv":[14.0,58.0,10.0,62.0],"autoUv":false,"rotation":270},"east":{"texture":"#head","uv":[14.0,58.0,10.0,62.0],"autoUv":false,"rotation":270},"south":{"texture":"#head","uv":[14.0,58.0,10.0,62.0],"autoUv":false,"rotation":270},"west":{"texture":"#head","uv":[14.0,58.0,10.0,62.0],"autoUv":false,"rotation":270},"up":{"texture":"#head","uv":[14.0,58.0,10.0,62.0],"autoUv":false,"rotation":90},"down":{"texture":"#head","uv":[10.0,62.0,14.0,58.0],"autoUv":false,"rotation":90}},"children":[]},{"name":"MeshHead.051","from":[-5.736999781505,0.845518941691,-1.04997176313],"to":[-4.991764425965,0.883298783309,-0.935088217095],"rotationOrigin":[-5.311275482178,1.163289785385,-0.992529988289],"stepParentName":"b_Head","rotationX":67.409800692632,"rotationY":4.566132151202,"rotationZ":-88.314660156967,"group":"head-toaster","faces":{"north":{"texture":"#head","uv":[58.0,58.0,62.0,62.0],"autoUv":false,"glow":128,"rotation":180},"east":{"texture":"#head","uv":[58.0,58.0,62.0,62.0],"autoUv":false,"glow":128},"south":{"texture":"#head","uv":[58.0,58.0,62.0,62.0],"autoUv":false,"glow":128,"rotation":180},"west":{"texture":"#head","uv":[58.0,58.0,62.0,62.0],"autoUv":false,"glow":128,"rotation":180},"up":{"texture":"#head","uv":[58.0,58.0,62.0,62.0],"autoUv":false,"glow":128,"rotation":270},"down":{"texture":"#head","uv":[62.0,62.0,58.0,58.0],"autoUv":false,"glow":128,"rotation":90}},"children":[]},{"name":"MeshHead.052","from":[-5.738098891154,0.89698504906,-0.43302077436],"to":[-5.0221751583,0.934764890678,-0.318137228325],"rotationOrigin":[-5.312374591827,1.214755892754,-0.375578999519],"stepParentName":"b_Head","rotationX":112.742790742382,"rotationY":4.410793585795,"rotationZ":-92.058437105212,"group":"head-toaster","faces":{"north":{"texture":"#head","uv":[58.0,58.0,62.0,62.0],"autoUv":false,"glow":128,"rotation":180},"east":{"texture":"#head","uv":[58.0,58.0,62.0,62.0],"autoUv":false,"glow":128},"south":{"texture":"#head","uv":[58.0,58.0,62.0,62.0],"autoUv":false,"glow":128,"rotation":180},"west":{"texture":"#head","uv":[58.0,58.0,62.0,62.0],"autoUv":false,"glow":128,"rotation":180},"up":{"texture":"#head","uv":[58.0,58.0,62.0,62.0],"autoUv":false,"glow":128,"rotation":270},"down":{"texture":"#head","uv":[62.0,62.0,58.0,58.0],"autoUv":false,"glow":128,"rotation":90}},"children":[]},{"name":"MeshHead.071","from":[-5.854254992381,0.809063668063,-1.689901772972],"to":[-5.175017023787,0.846843509681,-1.575018226937],"rotationOrigin":[-5.428530693054,1.126834511757,-1.632459998131],"stepParentName":"b_Head","rotationX":-80.234826406598,"rotationY":159.787590122678,"rotationZ":-14.67733715838,"group":"head-toaster","faces":{"north":{"texture":"#head","uv":[58.0,58.0,62.0,62.0],"autoUv":false,"glow":128,"rotation":180},"east":{"texture":"#head","uv":[58.0,58.0,62.0,62.0],"autoUv":false,"glow":128},"south":{"texture":"#head","uv":[58.0,58.0,62.0,62.0],"autoUv":false,"glow":128,"rotation":180},"west":{"texture":"#head","uv":[58.0,58.0,62.0,62.0],"autoUv":false,"glow":128,"rotation":180},"up":{"texture":"#head","uv":[58.0,58.0,62.0,62.0],"autoUv":false,"glow":128,"rotation":270},"down":{"texture":"#head","uv":[62.0,62.0,58.0,58.0],"autoUv":false,"glow":128,"rotation":90}},"children":[]},{"name":"MeshHead.072","from":[-5.261640341655,0.854193324855,-1.83301037931],"to":[-4.5457166088,0.891973166473,-1.718126833275],"rotationOrigin":[-4.835916042328,1.171964168549,-1.775568604469],"stepParentName":"b_Head","rotationX":-91.54757993643,"rotationY":-156.391524444699,"rotationZ":-15.039887014619,"group":"head-toaster","faces":{"north":{"texture":"#head","uv":[58.0,58.0,62.0,62.0],"autoUv":false,"glow":128,"rotation":180},"east":{"texture":"#head","uv":[58.0,58.0,62.0,62.0],"autoUv":false,"glow":128},"south":{"texture":"#head","uv":[58.0,58.0,62.0,62.0],"autoUv":false,"glow":128,"rotation":180},"west":{"texture":"#head","uv":[58.0,58.0,62.0,62.0],"autoUv":false,"glow":128,"rotation":180},"up":{"texture":"#head","uv":[58.0,58.0,62.0,62.0],"autoUv":false,"glow":128,"rotation":270},"down":{"texture":"#head","uv":[62.0,62.0,58.0,58.0],"autoUv":false,"glow":128,"rotation":90}},"children":[]},{"name":"MeshHead.081","from":[-4.656470568553,0.794973964503,-1.985839787956],"to":[-3.940546835698,0.832753806121,-1.870956241921],"rotationOrigin":[-4.230746269226,1.112744808197,-1.928398013115],"stepParentName":"b_Head","rotationX":-80.234826406598,"rotationY":159.787590122678,"rotationZ":-14.67733715838,"group":"head-toaster","faces":{"north":{"texture":"#head","uv":[58.0,58.0,62.0,62.0],"autoUv":false,"glow":128,"rotation":180},"east":{"texture":"#head","uv":[58.0,58.0,62.0,62.0],"autoUv":false,"glow":128},"south":{"texture":"#head","uv":[58.0,58.0,62.0,62.0],"autoUv":false,"glow":128,"rotation":180},"west":{"texture":"#head","uv":[58.0,58.0,62.0,62.0],"autoUv":false,"glow":128,"rotation":180},"up":{"texture":"#head","uv":[58.0,58.0,62.0,62.0],"autoUv":false,"glow":128,"rotation":270},"down":{"texture":"#head","uv":[62.0,62.0,58.0,58.0],"autoUv":false,"glow":128,"rotation":90}},"children":[]},{"name":"MeshHead.082","from":[-5.280869154469,1.474904055407,-0.433020919098],"to":[-5.103565062322,1.512683897026,-0.318137351182],"rotationOrigin":[-5.39376449585,1.792674899101,-0.375579118729],"stepParentName":"b_Head","rotationX":112.742790742382,"rotationY":4.410793585795,"rotationZ":-92.058437105212,"group":"head-toaster","faces":{"north":{"texture":"#head","uv":[58.0,58.0,62.0,62.0],"autoUv":false,"glow":128,"rotation":180},"east":{"texture":"#head","uv":[58.0,58.0,62.0,62.0],"autoUv":false,"glow":128},"south":{"texture":"#head","uv":[58.0,58.0,62.0,62.0],"autoUv":false,"glow":128,"rotation":180},"west":{"texture":"#head","uv":[58.0,58.0,62.0,62.0],"autoUv":false,"glow":128,"rotation":180},"up":{"texture":"#head","uv":[58.0,58.0,62.0,62.0],"autoUv":false,"glow":128,"rotation":270},"down":{"texture":"#head","uv":[62.0,62.0,58.0,58.0],"autoUv":false,"glow":128,"rotation":90}},"children":[]},{"name":"MeshHead.067","from":[-5.038058042796,0.345730661133,0.415494612331],"to":[-5.000278172002,0.460614350296,1.160730233671],"rotationOrigin":[-5.311275482178,1.163289785385,-0.992529988289],"stepParentName":"b_Head","rotationX":22.455957858804,"rotationY":1.680071255741,"rotationZ":-175.431974492052,"group":"head-toaster","faces":{"north":{"texture":"#head","uv":[62.0,58.0,58.0,62.0],"autoUv":false,"glow":128,"rotation":270},"east":{"texture":"#head","uv":[62.0,58.0,58.0,62.0],"autoUv":false,"glow":128,"rotation":270},"south":{"texture":"#head","uv":[62.0,58.0,58.0,62.0],"autoUv":false,"glow":128,"rotation":270},"west":{"texture":"#head","uv":[62.0,58.0,58.0,62.0],"autoUv":false,"glow":128,"rotation":270},"up":{"texture":"#head","uv":[62.0,58.0,58.0,62.0],"autoUv":false,"glow":128,"rotation":90},"down":{"texture":"#head","uv":[58.0,62.0,62.0,58.0],"autoUv":false,"glow":128,"rotation":90}},"children":[]},{"name":"MeshHead.068","from":[-5.034948363238,1.446847130933,-0.108193405059],"to":[-4.99716851932,1.561730681812,0.60773034221],"rotationOrigin":[-5.312374591827,1.214755892754,-0.375578999519],"stepParentName":"b_Head","rotationX":-22.584443962376,"rotationY":-2.052361495345,"rotationZ":-175.586432389942,"group":"head-toaster","faces":{"north":{"texture":"#head","uv":[62.0,58.0,58.0,62.0],"autoUv":false,"glow":128,"rotation":270},"east":{"texture":"#head","uv":[62.0,58.0,58.0,62.0],"autoUv":false,"glow":128,"rotation":270},"south":{"texture":"#head","uv":[62.0,58.0,58.0,62.0],"autoUv":false,"glow":128,"rotation":270},"west":{"texture":"#head","uv":[62.0,58.0,58.0,62.0],"autoUv":false,"glow":128,"rotation":270},"up":{"texture":"#head","uv":[62.0,58.0,58.0,62.0],"autoUv":false,"glow":128,"rotation":90},"down":{"texture":"#head","uv":[58.0,62.0,62.0,58.0],"autoUv":false,"glow":128,"rotation":90}},"children":[]},{"name":"MeshHead.069","from":[-8.309637924252,1.589055339829,-2.688364208612],"to":[-8.271857961332,1.70393892628,-2.009126281373],"rotationOrigin":[-5.428530693054,1.126834511757,-1.632459998131],"stepParentName":"b_Head","rotationX":117.400242095901,"rotationY":-65.202461137802,"rotationZ":-55.464691173967,"group":"head-toaster","faces":{"north":{"texture":"#head","uv":[62.0,58.0,58.0,62.0],"autoUv":false,"glow":128,"rotation":270},"east":{"texture":"#head","uv":[62.0,58.0,58.0,62.0],"autoUv":false,"glow":128,"rotation":270},"south":{"texture":"#head","uv":[62.0,58.0,58.0,62.0],"autoUv":false,"glow":128,"rotation":270},"west":{"texture":"#head","uv":[62.0,58.0,58.0,62.0],"autoUv":false,"glow":128,"rotation":270},"up":{"texture":"#head","uv":[62.0,58.0,58.0,62.0],"autoUv":false,"glow":128,"rotation":90},"down":{"texture":"#head","uv":[58.0,62.0,62.0,58.0],"autoUv":false,"glow":128,"rotation":90}},"children":[]},{"name":"MeshHead.070","from":[-7.994136127522,1.02664535775,-3.085357814764],"to":[-7.956356166902,1.141528908956,-2.369434037972],"rotationOrigin":[-4.835916042328,1.171964168549,-1.775568604469],"stepParentName":"b_Head","rotationX":-122.311366675193,"rotationY":-62.241225792954,"rotationZ":59.301580676072,"group":"head-toaster","faces":{"north":{"texture":"#head","uv":[62.0,58.0,58.0,62.0],"autoUv":false,"glow":128,"rotation":270},"east":{"texture":"#head","uv":[62.0,58.0,58.0,62.0],"autoUv":false,"glow":128,"rotation":270},"south":{"texture":"#head","uv":[62.0,58.0,58.0,62.0],"autoUv":false,"glow":128,"rotation":270},"west":{"texture":"#head","uv":[62.0,58.0,58.0,62.0],"autoUv":false,"glow":128,"rotation":270},"up":{"texture":"#head","uv":[62.0,58.0,58.0,62.0],"autoUv":false,"glow":128,"rotation":90},"down":{"texture":"#head","uv":[58.0,62.0,62.0,58.0],"autoUv":false,"glow":128,"rotation":90}},"children":[]},{"name":"MeshHead.087","from":[-7.684908118654,1.669174070306,-3.098542345213],"to":[-7.647128160334,1.784057591411,-2.382618597596],"rotationOrigin":[-4.230746269226,1.112744808197,-1.928398013115],"stepParentName":"b_Head","rotationX":117.400201114766,"rotationY":-65.202440647235,"rotationZ":-55.46466385321,"group":"head-toaster","faces":{"north":{"texture":"#head","uv":[62.0,58.0,58.0,62.0],"autoUv":false,"glow":128,"rotation":270},"east":{"texture":"#head","uv":[62.0,58.0,58.0,62.0],"autoUv":false,"glow":128,"rotation":270},"south":{"texture":"#head","uv":[62.0,58.0,58.0,62.0],"autoUv":false,"glow":128,"rotation":270},"west":{"texture":"#head","uv":[62.0,58.0,58.0,62.0],"autoUv":false,"glow":128,"rotation":270},"up":{"texture":"#head","uv":[62.0,58.0,58.0,62.0],"autoUv":false,"glow":128,"rotation":90},"down":{"texture":"#head","uv":[58.0,62.0,62.0,58.0],"autoUv":false,"glow":128,"rotation":90}},"children":[]},{"name":"MeshHead.088","from":[-5.11633790487,2.024765377804,0.430428649051],"to":[-5.078558063252,2.139648913496,0.607732733613],"rotationOrigin":[-5.39376449585,1.792674899101,-0.375579118729],"stepParentName":"b_Head","rotationX":-22.58442859445,"rotationY":-2.052373021289,"rotationZ":-175.586459710699,"group":"head-toaster","faces":{"north":{"texture":"#head","uv":[62.0,58.0,58.0,62.0],"autoUv":false,"glow":128,"rotation":270},"east":{"texture":"#head","uv":[62.0,58.0,58.0,62.0],"autoUv":false,"glow":128,"rotation":270},"south":{"texture":"#head","uv":[62.0,58.0,58.0,62.0],"autoUv":false,"glow":128,"rotation":270},"west":{"texture":"#head","uv":[62.0,58.0,58.0,62.0],"autoUv":false,"glow":128,"rotation":270},"up":{"texture":"#head","uv":[62.0,58.0,58.0,62.0],"autoUv":false,"glow":128,"rotation":90},"down":{"texture":"#head","uv":[58.0,62.0,62.0,58.0],"autoUv":false,"glow":128,"rotation":90}},"children":[]},{"name":"MeshHead.050","from":[-4.542422542763,2.763066789113,-1.9139703285],"to":[-3.826498766319,2.913697494879,-1.351974896827],"rotationOrigin":[-4.184460639954,2.83838224411,-1.632972598076],"stepParentName":"b_Head","rotationX":-87.907478429596,"rotationY":158.092828944301,"rotationZ":-15.945990155196,"group":"head-toaster","faces":{"north":{"texture":"#head","uv":[58.0,58.0,62.0,62.0],"autoUv":false,"glow":128,"rotation":180},"east":{"texture":"#head","uv":[58.0,58.0,62.0,62.0],"autoUv":false,"glow":128},"south":{"texture":"#head","uv":[58.0,58.0,62.0,62.0],"autoUv":false,"glow":128,"rotation":180},"west":{"texture":"#head","uv":[58.0,58.0,62.0,62.0],"autoUv":false,"glow":128,"rotation":180},"up":{"texture":"#head","uv":[58.0,58.0,62.0,62.0],"autoUv":false,"glow":128,"rotation":270},"down":{"texture":"#head","uv":[62.0,62.0,58.0,58.0],"autoUv":false,"glow":128,"rotation":90}},"children":[]},{"name":"MeshHead.089","from":[-4.25977498537,2.557385426118,1.275009199023],"to":[-4.109144133727,3.119380881925,1.990933194457],"rotationOrigin":[-4.184459209442,2.838383197784,1.632971167564],"stepParentName":"b_Head","rotationX":125.352563044655,"rotationY":-63.136950461088,"rotationZ":-55.660406829539,"group":"head-toaster","faces":{"north":{"texture":"#head","uv":[62.0,58.0,58.0,62.0],"autoUv":false,"glow":128,"rotation":270},"east":{"texture":"#head","uv":[62.0,58.0,58.0,62.0],"autoUv":false,"glow":128,"rotation":270},"south":{"texture":"#head","uv":[62.0,58.0,58.0,62.0],"autoUv":false,"glow":128,"rotation":270},"west":{"texture":"#head","uv":[62.0,58.0,58.0,62.0],"autoUv":false,"glow":128,"rotation":270},"up":{"texture":"#head","uv":[62.0,58.0,58.0,62.0],"autoUv":false,"glow":128,"rotation":90},"down":{"texture":"#head","uv":[58.0,62.0,62.0,58.0],"autoUv":false,"glow":128,"rotation":90}},"children":[]},{"name":"FluffR.117","from":[-1.291883111,0.0078125,-2.768768310547],"to":[0.427962481976,3.063952326775,-1.784766435623],"rotationOrigin":[-0.43196028471,1.535882353783,-2.276767253876],"stepParentName":"b_Head","rotationX":-1.600595708167,"rotationY":21.550814359805,"rotationZ":-81.945925397469,"group":"fluff.010","faces":{"north":{"texture":"#head","uv":[27.0,22.0,30.0,28.0],"autoUv":false,"rotation":180},"east":{"texture":"#head","uv":[21.0,20.0,19.0,27.0],"autoUv":false,"rotation":180},"south":{"texture":"#head","uv":[22.0,21.0,19.0,27.0],"autoUv":false,"rotation":180},"west":{"texture":"#head","uv":[19.0,21.0,21.0,27.0],"autoUv":false,"rotation":180},"up":{"texture":"head","uv":[49.0,57.0,55.0,63.0],"autoUv":false,"rotation":90,"enabled":false},"down":{"texture":"#head","uv":[5.0,24.0,4.0,16.0],"autoUv":false,"rotation":90}},"children":[]},{"name":"FluffR.118","from":[-1.260192811489,3.23663854599,-1.694944890189],"to":[-0.535588920116,5.528761386871,1.694946257425],"rotationOrigin":[-0.897890865803,4.382699966431,6.83618e-07],"stepParentName":"b_Head","rotationX":-1.3660375e-05,"rotationY":1e-12,"rotationZ":-77.927520203076,"group":"fluff.010","faces":{"north":{"texture":"#head","uv":[21.0,20.0,19.0,27.0],"autoUv":false,"rotation":180},"east":{"texture":"#head","uv":[27.0,21.0,20.0,27.0],"autoUv":false,"rotation":180},"south":{"texture":"#head","uv":[19.0,18.0,21.0,27.0],"autoUv":false,"rotation":180},"west":{"texture":"#head","uv":[20.0,21.0,27.0,27.0],"autoUv":false,"rotation":180},"up":{"texture":"head","uv":[49.0,57.0,55.0,63.0],"autoUv":false,"enabled":false},"down":{"texture":"#head","uv":[5.0,24.0,4.0,16.0],"autoUv":false,"rotation":180}},"children":[]},{"name":"FluffR.119","from":[-0.408331811428,3.184142589569,-1.694944877673],"to":[0.316272079945,5.47626543045,1.694946269941],"rotationOrigin":[-0.046029865742,4.33020401001,6.96134e-07],"stepParentName":"b_Head","rotationX":-1.3660373e-05,"rotationY":1e-12,"rotationZ":-79.808294753309,"group":"fluff.010","faces":{"north":{"texture":"#head","uv":[21.0,20.0,19.0,27.0],"autoUv":false,"rotation":180},"east":{"texture":"#head","uv":[28.0,21.0,21.0,27.0],"autoUv":false,"rotation":180},"south":{"texture":"#head","uv":[19.0,18.0,21.0,27.0],"autoUv":false,"rotation":180},"west":{"texture":"#head","uv":[18.0,21.0,25.0,27.0],"autoUv":false,"rotation":180},"up":{"texture":"head","uv":[49.0,57.0,55.0,63.0],"autoUv":false,"enabled":false},"down":{"texture":"#head","uv":[5.0,24.0,4.0,16.0],"autoUv":false,"rotation":180}},"children":[]},{"name":"FluffR.122","from":[-3.633337199688,-3.189672784474,-3.028365314007],"to":[-0.577196836472,-2.205670968202,-1.308519363403],"rotationOrigin":[-0.43196028471,1.535882353783,-2.276767253876],"stepParentName":"b_Head","rotationX":88.625146896257,"rotationY":7.487658056876,"rotationZ":-158.25454050309,"group":"fluff.010","faces":{"north":{"texture":"#head","uv":[21.0,21.0,19.0,27.0],"autoUv":false,"rotation":270},"east":{"texture":"#head","uv":[5.0,16.0,4.0,24.0],"autoUv":false,"rotation":270},"south":{"texture":"#head","uv":[19.0,20.0,21.0,27.0],"autoUv":false,"rotation":90},"west":{"texture":"head","uv":[55.0,57.0,49.0,63.0],"autoUv":false,"rotation":90,"enabled":false},"up":{"texture":"#head","uv":[19.0,21.0,22.0,27.0],"autoUv":false,"rotation":90},"down":{"texture":"#head","uv":[27.0,28.0,30.0,22.0],"autoUv":false,"rotation":90}},"children":[]}],"groups":[]}