{"textureWidth":64,"textureHeight":64,"textures":{},"textureSizes":{"head":[64,64]},"elements":[{"name":"MeshMouthNoseTop","from":[-5.781351593248,1.167991778365,-0.417047508665],"to":[-5.366415473707,1.553191998491,0.364021734007],"rotationOrigin":[-5.573883533478,1.360591888428,-0.026512887329],"stepParentName":"b_Head","rotationX":-1.3660378e-05,"rotationY":1e-12,"rotationZ":1.913755185858,"group":"head-fox0","faces":{"north":{"texture":"#head","uv":[8.0,59.0,11.0,61.0],"autoUv":false},"east":{"texture":"#head","uv":[11.0,59.0,13.0,61.0],"autoUv":false},"south":{"texture":"#head","uv":[13.0,59.0,16.0,61.0],"autoUv":false},"west":{"texture":"#head","uv":[11.0,59.0,13.0,61.0],"autoUv":false},"up":{"texture":"#head","uv":[11.0,57.0,13.0,59.0],"autoUv":false,"rotation":90},"down":{"texture":"#head","uv":[13.0,63.0,11.0,61.0],"autoUv":false,"rotation":270}},"children":[]},{"name":"MeshHead.001","from":[-3.107491850853,0.451392412186,-2.171022499551],"to":[1.197614312172,4.863306522369,2.171021853934],"rotationOrigin":[-0.954938769341,1.353958129883,-3.22809e-07],"stepParentName":"b_Head","rotationX":-1.3660375e-05,"rotationY":1e-12,"rotationZ":0.0,"group":"head-fox0","faces":{"north":{"texture":"#head","uv":[1.0,1.0,8.0,7.0],"autoUv":false},"east":{"texture":"#head","uv":[21.0,1.0,27.0,7.0],"autoUv":false},"south":{"texture":"#head","uv":[14.0,1.0,21.0,7.0],"autoUv":false},"west":{"texture":"#head","uv":[8.0,1.0,14.0,7.0],"autoUv":false},"up":{"texture":"#head","uv":[2.0,7.0,8.0,14.0],"autoUv":false,"rotation":90},"down":{"texture":"#head","uv":[14.0,14.0,8.0,7.0],"autoUv":false,"rotation":90}},"children":[]},{"name":"MeshNeck.001","from":[-1.323502242565,-2.071530461311,-1.499999449484],"to":[1.676498472691,1.928470611572,1.500000550516],"rotationOrigin":[0.376498162746,-2.371530532837,5.50516e-07],"stepParentName":"b_Head","rotationX":-1.4533892e-05,"rotationY":1.1099057e-05,"rotationZ":9.00004293913,"group":"head-fox0","faces":{"north":{"texture":"#head","uv":[27.0,3.0,36.0,14.0],"autoUv":false},"east":{"texture":"#head","uv":[27.0,3.0,36.0,14.0],"autoUv":false},"south":{"texture":"#head","uv":[27.0,3.0,36.0,14.0],"autoUv":false},"west":{"texture":"#head","uv":[36.0,3.0,44.0,14.0],"autoUv":false},"up":{"texture":"#head","uv":[36.0,0.0,44.0,9.0],"autoUv":false,"rotation":90},"down":{"texture":"#head","uv":[44.0,9.0,36.0,0.0],"autoUv":false,"rotation":270}},"children":[]},{"name":"MeshMouthR.005","from":[-5.707238435745,0.434365332127,-0.750421272269],"to":[-3.097891569138,1.488673388958,0.742690695771],"rotationOrigin":[-4.402565002441,0.91893196106,-2.25059e-07],"stepParentName":"b_Head","rotationX":-1.3660375e-05,"rotationY":1e-12,"rotationZ":0.0,"group":"head-fox0","faces":{"north":{"texture":"#head","uv":[31.0,22.0,34.0,25.0],"autoUv":false,"rotation":90},"east":{"texture":"#head","uv":[31.0,19.0,34.0,22.0],"autoUv":false,"rotation":90},"south":{"texture":"#head","uv":[31.0,16.0,34.0,19.0],"autoUv":false,"rotation":90},"west":{"texture":"#head","uv":[31.0,19.0,34.0,22.0],"autoUv":false,"rotation":90},"up":{"texture":"#head","uv":[29.0,19.0,31.0,22.0],"autoUv":false,"rotation":180},"down":{"texture":"#head","uv":[37.0,22.0,34.0,19.0],"autoUv":false}},"children":[]},{"name":"Head","from":[-3.29165148735,-0.00108397007,-2.5],"to":[-3.29165148735,-0.00108397007,-2.5],"rotationOrigin":[-3.29165148735,-0.00108397007,-2.5],"rotationX":-1.3660375e-05,"rotationY":1e-12,"rotationZ":0.0,"faces":{"north":{"texture":"#null","uv":[0.0,0.0,0.0,0.0],"enabled":false},"east":{"texture":"#null","uv":[0.0,0.0,0.0,0.0],"enabled":false},"south":{"texture":"#null","uv":[0.0,0.0,0.0,0.0],"enabled":false},"west":{"texture":"#null","uv":[0.0,0.0,0.0,0.0],"enabled":false},"up":{"texture":"#null","uv":[0.0,0.0,0.0,0.0],"enabled":false},"down":{"texture":"#null","uv":[0.0,0.0,0.0,0.0],"enabled":false}},"children":[],"stepParentName":"b_Head"},{"name":"MeshMouthR.001","from":[-1.260211335308,-2.020849585533,0.94139534235],"to":[-0.135093385174,0.588497847319,1.995703399181],"rotationOrigin":[-3.038320302963,0.918932318687,1.425963878632],"stepParentName":"b_Head","rotationX":-89.999982013911,"rotationY":1.93222e-07,"rotationZ":127.690004042795,"group":"head-fox0","faces":{"north":{"texture":"#head","uv":[37.0,19.0,34.0,22.0],"autoUv":false,"rotation":270},"east":{"texture":"#head","uv":[34.0,16.0,31.0,19.0],"autoUv":false,"rotation":180},"south":{"texture":"#head","uv":[31.0,19.0,29.0,22.0],"autoUv":false,"rotation":90},"west":{"texture":"#head","uv":[34.0,22.0,31.0,25.0],"autoUv":false},"up":{"texture":"#head","uv":[34.0,19.0,31.0,22.0],"autoUv":false,"rotation":90},"down":{"texture":"#head","uv":[31.0,22.0,34.0,19.0],"autoUv":false,"rotation":270}},"children":[]},{"name":"MeshMouthR.002","from":[-3.803275078433,-0.675344347954,0.065263986588],"to":[-2.678157068694,1.934002518654,1.119572043419],"rotationOrigin":[-4.301558017731,0.918932080269,0.54983061552],"stepParentName":"b_Head","rotationX":-89.9999888441,"rotationY":-1.04407e-07,"rotationZ":105.269307035581,"group":"head-fox0","faces":{"north":{"texture":"#head","uv":[37.0,19.0,34.0,22.0],"autoUv":false,"rotation":270},"east":{"texture":"#head","uv":[34.0,16.0,31.0,19.0],"autoUv":false,"rotation":180},"south":{"texture":"#head","uv":[31.0,19.0,29.0,22.0],"autoUv":false,"rotation":90},"west":{"texture":"#head","uv":[34.0,22.0,31.0,25.0],"autoUv":false},"up":{"texture":"#head","uv":[34.0,19.0,31.0,22.0],"autoUv":false,"rotation":90},"down":{"texture":"#head","uv":[31.0,22.0,34.0,19.0],"autoUv":false,"rotation":270}},"children":[]},{"name":"MeshMouthR.003","from":[-2.11576900848,-0.860573143088,0.632413262716],"to":[-1.080919950109,1.615552692134,1.588349431758],"rotationOrigin":[-3.279706478119,1.237592935562,1.043907642365],"stepParentName":"b_Head","rotationX":-86.862486807341,"rotationY":-8.687773520466,"rotationZ":116.496020672439,"group":"head-fox0","faces":{"north":{"texture":"#head","uv":[31.0,20.0,28.0,23.0],"autoUv":false},"east":{"texture":"#head","uv":[32.0,19.0,31.0,20.0],"autoUv":false,"rotation":270},"south":{"texture":"#head","uv":[31.0,15.0,28.0,19.0],"autoUv":false,"rotation":180},"west":{"texture":"#head","uv":[28.0,19.0,27.0,20.0],"autoUv":false,"rotation":90},"up":{"texture":"#head","uv":[31.0,19.0,28.0,20.0],"autoUv":false,"rotation":180},"down":{"texture":"#head","uv":[28.0,20.0,31.0,19.0],"autoUv":false}},"children":[]},{"name":"MeshMouthR.008","from":[-4.102640604385,0.456736226034,-0.159233879231],"to":[-3.182037861483,1.839535963123,0.703429916798],"rotationOrigin":[-4.301558017731,1.236404538155,0.351578056812],"stepParentName":"b_Head","rotationX":-84.781676506886,"rotationY":-15.072101601839,"rotationZ":111.077030547221,"group":"head-fox0","faces":{"north":{"texture":"#head","uv":[31.0,20.0,28.0,23.0],"autoUv":false},"east":{"texture":"#head","uv":[32.0,19.0,31.0,20.0],"autoUv":false,"rotation":270},"south":{"texture":"#head","uv":[31.0,15.0,28.0,19.0],"autoUv":false,"rotation":180},"west":{"texture":"#head","uv":[28.0,19.0,27.0,20.0],"autoUv":false,"rotation":90},"up":{"texture":"#head","uv":[31.0,19.0,28.0,20.0],"autoUv":false,"rotation":180},"down":{"texture":"#head","uv":[28.0,20.0,31.0,19.0],"autoUv":false}},"children":[]},{"name":"MeshMouthR.019","from":[-3.319093286991,0.113543459151,-0.728145427261],"to":[-2.219062149525,1.889866075709,0.326162778582],"rotationOrigin":[-2.781621217728,1.25311088562,-3.04733e-07],"stepParentName":"b_Head","rotationX":90.000002504478,"rotationY":6.570988186766,"rotationZ":-90.000091296937,"group":"head-fox0","faces":{"north":{"texture":"#head","uv":[28.0,15.0,31.0,19.0],"autoUv":false},"east":{"texture":"#head","uv":[27.0,19.0,28.0,20.0],"autoUv":false,"rotation":90},"south":{"texture":"#head","uv":[28.0,20.0,31.0,23.0],"autoUv":false,"rotation":180},"west":{"texture":"#head","uv":[31.0,19.0,32.0,20.0],"autoUv":false,"rotation":270},"up":{"texture":"#head","uv":[28.0,19.0,31.0,20.0],"autoUv":false},"down":{"texture":"#head","uv":[31.0,20.0,28.0,19.0],"autoUv":false,"rotation":180}},"children":[]},{"name":"MeshMouthR.006","from":[-1.955542760097,-1.324712175053,2.702885022839],"to":[-1.318130564807,0.924328978187,3.160352386008],"rotationOrigin":[-3.389443159103,1.401163458824,1.499501824379],"stepParentName":"b_Head","rotationX":-123.681161113239,"rotationY":-27.944742272056,"rotationZ":116.081250604901,"group":"head-fox0","faces":{"north":{"texture":"#head","uv":[31.0,20.0,28.0,23.0],"autoUv":false},"east":{"texture":"#head","uv":[32.0,19.0,31.0,20.0],"autoUv":false,"rotation":270},"south":{"texture":"#head","uv":[31.0,15.0,28.0,19.0],"autoUv":false,"rotation":180},"west":{"texture":"#head","uv":[28.0,19.0,27.0,20.0],"autoUv":false,"rotation":90},"up":{"texture":"#head","uv":[31.0,19.0,28.0,20.0],"autoUv":false,"rotation":180},"down":{"texture":"#head","uv":[28.0,20.0,31.0,19.0],"autoUv":false}},"children":[]},{"name":"MeshMouthR.010","from":[-3.597825629983,-0.05851046365,0.386067622547],"to":[-2.562976614714,2.417616068378,1.342003987407],"rotationOrigin":[-3.279706478119,1.237592935562,1.043907642365],"stepParentName":"b_Head","rotationX":86.862459486584,"rotationY":8.687770959145,"rotationZ":-63.503997996895,"group":"head-fox0","faces":{"north":{"texture":"#head","uv":[28.0,15.0,31.0,19.0],"autoUv":false},"east":{"texture":"#head","uv":[27.0,19.0,28.0,20.0],"autoUv":false,"rotation":90},"south":{"texture":"#head","uv":[28.0,20.0,31.0,23.0],"autoUv":false,"rotation":180},"west":{"texture":"#head","uv":[31.0,19.0,32.0,20.0],"autoUv":false,"rotation":270},"up":{"texture":"#head","uv":[28.0,19.0,31.0,20.0],"autoUv":false},"down":{"texture":"#head","uv":[31.0,20.0,28.0,19.0],"autoUv":false,"rotation":180}},"children":[]},{"name":"MeshMouthR.022","from":[-4.451523900032,0.434365689754,0.947256207466],"to":[-1.842177033424,1.488673746586,2.072374343872],"rotationOrigin":[-3.038320302963,0.918932318687,1.425963878632],"stepParentName":"b_Head","rotationX":-1.3660375e-05,"rotationY":-37.690015198695,"rotationZ":-1e-12,"group":"head-fox0","faces":{"north":{"texture":"#head","uv":[31.0,22.0,34.0,25.0],"autoUv":false,"rotation":90},"east":{"texture":"#head","uv":[31.0,19.0,34.0,22.0],"autoUv":false,"rotation":90},"south":{"texture":"#head","uv":[31.0,16.0,34.0,19.0],"autoUv":false,"rotation":90},"west":{"texture":"#head","uv":[31.0,19.0,34.0,22.0],"autoUv":false,"rotation":90},"up":{"texture":"#head","uv":[29.0,19.0,31.0,22.0],"autoUv":false,"rotation":180},"down":{"texture":"#head","uv":[37.0,22.0,34.0,19.0],"autoUv":false}},"children":[]},{"name":"MeshMouthR.023","from":[-4.761703672195,0.396967475505,-0.062029952871],"to":[-3.841101063418,1.779767066284,0.800633867543],"rotationOrigin":[-4.301558017731,1.236404538155,0.351578056812],"stepParentName":"b_Head","rotationX":84.78164235594,"rotationY":15.072096479197,"rotationZ":-68.922988122113,"group":"head-fox0","faces":{"north":{"texture":"#head","uv":[28.0,15.0,31.0,19.0],"autoUv":false},"east":{"texture":"#head","uv":[27.0,19.0,28.0,20.0],"autoUv":false,"rotation":90},"south":{"texture":"#head","uv":[28.0,20.0,31.0,23.0],"autoUv":false,"rotation":180},"west":{"texture":"#head","uv":[31.0,19.0,32.0,20.0],"autoUv":false,"rotation":270},"up":{"texture":"#head","uv":[28.0,19.0,31.0,20.0],"autoUv":false},"down":{"texture":"#head","uv":[31.0,20.0,28.0,19.0],"autoUv":false,"rotation":180}},"children":[]},{"name":"MeshMouthR.024","from":[-3.561951136103,0.080802732388,1.307886259086],"to":[-2.92453911632,2.329843959437,1.765353645223],"rotationOrigin":[-3.389443159103,1.401163458824,1.499501824379],"stepParentName":"b_Head","rotationX":123.681106471726,"rotationY":27.944738856961,"rotationZ":-63.918740743677,"group":"head-fox0","faces":{"north":{"texture":"#head","uv":[28.0,15.0,31.0,19.0],"autoUv":false},"east":{"texture":"#head","uv":[27.0,19.0,28.0,20.0],"autoUv":false,"rotation":90},"south":{"texture":"#head","uv":[28.0,20.0,31.0,23.0],"autoUv":false,"rotation":180},"west":{"texture":"#head","uv":[31.0,19.0,32.0,20.0],"autoUv":false,"rotation":270},"up":{"texture":"#head","uv":[28.0,19.0,31.0,20.0],"autoUv":false},"down":{"texture":"#head","uv":[31.0,20.0,28.0,19.0],"autoUv":false,"rotation":180}},"children":[]},{"name":"MeshMouthR.029","from":[-5.606231451035,0.434365451336,-0.012728452682],"to":[-2.996884584427,1.488673508167,1.112389683723],"rotationOrigin":[-4.301558017731,0.918932080269,0.54983061552],"stepParentName":"b_Head","rotationX":-1.3660378e-05,"rotationY":-15.269313068839,"rotationZ":-1e-12,"group":"head-fox0","faces":{"north":{"texture":"#head","uv":[31.0,22.0,34.0,25.0],"autoUv":false,"rotation":90},"east":{"texture":"#head","uv":[31.0,19.0,34.0,22.0],"autoUv":false,"rotation":90},"south":{"texture":"#head","uv":[31.0,16.0,34.0,19.0],"autoUv":false,"rotation":90},"west":{"texture":"#head","uv":[31.0,19.0,34.0,22.0],"autoUv":false,"rotation":90},"up":{"texture":"#head","uv":[29.0,19.0,31.0,22.0],"autoUv":false,"rotation":180},"down":{"texture":"#head","uv":[37.0,22.0,34.0,19.0],"autoUv":false}},"children":[]},{"name":"FluffR.025","from":[-1.763711314666,1.059896265226,-5.103863060135],"to":[-1.045783657563,3.355000157627,-2.399959507366],"rotationOrigin":[-1.404747486115,2.030124187469,-2.399959564209],"stepParentName":"b_Head","rotationX":18.792990586176,"rotationY":-73.408400670818,"rotationZ":14.83603318865,"group":"head-fox0","faces":{"north":{"texture":"head","uv":[57.0,57.0,63.0,63.0],"autoUv":false,"rotation":180,"enabled":false},"east":{"texture":"#head","uv":[23.0,21.0,19.0,27.0],"autoUv":false,"rotation":270},"south":{"texture":"#head","uv":[4.0,16.0,5.0,24.0],"autoUv":false,"rotation":180},"west":{"texture":"#head","uv":[26.0,22.0,30.0,28.0],"autoUv":false,"rotation":90},"up":{"texture":"#head","uv":[19.0,18.0,21.0,27.0],"autoUv":false,"rotation":180},"down":{"texture":"#head","uv":[19.0,27.0,21.0,20.0],"autoUv":false}},"children":[]},{"name":"FluffR.029","from":[-1.782084684836,1.063627992826,2.414664450069],"to":[-1.064157027734,3.358731885227,5.118568002838],"rotationOrigin":[-1.423120856285,2.03385591507,2.414664506912],"stepParentName":"b_Head","rotationX":-18.79301961448,"rotationY":73.408400670818,"rotationZ":14.83603318865,"group":"head-fox0","faces":{"north":{"texture":"#head","uv":[5.0,16.0,4.0,24.0],"autoUv":false,"rotation":180},"east":{"texture":"#head","uv":[19.0,21.0,23.0,27.0],"autoUv":false,"rotation":90},"south":{"texture":"head","uv":[63.0,57.0,57.0,63.0],"autoUv":false,"rotation":180,"enabled":false},"west":{"texture":"#head","uv":[29.0,22.0,25.0,28.0],"autoUv":false,"rotation":270},"up":{"texture":"#head","uv":[21.0,18.0,19.0,27.0],"autoUv":false},"down":{"texture":"#head","uv":[21.0,27.0,19.0,20.0],"autoUv":false,"rotation":180}},"children":[]},{"name":"FluffR.010","from":[-2.069670966893,1.84865509577,-4.989398211504],"to":[-1.365749546261,4.098983923964,-2.338245812949],"rotationOrigin":[-1.717710256577,2.799954891205,-2.338245868683],"stepParentName":"b_Head","rotationX":63.206987220837,"rotationY":-53.151760309663,"rotationZ":63.28366292446,"group":"head-fox0","faces":{"north":{"texture":"head","uv":[57.0,57.0,63.0,63.0],"autoUv":false,"rotation":180,"enabled":false},"east":{"texture":"#head","uv":[23.0,21.0,19.0,27.0],"autoUv":false,"rotation":270},"south":{"texture":"#head","uv":[4.0,16.0,5.0,24.0],"autoUv":false,"rotation":180},"west":{"texture":"#head","uv":[26.0,22.0,30.0,28.0],"autoUv":false,"rotation":90},"up":{"texture":"#head","uv":[19.0,18.0,21.0,27.0],"autoUv":false,"rotation":180},"down":{"texture":"#head","uv":[19.0,27.0,21.0,20.0],"autoUv":false}},"children":[]},{"name":"FluffR.011","from":[-2.087266854077,1.843334546758,2.329237405356],"to":[-1.383345433445,4.093663374953,4.980389803912],"rotationOrigin":[-1.735306143761,2.794634342194,2.32923746109],"stepParentName":"b_Head","rotationX":-63.207014541594,"rotationY":53.151760309663,"rotationZ":63.283669754649,"group":"head-fox0","faces":{"north":{"texture":"#head","uv":[5.0,16.0,4.0,24.0],"autoUv":false,"rotation":180},"east":{"texture":"#head","uv":[19.0,21.0,23.0,27.0],"autoUv":false,"rotation":90},"south":{"texture":"head","uv":[63.0,57.0,57.0,63.0],"autoUv":false,"rotation":180,"enabled":false},"west":{"texture":"#head","uv":[29.0,22.0,25.0,28.0],"autoUv":false,"rotation":270},"up":{"texture":"#head","uv":[21.0,18.0,19.0,27.0],"autoUv":false},"down":{"texture":"#head","uv":[21.0,27.0,19.0,20.0],"autoUv":false,"rotation":180}},"children":[]},{"name":"FluffL.007","from":[-4.597240837272,3.477719492128,3.366137280678],"to":[-3.26072344884,5.660745198954,4.086300106253],"rotationOrigin":[-3.128179788589,0.584562659264,1.609727025032],"stepParentName":"b_Head","rotationX":-4.368220589812,"rotationY":-132.713048101827,"rotationZ":69.29819090379,"group":"fluff","faces":{"north":{"texture":"#head","uv":[36.0,17.0,39.0,27.0],"autoUv":false,"rotation":180},"east":{"texture":"#head","uv":[43.0,19.0,45.0,26.0],"autoUv":false,"rotation":180},"south":{"texture":"#head","uv":[42.0,19.0,45.0,27.0],"autoUv":false,"rotation":180},"west":{"texture":"#head","uv":[37.0,18.0,39.0,27.0],"autoUv":false,"rotation":180},"up":{"texture":"head","uv":[58.0,59.0,62.0,63.0],"autoUv":false,"rotation":90,"enabled":false},"down":{"texture":"#head","uv":[54.0,24.0,57.0,18.0],"autoUv":false,"rotation":90}},"children":[]},{"name":"FluffR.001","from":[-4.494308394789,4.068234431819,2.609540771332],"to":[-3.172697132474,5.752478725733,3.065623716668],"rotationOrigin":[-3.204300880432,0.869501531124,1.700258612633],"stepParentName":"b_Head","rotationX":-15.999506394891,"rotationY":-113.620278805432,"rotationZ":68.160383840903,"group":"fluff","faces":{"north":{"texture":"#head","uv":[35.0,19.0,38.0,27.0],"autoUv":false,"rotation":180},"east":{"texture":"#head","uv":[35.0,17.0,37.0,24.0],"autoUv":false,"rotation":180},"south":{"texture":"#head","uv":[38.0,19.0,41.0,27.0],"autoUv":false,"rotation":180},"west":{"texture":"#head","uv":[37.0,17.0,39.0,26.0],"autoUv":false,"rotation":180},"up":{"texture":"head","uv":[57.0,57.0,63.0,63.0],"autoUv":false,"rotation":90,"enabled":false},"down":{"texture":"#head","uv":[52.0,5.0,49.0,1.0],"autoUv":false,"rotation":90}},"children":[]},{"name":"FluffR.012","from":[-5.027519702911,3.65009355545,-2.083015680313],"to":[-1.553562402725,6.485371112823,-1.626932382584],"rotationOrigin":[-2.942274808884,2.747602939606,1.960261583328],"stepParentName":"b_Head","rotationX":4.10745e-07,"rotationY":13.308627012864,"rotationZ":-90.000029825235,"group":"fluff","faces":{"north":{"texture":"#head","uv":[22.0,21.0,27.0,27.0],"autoUv":false,"rotation":180},"east":{"texture":"#head","uv":[21.0,20.0,19.0,27.0],"autoUv":false,"rotation":180},"south":{"texture":"#head","uv":[25.0,21.0,20.0,27.0],"autoUv":false,"rotation":180},"west":{"texture":"#head","uv":[19.0,18.0,21.0,27.0],"autoUv":false,"rotation":180},"up":{"texture":"head","uv":[57.0,57.0,63.0,63.0],"autoUv":false,"rotation":90,"enabled":false},"down":{"texture":"#head","uv":[5.0,24.0,4.0,16.0],"autoUv":false,"rotation":90}},"children":[]},{"name":"FluffR.018","from":[-2.962868511677,2.3865224123,-2.231246232986],"to":[-1.243022918701,5.442662239075,-1.247244358063],"rotationOrigin":[-2.066347837448,0.899240970612,2.023650884628],"stepParentName":"b_Head","rotationX":-1.600595708167,"rotationY":21.550814359805,"rotationZ":-81.945925397469,"group":"fluff","faces":{"north":{"texture":"#head","uv":[27.0,22.0,30.0,28.0],"autoUv":false,"rotation":180},"east":{"texture":"#head","uv":[21.0,20.0,19.0,27.0],"autoUv":false,"rotation":180},"south":{"texture":"#head","uv":[22.0,21.0,19.0,27.0],"autoUv":false,"rotation":180},"west":{"texture":"#head","uv":[19.0,21.0,21.0,27.0],"autoUv":false,"rotation":180},"up":{"texture":"head","uv":[57.0,57.0,63.0,63.0],"autoUv":false,"rotation":90,"enabled":false},"down":{"texture":"#head","uv":[5.0,24.0,4.0,16.0],"autoUv":false,"rotation":90}},"children":[]},{"name":"FluffR.032","from":[-3.362248063087,4.465810775757,-1.694944856892],"to":[-2.637644171715,6.757933616638,1.694946290722],"rotationOrigin":[-2.999946117401,4.493041992188,-1.071224e-06],"stepParentName":"b_Head","rotationX":-1.3660375e-05,"rotationY":1e-12,"rotationZ":-77.927520203076,"group":"fluff","faces":{"north":{"texture":"#head","uv":[21.0,20.0,19.0,27.0],"autoUv":false,"rotation":180},"east":{"texture":"#head","uv":[27.0,21.0,20.0,27.0],"autoUv":false,"rotation":180},"south":{"texture":"#head","uv":[19.0,18.0,21.0,27.0],"autoUv":false,"rotation":180},"west":{"texture":"#head","uv":[20.0,21.0,27.0,27.0],"autoUv":false,"rotation":180},"up":{"texture":"head","uv":[57.0,57.0,63.0,63.0],"autoUv":false,"enabled":false},"down":{"texture":"#head","uv":[5.0,24.0,4.0,16.0],"autoUv":false,"rotation":180}},"children":[]},{"name":"FluffR.033","from":[-1.509508371353,4.449350357056,-1.694944852967],"to":[-0.78490447998,6.741473197937,1.694946294646],"rotationOrigin":[-1.147206425667,4.476581573486,-1.0673e-06],"stepParentName":"b_Head","rotationX":-1.3660373e-05,"rotationY":1e-12,"rotationZ":-79.808294753309,"group":"fluff","faces":{"north":{"texture":"#head","uv":[21.0,20.0,19.0,27.0],"autoUv":false,"rotation":180},"east":{"texture":"#head","uv":[28.0,21.0,21.0,27.0],"autoUv":false,"rotation":180},"south":{"texture":"#head","uv":[19.0,18.0,21.0,27.0],"autoUv":false,"rotation":180},"west":{"texture":"#head","uv":[18.0,21.0,25.0,27.0],"autoUv":false,"rotation":180},"up":{"texture":"head","uv":[57.0,57.0,63.0,63.0],"autoUv":false,"enabled":false},"down":{"texture":"#head","uv":[5.0,24.0,4.0,16.0],"autoUv":false,"rotation":180}},"children":[]},{"name":"FluffL.003","from":[-3.820134232768,1.731386184692,0.788310438395],"to":[-2.580298760641,3.884630084038,1.286654412746],"rotationOrigin":[-3.406205177307,0.762397885323,0.551674842834],"stepParentName":"b_Head","rotationX":-20.698452855164,"rotationY":-118.078698446536,"rotationZ":78.818996493546,"group":"fluff","faces":{"north":{"texture":"#head","uv":[39.0,17.0,42.0,27.0],"autoUv":false,"rotation":180},"east":{"texture":"#head","uv":[38.0,18.0,40.0,25.0],"autoUv":false,"rotation":180},"south":{"texture":"#head","uv":[34.0,19.0,37.0,27.0],"autoUv":false,"rotation":180},"west":{"texture":"#head","uv":[39.0,18.0,40.0,27.0],"autoUv":false,"rotation":180},"up":{"texture":"head","uv":[58.0,59.0,62.0,63.0],"autoUv":false,"rotation":90,"enabled":false},"down":{"texture":"#head","uv":[55.0,14.0,50.0,8.0],"autoUv":false,"rotation":90}},"children":[]},{"name":"FluffL.004","from":[-3.406205568073,0.513226479292,-0.068244993687],"to":[-1.252962350845,1.011570334435,1.17159050703],"rotationOrigin":[-3.406205177307,0.762397885323,0.551674842834],"stepParentName":"b_Head","rotationX":-79.194288067681,"rotationY":-5.236666336174,"rotationZ":-62.374865274255,"group":"fluff","faces":{"north":{"texture":"#head","uv":[40.0,18.0,39.0,27.0],"autoUv":false,"rotation":90},"east":{"texture":"head","uv":[62.0,59.0,58.0,63.0],"autoUv":false,"rotation":270,"enabled":false},"south":{"texture":"#head","uv":[40.0,18.0,38.0,25.0],"autoUv":false,"rotation":270},"west":{"texture":"#head","uv":[55.0,8.0,50.0,14.0],"autoUv":false,"rotation":90},"up":{"texture":"#head","uv":[42.0,17.0,39.0,27.0],"autoUv":false,"rotation":270},"down":{"texture":"#head","uv":[34.0,27.0,37.0,19.0],"autoUv":false,"rotation":270}},"children":[]},{"name":"FluffR.005","from":[-2.853788394025,0.631781488657,-2.863390922546],"to":[-1.133942536423,3.687920689583,-1.879389762878],"rotationOrigin":[-1.70136153698,0.899241089821,2.381583690643],"stepParentName":"b_Head","rotationX":-1.491364228031,"rotationY":-3.440376957106,"rotationZ":-82.623527974459,"group":"fluff","faces":{"north":{"texture":"#head","uv":[27.0,22.0,30.0,28.0],"autoUv":false,"rotation":180},"east":{"texture":"#head","uv":[21.0,20.0,19.0,27.0],"autoUv":false,"rotation":180},"south":{"texture":"#head","uv":[22.0,21.0,19.0,27.0],"autoUv":false,"rotation":180},"west":{"texture":"#head","uv":[19.0,21.0,21.0,27.0],"autoUv":false,"rotation":180},"up":{"texture":"head","uv":[57.0,57.0,63.0,63.0],"autoUv":false,"rotation":90,"enabled":false},"down":{"texture":"#head","uv":[5.0,24.0,4.0,16.0],"autoUv":false,"rotation":90}},"children":[]},{"name":"FluffR.002","from":[-3.170316338539,1.358890652657,1.960261523724],"to":[-2.714233279228,4.832848072052,4.795538663864],"rotationOrigin":[-2.942274808884,2.747602939606,1.960261583328],"stepParentName":"b_Head","rotationX":-1.3660376e-05,"rotationY":76.691392567087,"rotationZ":4e-12,"group":"fluff","faces":{"north":{"texture":"#head","uv":[5.0,16.0,4.0,24.0],"autoUv":false,"rotation":180},"east":{"texture":"#head","uv":[20.0,21.0,25.0,27.0],"autoUv":false,"rotation":90},"south":{"texture":"head","uv":[63.0,57.0,57.0,63.0],"autoUv":false,"rotation":180,"enabled":false},"west":{"texture":"#head","uv":[27.0,21.0,22.0,27.0],"autoUv":false,"rotation":270},"up":{"texture":"#head","uv":[21.0,18.0,19.0,27.0],"autoUv":false},"down":{"texture":"#head","uv":[21.0,27.0,19.0,20.0],"autoUv":false,"rotation":180}},"children":[]},{"name":"FluffR.003","from":[-2.558348476887,0.172196805477,2.023650820381],"to":[-1.574347198009,1.892042160034,5.079789876938],"rotationOrigin":[-2.066347837448,0.899240970612,2.023650884628],"stepParentName":"b_Head","rotationX":-19.467353945952,"rotationY":67.060668743018,"rotationZ":19.532671044984,"group":"fluff","faces":{"north":{"texture":"#head","uv":[5.0,16.0,4.0,24.0],"autoUv":false,"rotation":180},"east":{"texture":"#head","uv":[19.0,21.0,22.0,27.0],"autoUv":false,"rotation":90},"south":{"texture":"head","uv":[63.0,57.0,57.0,63.0],"autoUv":false,"rotation":180,"enabled":false},"west":{"texture":"#head","uv":[30.0,22.0,27.0,28.0],"autoUv":false,"rotation":270},"up":{"texture":"#head","uv":[21.0,21.0,19.0,27.0],"autoUv":false},"down":{"texture":"#head","uv":[21.0,27.0,19.0,20.0],"autoUv":false,"rotation":180}},"children":[]},{"name":"FluffL.005","from":[-3.600051881559,-2.198573231697,1.310652822256],"to":[-2.263534776249,-0.015547633171,2.030815720558],"rotationOrigin":[-3.128179788589,0.584562659264,1.609727025032],"stepParentName":"b_Head","rotationX":4.368184304432,"rotationY":132.713034441449,"rotationZ":-110.701800444788,"group":"fluff","faces":{"north":{"texture":"#head","uv":[45.0,19.0,42.0,27.0],"autoUv":false},"east":{"texture":"#head","uv":[39.0,18.0,37.0,27.0],"autoUv":false},"south":{"texture":"#head","uv":[39.0,17.0,36.0,27.0],"autoUv":false},"west":{"texture":"#head","uv":[45.0,19.0,43.0,26.0],"autoUv":false},"up":{"texture":"#head","uv":[54.0,18.0,57.0,24.0],"autoUv":false,"rotation":270},"down":{"texture":"head","uv":[58.0,63.0,62.0,59.0],"autoUv":false,"rotation":270,"enabled":false}},"children":[]},{"name":"FluffR.004","from":[-2.193362176418,0.172196924686,2.381583626396],"to":[-1.209360897541,1.892042279243,5.437722682953],"rotationOrigin":[-1.70136153698,0.899241089821,2.381583690643],"stepParentName":"b_Head","rotationX":66.621706145439,"rotationY":98.135304221097,"rotationZ":-64.908537607249,"group":"fluff","faces":{"north":{"texture":"#head","uv":[5.0,16.0,4.0,24.0],"autoUv":false,"rotation":180},"east":{"texture":"#head","uv":[19.0,21.0,22.0,27.0],"autoUv":false,"rotation":90},"south":{"texture":"head","uv":[63.0,57.0,57.0,63.0],"autoUv":false,"rotation":180,"enabled":false},"west":{"texture":"#head","uv":[30.0,22.0,27.0,28.0],"autoUv":false,"rotation":270},"up":{"texture":"#head","uv":[21.0,21.0,19.0,27.0],"autoUv":false},"down":{"texture":"#head","uv":[21.0,27.0,19.0,20.0],"autoUv":false,"rotation":180}},"children":[]},{"name":"FluffR.006","from":[-3.134233869612,0.813854038715,0.654385685921],"to":[-1.449989557266,1.269937008619,1.975997209549],"rotationOrigin":[-3.204300880432,0.869501531124,1.700258612633],"stepParentName":"b_Head","rotationX":-94.163631181005,"rotationY":-8.572135002723,"rotationZ":-67.906601332102,"group":"fluff","faces":{"north":{"texture":"#head","uv":[39.0,17.0,37.0,26.0],"autoUv":false,"rotation":90},"east":{"texture":"head","uv":[63.0,57.0,57.0,63.0],"autoUv":false,"rotation":270,"enabled":false},"south":{"texture":"#head","uv":[37.0,17.0,35.0,24.0],"autoUv":false,"rotation":270},"west":{"texture":"#head","uv":[52.0,1.0,49.0,5.0],"autoUv":false,"rotation":90},"up":{"texture":"#head","uv":[38.0,19.0,35.0,27.0],"autoUv":false,"rotation":270},"down":{"texture":"#head","uv":[38.0,27.0,41.0,19.0],"autoUv":false,"rotation":270}},"children":[]},{"name":"MeshMouthR.009","from":[-0.48060297966,-0.218979179859,-0.670402557589],"to":[2.907713890076,0.344974536449,0.659406035207],"rotationOrigin":[1.602916240692,0.349193572998,0.007156937383],"stepParentName":"b_Jaw","rotationX":-0.178066940345,"rotationY":-0.037545536527,"rotationZ":-179.430121345367,"group":"wolf0-jaw","faces":{"north":{"texture":"#head","uv":[54.0,5.0,55.0,6.0],"autoUv":false},"east":{"texture":"#head","uv":[55.0,5.0,58.0,6.0],"autoUv":false},"south":{"texture":"#head","uv":[58.0,5.0,59.0,6.0],"autoUv":false},"west":{"texture":"#head","uv":[55.0,5.0,58.0,6.0],"autoUv":false},"up":{"texture":"#head","uv":[55.0,1.0,58.0,5.0],"autoUv":false,"rotation":90},"down":{"texture":"#head","uv":[58.0,9.0,55.0,6.0],"autoUv":false,"rotation":270}},"children":[]},{"name":"MeshMouthR.004","from":[4.344605210496,0.39186500065,0.441696749728],"to":[4.758361297495,2.116337162116,0.609711539255],"rotationOrigin":[3.353175878525,0.403092801571,0.629222810268],"stepParentName":"b_Jaw","rotationX":-84.998289126224,"rotationY":-2.954687541312,"rotationZ":75.242470387506,"group":"wolf0-jaw","faces":{"north":{"texture":"#head","uv":[11.0,58.0,13.0,59.0],"autoUv":false},"east":{"texture":"#head","uv":[10.0,59.0,11.0,60.0],"autoUv":false,"rotation":90},"south":{"texture":"#head","uv":[11.0,60.0,13.0,61.0],"autoUv":false,"rotation":180},"west":{"texture":"#head","uv":[13.0,59.0,14.0,60.0],"autoUv":false,"rotation":270},"up":{"texture":"#head","uv":[11.0,59.0,13.0,60.0],"autoUv":false},"down":{"texture":"#head","uv":[13.0,60.0,11.0,59.0],"autoUv":false,"rotation":180}},"children":[]},{"name":"MeshMouthR.007","from":[3.691530961619,0.005497433895,0.117655994324],"to":[4.45300297441,0.673239982887,0.285937978175],"rotationOrigin":[3.493816614151,0.36794641614,0.240931168199],"stepParentName":"b_Jaw","rotationX":-85.2973694496,"rotationY":-7.859403909059,"rotationZ":94.055789324199,"group":"wolf0-jaw","faces":{"north":{"texture":"#head","uv":[11.0,58.0,13.0,59.0],"autoUv":false},"east":{"texture":"#head","uv":[10.0,59.0,11.0,60.0],"autoUv":false,"rotation":90},"south":{"texture":"#head","uv":[11.0,60.0,13.0,61.0],"autoUv":false,"rotation":180},"west":{"texture":"#head","uv":[13.0,59.0,14.0,60.0],"autoUv":false,"rotation":270},"up":{"texture":"#head","uv":[11.0,59.0,13.0,60.0],"autoUv":false},"down":{"texture":"#head","uv":[13.0,60.0,11.0,59.0],"autoUv":false,"rotation":180}},"children":[]},{"name":"MeshTongue","from":[1.622883737087,0.413781208038,-0.464793764487],"to":[3.169187128544,0.586546510458,0.479745694868],"rotationOrigin":[2.396034479141,0.413780212402,0.007475965191],"stepParentName":"b_Jaw","rotationX":-0.178066927004,"rotationY":-0.037545536527,"rotationZ":-179.430121345367,"group":"wolf0-jaw","faces":{"north":{"texture":"#head","uv":[34.0,56.0,33.0,63.0],"autoUv":false,"rotation":270},"east":{"texture":"head","uv":[39.0,61.0,35.0,62.0],"autoUv":false,"rotation":180,"enabled":false},"south":{"texture":"#head","uv":[39.0,56.0,38.0,63.0],"autoUv":false,"rotation":90},"west":{"texture":"#head","uv":[38.0,63.0,34.0,64.0],"autoUv":false,"rotation":180},"up":{"texture":"#head","uv":[34.0,56.0,38.0,63.0],"autoUv":false,"rotation":90},"down":{"texture":"#head","uv":[39.0,63.0,35.0,56.0],"autoUv":false,"rotation":270}},"children":[]},{"name":"MeshMouthR.020","from":[2.467449724674,0.166278466582,0.227333307266],"to":[3.500839591026,2.060775667429,0.789563551749],"rotationOrigin":[1.515688419342,0.350766450167,0.789964020252],"stepParentName":"b_Jaw","rotationX":90.178570970139,"rotationY":0.569865680982,"rotationZ":-74.938923120412,"group":"wolf0-jaw","faces":{"north":{"texture":"#head","uv":[58.0,6.0,55.0,9.0],"autoUv":false},"east":{"texture":"#head","uv":[59.0,5.0,58.0,6.0],"autoUv":false,"rotation":270},"south":{"texture":"#head","uv":[58.0,1.0,55.0,5.0],"autoUv":false,"rotation":180},"west":{"texture":"#head","uv":[55.0,5.0,54.0,6.0],"autoUv":false,"rotation":90},"up":{"texture":"#head","uv":[58.0,5.0,55.0,6.0],"autoUv":false,"rotation":180},"down":{"texture":"#head","uv":[55.0,6.0,58.0,5.0],"autoUv":false}},"children":[]},{"name":"MeshMouthR.021","from":[-1.804669618607,-0.226297348738,0.028237819672],"to":[0.805220961571,0.335932823829,2.27617162466],"rotationOrigin":[0.239856243134,0.341255515814,1.810975551605],"stepParentName":"b_Jaw","rotationX":-0.577809777956,"rotationY":35.021477365444,"rotationZ":-179.304118015559,"group":"wolf0-jaw","faces":{"north":{"texture":"#head","uv":[54.0,5.0,55.0,6.0],"autoUv":false},"east":{"texture":"#head","uv":[55.0,5.0,58.0,6.0],"autoUv":false},"south":{"texture":"#head","uv":[58.0,5.0,59.0,6.0],"autoUv":false},"west":{"texture":"#head","uv":[55.0,5.0,58.0,6.0],"autoUv":false},"up":{"texture":"#head","uv":[55.0,1.0,58.0,5.0],"autoUv":false,"rotation":90},"down":{"texture":"#head","uv":[58.0,9.0,55.0,6.0],"autoUv":false,"rotation":270}},"children":[]},{"name":"MeshMouthR.025","from":[-0.604954719543,-0.216786414385,0.21610224247],"to":[1.289542332292,0.345443757251,1.249492108822],"rotationOrigin":[1.515688419342,0.350766450167,0.789964020252],"stepParentName":"b_Jaw","rotationX":-0.331806454413,"rotationY":15.062059516212,"rotationZ":-179.409849343911,"group":"wolf0-jaw","faces":{"north":{"texture":"#head","uv":[54.0,5.0,55.0,6.0],"autoUv":false},"east":{"texture":"#head","uv":[55.0,5.0,58.0,6.0],"autoUv":false},"south":{"texture":"#head","uv":[58.0,5.0,59.0,6.0],"autoUv":false},"west":{"texture":"#head","uv":[55.0,5.0,58.0,6.0],"autoUv":false},"up":{"texture":"#head","uv":[55.0,1.0,58.0,5.0],"autoUv":false,"rotation":90},"down":{"texture":"#head","uv":[58.0,9.0,55.0,6.0],"autoUv":false,"rotation":270}},"children":[]},{"name":"MeshMouthR.026","from":[3.159945288101,0.283805428546,-0.040773731392],"to":[3.827687940201,0.452087403733,0.720698411443],"rotationOrigin":[3.493816614151,0.36794641614,0.240931168199],"stepParentName":"b_Jaw","rotationX":-4.147014668257,"rotationY":-4.01763167547,"rotationZ":-172.121122254158,"group":"wolf0-jaw","faces":{"north":{"texture":"#head","uv":[14.0,59.0,13.0,60.0],"autoUv":false},"east":{"texture":"#head","uv":[13.0,59.0,11.0,60.0],"autoUv":false},"south":{"texture":"#head","uv":[11.0,59.0,10.0,60.0],"autoUv":false},"west":{"texture":"#head","uv":[13.0,59.0,11.0,60.0],"autoUv":false},"up":{"texture":"#head","uv":[13.0,58.0,11.0,59.0],"autoUv":false,"rotation":90},"down":{"texture":"#head","uv":[11.0,61.0,13.0,60.0],"autoUv":false,"rotation":270}},"children":[]},{"name":"MeshMouthR.027","from":[3.158848307129,-0.98534112174,0.539163694609],"to":[3.572604272827,0.739130932506,0.707178428028],"rotationOrigin":[3.353175878525,0.403092801571,0.629222810268],"stepParentName":"b_Jaw","rotationX":84.998357428115,"rotationY":2.95469245051,"rotationZ":-104.75753462145,"group":"wolf0-jaw","faces":{"north":{"texture":"#head","uv":[13.0,60.0,11.0,61.0],"autoUv":false},"east":{"texture":"#head","uv":[14.0,59.0,13.0,60.0],"autoUv":false,"rotation":270},"south":{"texture":"#head","uv":[13.0,58.0,11.0,59.0],"autoUv":false,"rotation":180},"west":{"texture":"#head","uv":[11.0,59.0,10.0,60.0],"autoUv":false,"rotation":90},"up":{"texture":"#head","uv":[13.0,59.0,11.0,60.0],"autoUv":false,"rotation":180},"down":{"texture":"#head","uv":[11.0,60.0,13.0,59.0],"autoUv":false}},"children":[]},{"name":"MeshMouthR.028","from":[1.423116922379,-2.302871137857,1.254705011845],"to":[3.671051025391,0.307019788772,1.816935237963],"rotationOrigin":[0.239856243134,0.341255515814,1.810975551605],"stepParentName":"b_Jaw","rotationX":90.178557309761,"rotationY":0.569871390593,"rotationZ":-54.977384497443,"group":"wolf0-jaw","faces":{"north":{"texture":"#head","uv":[58.0,6.0,55.0,9.0],"autoUv":false},"east":{"texture":"#head","uv":[59.0,5.0,58.0,6.0],"autoUv":false,"rotation":270},"south":{"texture":"#head","uv":[58.0,1.0,55.0,5.0],"autoUv":false,"rotation":180},"west":{"texture":"#head","uv":[55.0,5.0,54.0,6.0],"autoUv":false,"rotation":90},"up":{"texture":"#head","uv":[58.0,5.0,55.0,6.0],"autoUv":false,"rotation":180},"down":{"texture":"#head","uv":[55.0,6.0,58.0,5.0],"autoUv":false}},"children":[]}],"groups":[]}