{"textureWidth":64,"textureHeight":64,"textures":{},"textureSizes":{"head":[64,64]},"elements":[{"name":"MeshMouthNoseTop.011","from":[-5.052566748348,1.387527990013,-0.43381522999],"to":[-4.596211195113,1.599441004128,0.464160476185],"rotationOrigin":[-4.824388980865,1.49348449707,0.015172623098],"stepParentName":"b_Head","rotationX":-1.3660375e-05,"rotationY":1e-12,"rotationZ":16.460872012947,"group":"head-baa","faces":{"north":{"texture":"#head","uv":[57.0,59.0,59.0,61.0],"autoUv":false},"east":{"texture":"#head","uv":[59.0,59.0,61.0,61.0],"autoUv":false},"south":{"texture":"#head","uv":[61.0,59.0,63.0,61.0],"autoUv":false},"west":{"texture":"#head","uv":[59.0,59.0,61.0,61.0],"autoUv":false},"up":{"texture":"#head","uv":[59.0,58.0,61.0,59.0],"autoUv":false,"rotation":90},"down":{"texture":"#head","uv":[61.0,62.0,59.0,61.0],"autoUv":false,"rotation":270}},"children":[]},{"name":"MeshHead.096","from":[-3.107491850853,0.45139169693,-2.171022691095],"to":[1.197614312172,4.863305568695,2.171021662391],"rotationOrigin":[-0.954938769341,2.657348632812,-5.14352e-07],"stepParentName":"b_Head","rotationX":-1.3660375e-05,"rotationY":1e-12,"rotationZ":0.0,"group":"head-baa","faces":{"north":{"texture":"#head","uv":[1.0,1.0,8.0,7.0],"autoUv":false},"east":{"texture":"#head","uv":[21.0,1.0,27.0,7.0],"autoUv":false},"south":{"texture":"#head","uv":[14.0,1.0,21.0,7.0],"autoUv":false},"west":{"texture":"#head","uv":[8.0,1.0,14.0,7.0],"autoUv":false},"up":{"texture":"#head","uv":[2.0,7.0,8.0,14.0],"autoUv":false,"rotation":90},"down":{"texture":"#head","uv":[14.0,14.0,8.0,7.0],"autoUv":false,"rotation":90}},"children":[]},{"name":"MeshNeck.013","from":[-1.680840969086,-2.13113451004,-1.499999909828],"to":[1.31915974617,1.868866443634,1.500000090172],"rotationOrigin":[-0.180840611458,-0.131134033203,9.0172e-08],"stepParentName":"b_Head","rotationX":-1.4533892e-05,"rotationY":1.1099058e-05,"rotationZ":9.000042085356,"group":"head-baa","faces":{"north":{"texture":"#head","uv":[27.0,3.0,36.0,14.0],"autoUv":false},"east":{"texture":"#head","uv":[27.0,3.0,36.0,14.0],"autoUv":false},"south":{"texture":"#head","uv":[27.0,3.0,36.0,14.0],"autoUv":false},"west":{"texture":"#head","uv":[36.0,3.0,44.0,14.0],"autoUv":false},"up":{"texture":"#head","uv":[36.0,0.0,44.0,9.0],"autoUv":false,"rotation":90},"down":{"texture":"#head","uv":[44.0,9.0,36.0,0.0],"autoUv":false,"rotation":270}},"children":[]},{"name":"Head","from":[-2.719010591507,-0.00108397007,-2.5],"to":[-2.719010591507,-0.00108397007,-2.5],"rotationOrigin":[-2.719010591507,-0.00108397007,-2.5],"rotationX":-1.3660375e-05,"rotationY":1e-12,"rotationZ":0.0,"faces":{"north":{"texture":"#null","uv":[0.0,0.0,0.0,0.0],"enabled":false},"east":{"texture":"#null","uv":[0.0,0.0,0.0,0.0],"enabled":false},"south":{"texture":"#null","uv":[0.0,0.0,0.0,0.0],"enabled":false},"west":{"texture":"#null","uv":[0.0,0.0,0.0,0.0],"enabled":false},"up":{"texture":"#null","uv":[0.0,0.0,0.0,0.0],"enabled":false},"down":{"texture":"#null","uv":[0.0,0.0,0.0,0.0],"enabled":false}},"children":[],"stepParentName":"b_Head"},{"name":"FluffR.123","from":[-0.481014017117,1.183229218346,-4.103351265022],"to":[0.236913684857,3.478333110747,-1.399447769096],"rotationOrigin":[-0.12205016613,2.33078122139,-2.751399517059],"stepParentName":"b_Head","rotationX":18.792973510703,"rotationY":-73.408387010439,"rotationZ":14.836019528272,"group":"head-baa","faces":{"north":{"texture":"head","uv":[49.0,57.0,55.0,63.0],"autoUv":false,"rotation":180,"enabled":false},"east":{"texture":"#head","uv":[23.0,21.0,19.0,27.0],"autoUv":false,"rotation":270},"south":{"texture":"#head","uv":[4.0,16.0,5.0,24.0],"autoUv":false,"rotation":180},"west":{"texture":"#head","uv":[26.0,22.0,30.0,28.0],"autoUv":false,"rotation":90},"up":{"texture":"#head","uv":[19.0,18.0,21.0,27.0],"autoUv":false,"rotation":180},"down":{"texture":"#head","uv":[19.0,27.0,21.0,20.0],"autoUv":false}},"children":[]},{"name":"FluffR.124","from":[-0.499387387287,1.186961422784,1.4141527118],"to":[0.218540314686,3.482065315185,4.118056207726],"rotationOrigin":[-0.140423536301,2.334513425827,2.766104459763],"stepParentName":"b_Head","rotationX":-18.79300083146,"rotationY":73.408387010439,"rotationZ":14.836017820725,"group":"head-baa","faces":{"north":{"texture":"#head","uv":[5.0,16.0,4.0,24.0],"autoUv":false,"rotation":180},"east":{"texture":"#head","uv":[19.0,21.0,23.0,27.0],"autoUv":false,"rotation":90},"south":{"texture":"head","uv":[55.0,57.0,49.0,63.0],"autoUv":false,"rotation":180,"enabled":false},"west":{"texture":"#head","uv":[29.0,22.0,25.0,28.0],"autoUv":false,"rotation":270},"up":{"texture":"#head","uv":[21.0,18.0,19.0,27.0],"autoUv":false},"down":{"texture":"#head","uv":[21.0,27.0,19.0,20.0],"autoUv":false,"rotation":180}},"children":[]},{"name":"FluffR.125","from":[-1.027846566468,2.552992788006,-3.74434067813],"to":[-0.323925145836,4.803321759645,-1.093188504304],"rotationOrigin":[-0.675885856152,3.678157329559,-2.418764591217],"stepParentName":"b_Head","rotationX":63.207007711405,"rotationY":-53.151753479474,"rotationZ":63.283690245217,"group":"head-baa","faces":{"north":{"texture":"head","uv":[49.0,57.0,55.0,63.0],"autoUv":false,"rotation":180,"enabled":false},"east":{"texture":"#head","uv":[23.0,21.0,19.0,27.0],"autoUv":false,"rotation":270},"south":{"texture":"#head","uv":[4.0,16.0,5.0,24.0],"autoUv":false,"rotation":180},"west":{"texture":"#head","uv":[26.0,22.0,30.0,28.0],"autoUv":false,"rotation":90},"up":{"texture":"#head","uv":[19.0,18.0,21.0,27.0],"autoUv":false,"rotation":180},"down":{"texture":"#head","uv":[19.0,27.0,21.0,20.0],"autoUv":false}},"children":[]},{"name":"FluffR.126","from":[-1.047422011376,2.547073331524,1.091224412049],"to":[-0.343500562877,4.797402303163,3.742376585875],"rotationOrigin":[-0.695461273193,3.672237873077,2.416800498962],"stepParentName":"b_Head","rotationX":-63.207035032162,"rotationY":53.151760309663,"rotationZ":63.283683415027,"group":"head-baa","faces":{"north":{"texture":"#head","uv":[5.0,16.0,4.0,24.0],"autoUv":false,"rotation":180},"east":{"texture":"#head","uv":[19.0,21.0,23.0,27.0],"autoUv":false,"rotation":90},"south":{"texture":"head","uv":[55.0,57.0,49.0,63.0],"autoUv":false,"rotation":180,"enabled":false},"west":{"texture":"#head","uv":[29.0,22.0,25.0,28.0],"autoUv":false,"rotation":270},"up":{"texture":"#head","uv":[21.0,18.0,19.0,27.0],"autoUv":false},"down":{"texture":"#head","uv":[21.0,27.0,19.0,20.0],"autoUv":false,"rotation":180}},"children":[]},{"name":"MeshMouthR.223","from":[1.788775622845,-51.891781169541,-0.480148149037],"to":[3.774296939373,-51.223093388963,0.732802617049],"rotationOrigin":[-0.711951076984,-25.197906494141,6.007648e-06],"stepParentName":"b_Head","rotationX":-0.307342877921,"rotationY":8.191531248961,"rotationZ":179.638742643376,"group":"head-baa","faces":{"north":{"texture":"#head","uv":[26.0,14.0,23.0,17.0],"autoUv":false,"rotation":90},"east":{"texture":"#head","uv":[26.0,17.0,23.0,20.0],"autoUv":false,"rotation":90},"south":{"texture":"#head","uv":[26.0,20.0,23.0,23.0],"autoUv":false,"rotation":90},"west":{"texture":"#head","uv":[26.0,17.0,23.0,20.0],"autoUv":false,"rotation":90},"up":{"texture":"#head","uv":[29.0,17.0,26.0,20.0],"autoUv":false},"down":{"texture":"#head","uv":[21.0,20.0,23.0,17.0],"autoUv":false,"rotation":180}},"children":[]},{"name":"MeshMouthR.221","from":[-4.298228348119,-52.027599334717,-0.305256033131],"to":[-3.326200150594,-51.448246002197,0.770660520849],"rotationOrigin":[-0.711951076984,-25.197906494141,6.007648e-06],"stepParentName":"b_Head","rotationX":-0.113352658867,"rotationY":5.634974794039,"rotationZ":-166.173625751343,"group":"head-baa","faces":{"north":{"texture":"#head","uv":[32.0,19.0,31.0,20.0],"autoUv":false,"rotation":180},"east":{"texture":"#head","uv":[31.0,19.0,28.0,20.0],"autoUv":false,"rotation":180},"south":{"texture":"#head","uv":[28.0,19.0,27.0,20.0],"autoUv":false,"rotation":180},"west":{"texture":"#head","uv":[31.0,19.0,28.0,20.0],"autoUv":false,"rotation":180},"up":{"texture":"#head","uv":[31.0,20.0,28.0,23.0],"autoUv":false,"rotation":90},"down":{"texture":"#head","uv":[28.0,19.0,31.0,15.0],"autoUv":false,"rotation":270}},"children":[]},{"name":"MeshMouthNoseTop.012","from":[-5.084592253935,1.049822546593,-0.125988152068],"to":[-4.995794851412,1.528352044472,0.095485659506],"rotationOrigin":[-5.040193557739,1.289087295532,-0.015251246281],"stepParentName":"b_Head","rotationX":-1.3660374e-05,"rotationY":1e-12,"rotationZ":5.822981727359,"group":"head-baa","faces":{"north":{"texture":"#head","uv":[57.0,59.0,59.0,61.0],"autoUv":false},"east":{"texture":"#head","uv":[59.0,59.0,61.0,61.0],"autoUv":false},"south":{"texture":"#head","uv":[61.0,59.0,63.0,61.0],"autoUv":false},"west":{"texture":"#head","uv":[59.0,59.0,61.0,61.0],"autoUv":false},"up":{"texture":"#head","uv":[59.0,58.0,61.0,59.0],"autoUv":false,"rotation":90},"down":{"texture":"#head","uv":[61.0,62.0,59.0,61.0],"autoUv":false,"rotation":270}},"children":[]},{"name":"MeshMouthR.213","from":[-4.48806954669,1.154303070538,-0.539527528942],"to":[-3.516034308974,1.733655431688,0.536217207295],"rotationOrigin":[-4.002051830292,1.443979263306,-0.001655103057],"stepParentName":"b_Head","rotationX":-0.173641764835,"rotationY":-0.336864876504,"rotationZ":-156.853887270374,"group":"head-baa","faces":{"north":{"texture":"#head","uv":[32.0,19.0,31.0,20.0],"autoUv":false,"rotation":180},"east":{"texture":"#head","uv":[31.0,19.0,28.0,20.0],"autoUv":false,"rotation":180},"south":{"texture":"#head","uv":[28.0,19.0,27.0,20.0],"autoUv":false,"rotation":180},"west":{"texture":"#head","uv":[31.0,19.0,28.0,20.0],"autoUv":false,"rotation":180},"up":{"texture":"#head","uv":[31.0,20.0,28.0,23.0],"autoUv":false,"rotation":90},"down":{"texture":"#head","uv":[28.0,19.0,31.0,15.0],"autoUv":false,"rotation":270}},"children":[]},{"name":"MeshMouthR.214","from":[-3.678975421295,1.128371217253,-0.521620300496],"to":[-2.531523106762,2.226101896761,0.527441578372],"rotationOrigin":[-3.105249166489,1.677236557007,0.002910695272],"stepParentName":"b_Head","rotationX":-0.173641778175,"rotationY":-0.336864689741,"rotationZ":-136.28765492471,"group":"head-baa","faces":{"north":{"texture":"#head","uv":[32.0,19.0,31.0,20.0],"autoUv":false,"rotation":180},"east":{"texture":"#head","uv":[31.0,19.0,28.0,20.0],"autoUv":false,"rotation":180},"south":{"texture":"#head","uv":[28.0,19.0,27.0,20.0],"autoUv":false,"rotation":180},"west":{"texture":"#head","uv":[31.0,19.0,28.0,20.0],"autoUv":false,"rotation":180},"up":{"texture":"#head","uv":[31.0,20.0,28.0,23.0],"autoUv":false,"rotation":90},"down":{"texture":"#head","uv":[28.0,19.0,31.0,15.0],"autoUv":false,"rotation":270}},"children":[]},{"name":"MeshMouthR.215","from":[-1.218404948711,-51.283966064453,3.885108048111],"to":[0.677044928074,-50.666477203369,4.685557371739],"rotationOrigin":[-0.711951076984,-25.197906494141,6.007648e-06],"stepParentName":"b_Head","rotationX":-9.284352124653,"rotationY":7.033410776596,"rotationZ":-172.530605755279,"group":"head-baa","faces":{"north":{"texture":"#head","uv":[53.0,16.0,50.0,19.0],"autoUv":false,"rotation":90},"east":{"texture":"#head","uv":[53.0,19.0,50.0,22.0],"autoUv":false,"rotation":90},"south":{"texture":"#head","uv":[53.0,22.0,50.0,25.0],"autoUv":false,"rotation":90},"west":{"texture":"#head","uv":[53.0,19.0,50.0,22.0],"autoUv":false,"rotation":90},"up":{"texture":"#head","uv":[56.0,19.0,53.0,22.0],"autoUv":false},"down":{"texture":"#head","uv":[48.0,22.0,50.0,19.0],"autoUv":false,"rotation":180}},"children":[]},{"name":"MeshMouthR.216","from":[2.348357912284,-51.167657852173,-0.505870175862],"to":[4.243806722417,-51.042387008667,0.622800278163],"rotationOrigin":[-0.711951076984,-25.197906494141,6.007648e-06],"stepParentName":"b_Head","rotationX":-0.236403492664,"rotationY":8.106285365477,"rotationZ":178.549136225462,"group":"head-baa","faces":{"north":{"texture":"#head","uv":[12.0,58.0,11.0,60.0],"autoUv":false,"rotation":90},"east":{"texture":"#head","uv":[12.0,60.0,11.0,61.0],"autoUv":false,"rotation":90},"south":{"texture":"#head","uv":[12.0,61.0,11.0,63.0],"autoUv":false,"rotation":90},"west":{"texture":"#head","uv":[12.0,60.0,11.0,61.0],"autoUv":false,"rotation":90},"up":{"texture":"#head","uv":[14.0,60.0,12.0,61.0],"autoUv":false},"down":{"texture":"#head","uv":[9.0,61.0,11.0,60.0],"autoUv":false,"rotation":180}},"children":[]},{"name":"MeshMouthR.217","from":[-4.933729546129,0.361642237196,-0.364904136105],"to":[-3.041907889784,0.928244265447,0.329687228785],"rotationOrigin":[-3.987818717957,0.644943237305,-0.01760841161],"stepParentName":"b_Head","rotationX":-0.153706243577,"rotationY":-0.06911522449,"rotationZ":-173.566485905181,"group":"head-baa","faces":{"north":{"texture":"#head","uv":[53.0,16.0,50.0,19.0],"autoUv":false,"rotation":90},"east":{"texture":"#head","uv":[53.0,19.0,50.0,22.0],"autoUv":false,"rotation":90},"south":{"texture":"#head","uv":[53.0,22.0,50.0,25.0],"autoUv":false,"rotation":90},"west":{"texture":"#head","uv":[53.0,19.0,50.0,22.0],"autoUv":false,"rotation":90},"up":{"texture":"#head","uv":[56.0,19.0,53.0,22.0],"autoUv":false},"down":{"texture":"#head","uv":[48.0,22.0,50.0,19.0],"autoUv":false,"rotation":180}},"children":[]},{"name":"MeshMouthR.218","from":[-13.134063541889,-49.396640777588,-4.066436005139],"to":[-12.162034809589,-48.484979629517,-3.41259713223],"rotationOrigin":[-0.711951076984,-25.197906494141,6.007648e-06],"stepParentName":"b_Head","rotationX":10.775860533709,"rotationY":-10.600567143755,"rotationZ":-146.495495582699,"group":"head-baa","faces":{"north":{"texture":"#head","uv":[32.0,19.0,31.0,20.0],"autoUv":false,"rotation":180},"east":{"texture":"#head","uv":[31.0,19.0,28.0,20.0],"autoUv":false,"rotation":180},"south":{"texture":"#head","uv":[28.0,19.0,27.0,20.0],"autoUv":false,"rotation":180},"west":{"texture":"#head","uv":[31.0,19.0,28.0,20.0],"autoUv":false,"rotation":180},"up":{"texture":"#head","uv":[31.0,20.0,28.0,23.0],"autoUv":false,"rotation":90},"down":{"texture":"#head","uv":[28.0,19.0,31.0,15.0],"autoUv":false,"rotation":270}},"children":[]},{"name":"MeshMouthR.219","from":[-5.198199093342,0.827280400682,-0.732790601754],"to":[-3.212677776814,1.49596818126,0.480160164333],"rotationOrigin":[-0.711951076984,-25.197906494141,6.007648e-06],"stepParentName":"b_Head","rotationX":0.307315583844,"rotationY":-8.191532102735,"rotationZ":-0.361268902285,"group":"head-baa","faces":{"north":{"texture":"#head","uv":[23.0,20.0,26.0,23.0],"autoUv":false,"rotation":90},"east":{"texture":"#head","uv":[23.0,17.0,26.0,20.0],"autoUv":false,"rotation":90},"south":{"texture":"#head","uv":[23.0,14.0,26.0,17.0],"autoUv":false,"rotation":90},"west":{"texture":"#head","uv":[23.0,17.0,26.0,20.0],"autoUv":false,"rotation":90},"up":{"texture":"#head","uv":[21.0,17.0,23.0,20.0],"autoUv":false,"rotation":180},"down":{"texture":"#head","uv":[29.0,20.0,26.0,17.0],"autoUv":false}},"children":[]},{"name":"MeshMouthR.220","from":[1.902297996625,1.052433013916,-0.770648505553],"to":[2.874326194151,1.631786346436,0.305268048426],"rotationOrigin":[-0.711951076984,-25.197906494141,6.007648e-06],"stepParentName":"b_Head","rotationX":0.113325284749,"rotationY":-5.634974367152,"rotationZ":13.826370719877,"group":"head-baa","faces":{"north":{"texture":"#head","uv":[27.0,19.0,28.0,20.0],"autoUv":false},"east":{"texture":"#head","uv":[28.0,19.0,31.0,20.0],"autoUv":false},"south":{"texture":"#head","uv":[31.0,19.0,32.0,20.0],"autoUv":false},"west":{"texture":"#head","uv":[28.0,19.0,31.0,20.0],"autoUv":false},"up":{"texture":"#head","uv":[28.0,15.0,31.0,19.0],"autoUv":false,"rotation":90},"down":{"texture":"#head","uv":[31.0,23.0,28.0,20.0],"autoUv":false,"rotation":270}},"children":[]},{"name":"MeshMouthR.222","from":[-2.100947082043,0.270664215088,-4.685545356443],"to":[-0.205497205257,0.888153076172,-3.885096032816],"rotationOrigin":[-0.711951076984,-25.197906494141,6.007648e-06],"stepParentName":"b_Head","rotationX":9.28432565767,"rotationY":-7.033411203483,"rotationZ":7.469387300847,"group":"head-baa","faces":{"north":{"texture":"#head","uv":[50.0,22.0,53.0,25.0],"autoUv":false,"rotation":90},"east":{"texture":"#head","uv":[50.0,19.0,53.0,22.0],"autoUv":false,"rotation":90},"south":{"texture":"#head","uv":[50.0,16.0,53.0,19.0],"autoUv":false,"rotation":90},"west":{"texture":"#head","uv":[50.0,19.0,53.0,22.0],"autoUv":false,"rotation":90},"up":{"texture":"#head","uv":[48.0,19.0,50.0,22.0],"autoUv":false,"rotation":180},"down":{"texture":"#head","uv":[56.0,22.0,53.0,19.0],"autoUv":false}},"children":[]},{"name":"MeshMouthR.224","from":[-5.667708876386,0.646574020386,-0.622788262868],"to":[-3.772260066252,0.771844863892,0.505882191158],"rotationOrigin":[-0.711951076984,-25.197906494141,6.007648e-06],"stepParentName":"b_Head","rotationX":0.236376171908,"rotationY":-8.106285365477,"rotationZ":-1.450868676772,"group":"head-baa","faces":{"north":{"texture":"#head","uv":[11.0,61.0,12.0,63.0],"autoUv":false,"rotation":90},"east":{"texture":"#head","uv":[11.0,60.0,12.0,61.0],"autoUv":false,"rotation":90},"south":{"texture":"#head","uv":[11.0,58.0,12.0,60.0],"autoUv":false,"rotation":90},"west":{"texture":"#head","uv":[11.0,60.0,12.0,61.0],"autoUv":false,"rotation":90},"up":{"texture":"#head","uv":[9.0,60.0,11.0,61.0],"autoUv":false,"rotation":180},"down":{"texture":"#head","uv":[14.0,61.0,12.0,60.0],"autoUv":false}},"children":[]},{"name":"MeshMouthR.225","from":[10.738132655621,-1.910833358765,3.412609147525],"to":[11.71016138792,-0.999172210693,4.066448020435],"rotationOrigin":[-0.711951076984,-25.197906494141,6.007648e-06],"stepParentName":"b_Head","rotationX":-10.775887854465,"rotationY":10.600568851302,"rotationZ":33.504506011162,"group":"head-baa","faces":{"north":{"texture":"#head","uv":[27.0,19.0,28.0,20.0],"autoUv":false},"east":{"texture":"#head","uv":[28.0,19.0,31.0,20.0],"autoUv":false},"south":{"texture":"#head","uv":[31.0,19.0,32.0,20.0],"autoUv":false},"west":{"texture":"#head","uv":[28.0,19.0,31.0,20.0],"autoUv":false},"up":{"texture":"#head","uv":[28.0,15.0,31.0,19.0],"autoUv":false,"rotation":90},"down":{"texture":"#head","uv":[31.0,23.0,28.0,20.0],"autoUv":false,"rotation":270}},"children":[]},{"name":"FluffR.127","from":[-3.29968559742,1.678229893305,-2.514639304397],"to":[0.174271702766,4.513507281683,-2.058556033852],"rotationOrigin":[-1.562706828117,3.095868587494,-2.286597728729],"stepParentName":"b_Head","rotationX":4.10745e-07,"rotationY":13.308627012864,"rotationZ":-90.000029825235,"group":"fluff.011","faces":{"north":{"texture":"#head","uv":[22.0,21.0,27.0,27.0],"autoUv":false,"rotation":180},"east":{"texture":"#head","uv":[21.0,20.0,19.0,27.0],"autoUv":false,"rotation":180},"south":{"texture":"#head","uv":[25.0,21.0,20.0,27.0],"autoUv":false,"rotation":180},"west":{"texture":"#head","uv":[19.0,18.0,21.0,27.0],"autoUv":false,"rotation":180},"up":{"texture":"head","uv":[49.0,57.0,55.0,63.0],"autoUv":false,"rotation":90,"enabled":false},"down":{"texture":"#head","uv":[5.0,24.0,4.0,16.0],"autoUv":false,"rotation":90}},"children":[]},{"name":"FluffR.128","from":[-1.536358892918,-0.298635391708,-3.074019104719],"to":[0.183486640453,2.757504252906,-2.090017288446],"rotationOrigin":[-0.676436126232,1.229434370995,-2.582018136978],"stepParentName":"b_Head","rotationX":-1.600596882106,"rotationY":21.550812652257,"rotationZ":-81.945925397469,"group":"fluff.011","faces":{"north":{"texture":"#head","uv":[27.0,22.0,30.0,28.0],"autoUv":false,"rotation":180},"east":{"texture":"#head","uv":[21.0,20.0,19.0,27.0],"autoUv":false,"rotation":180},"south":{"texture":"#head","uv":[22.0,21.0,19.0,27.0],"autoUv":false,"rotation":180},"west":{"texture":"#head","uv":[19.0,21.0,21.0,27.0],"autoUv":false,"rotation":180},"up":{"texture":"head","uv":[49.0,57.0,55.0,63.0],"autoUv":false,"rotation":90,"enabled":false},"down":{"texture":"#head","uv":[5.0,24.0,4.0,16.0],"autoUv":false,"rotation":90}},"children":[]},{"name":"FluffR.129","from":[-2.268162109715,3.580983707074,-1.694945002089],"to":[-1.543558261532,5.873106411334,1.694946145524],"rotationOrigin":[-1.905860185623,4.727045059204,5.71717e-07],"stepParentName":"b_Head","rotationX":-1.3660376e-05,"rotationY":1e-12,"rotationZ":-77.927527033265,"group":"fluff.011","faces":{"north":{"texture":"#head","uv":[21.0,20.0,19.0,27.0],"autoUv":false,"rotation":180},"east":{"texture":"#head","uv":[27.0,21.0,20.0,27.0],"autoUv":false,"rotation":180},"south":{"texture":"#head","uv":[19.0,18.0,21.0,27.0],"autoUv":false,"rotation":180},"west":{"texture":"#head","uv":[20.0,21.0,27.0,27.0],"autoUv":false,"rotation":180},"up":{"texture":"head","uv":[49.0,57.0,55.0,63.0],"autoUv":false,"enabled":false},"down":{"texture":"#head","uv":[5.0,24.0,4.0,16.0],"autoUv":false,"rotation":180}},"children":[]},{"name":"FluffR.130","from":[-0.408331811428,3.528487682343,-1.694944989573],"to":[0.316272079945,5.820610523224,1.69494615804],"rotationOrigin":[-0.046029865742,4.674549102783,5.84233e-07],"stepParentName":"b_Head","rotationX":-1.3660373e-05,"rotationY":0.0,"rotationZ":-79.808287923119,"group":"fluff.011","faces":{"north":{"texture":"#head","uv":[21.0,20.0,19.0,27.0],"autoUv":false,"rotation":180},"east":{"texture":"#head","uv":[28.0,21.0,21.0,27.0],"autoUv":false,"rotation":180},"south":{"texture":"#head","uv":[19.0,18.0,21.0,27.0],"autoUv":false,"rotation":180},"west":{"texture":"#head","uv":[18.0,21.0,25.0,27.0],"autoUv":false,"rotation":180},"up":{"texture":"head","uv":[49.0,57.0,55.0,63.0],"autoUv":false,"enabled":false},"down":{"texture":"#head","uv":[5.0,24.0,4.0,16.0],"autoUv":false,"rotation":180}},"children":[]},{"name":"FluffL.013","from":[-3.11715054512,0.829840585589,1.983452677727],"to":[-0.96390748024,1.328184440732,3.223288178444],"rotationOrigin":[-2.04052901268,1.079012513161,2.603370428085],"stepParentName":"b_Head","rotationX":-91.298906409129,"rotationY":-1.899736222586,"rotationZ":-36.340455196065,"group":"fluff.011","faces":{"north":{"texture":"#head","uv":[40.0,18.0,39.0,27.0],"autoUv":false,"rotation":90},"east":{"texture":"head","uv":[54.0,59.0,50.0,63.0],"autoUv":false,"rotation":270,"enabled":false},"south":{"texture":"#head","uv":[40.0,18.0,38.0,25.0],"autoUv":false,"rotation":270},"west":{"texture":"#head","uv":[55.0,8.0,50.0,14.0],"autoUv":false,"rotation":90},"up":{"texture":"#head","uv":[42.0,17.0,39.0,27.0],"autoUv":false,"rotation":270},"down":{"texture":"#head","uv":[34.0,27.0,37.0,19.0],"autoUv":false,"rotation":270}},"children":[]},{"name":"FluffR.131","from":[-1.065621776572,-0.298637151718,-2.792235374451],"to":[0.65422408103,2.75750207901,-1.808234214783],"rotationOrigin":[-0.205698847771,1.229432463646,-2.300234794617],"stepParentName":"b_Head","rotationX":-1.491364228031,"rotationY":-3.440376957106,"rotationZ":-82.623527974459,"group":"fluff.011","faces":{"north":{"texture":"#head","uv":[27.0,22.0,30.0,28.0],"autoUv":false,"rotation":180},"east":{"texture":"#head","uv":[21.0,20.0,19.0,27.0],"autoUv":false,"rotation":180},"south":{"texture":"#head","uv":[22.0,21.0,19.0,27.0],"autoUv":false,"rotation":180},"west":{"texture":"#head","uv":[19.0,21.0,21.0,27.0],"autoUv":false,"rotation":180},"up":{"texture":"head","uv":[49.0,57.0,55.0,63.0],"autoUv":false,"rotation":90,"enabled":false},"down":{"texture":"#head","uv":[5.0,24.0,4.0,16.0],"autoUv":false,"rotation":90}},"children":[]},{"name":"FluffR.132","from":[-1.790749430656,1.358890771866,0.86895775795],"to":[-1.334666371346,4.832848310471,3.704234838486],"rotationOrigin":[-1.562707901001,3.095869541168,2.286596298218],"stepParentName":"b_Head","rotationX":-1.3660376e-05,"rotationY":76.691392567087,"rotationZ":4e-12,"group":"fluff.011","faces":{"north":{"texture":"#head","uv":[5.0,16.0,4.0,24.0],"autoUv":false,"rotation":180},"east":{"texture":"#head","uv":[20.0,21.0,25.0,27.0],"autoUv":false,"rotation":90},"south":{"texture":"head","uv":[55.0,57.0,49.0,63.0],"autoUv":false,"rotation":180,"enabled":false},"west":{"texture":"#head","uv":[27.0,21.0,22.0,27.0],"autoUv":false,"rotation":270},"up":{"texture":"#head","uv":[21.0,18.0,19.0,27.0],"autoUv":false},"down":{"texture":"#head","uv":[21.0,27.0,19.0,20.0],"autoUv":false,"rotation":180}},"children":[]},{"name":"FluffR.133","from":[-1.373968065262,0.340523064137,0.971933722496],"to":[-0.389966845036,2.060368418694,4.028072834015],"rotationOrigin":[-0.881967484951,1.200445771217,2.50000333786],"stepParentName":"b_Head","rotationX":-19.467355653499,"rotationY":67.060668743018,"rotationZ":19.532674460079,"group":"fluff.011","faces":{"north":{"texture":"#head","uv":[5.0,16.0,4.0,24.0],"autoUv":false,"rotation":180},"east":{"texture":"#head","uv":[19.0,21.0,22.0,27.0],"autoUv":false,"rotation":90},"south":{"texture":"head","uv":[55.0,57.0,49.0,63.0],"autoUv":false,"rotation":180,"enabled":false},"west":{"texture":"#head","uv":[30.0,22.0,27.0,28.0],"autoUv":false,"rotation":270},"up":{"texture":"#head","uv":[21.0,21.0,19.0,27.0],"autoUv":false},"down":{"texture":"#head","uv":[21.0,27.0,19.0,20.0],"autoUv":false,"rotation":180}},"children":[]},{"name":"FluffR.134","from":[-0.887513101101,0.344606697559,0.782930254936],"to":[0.096488177776,2.064452052116,3.839069366455],"rotationOrigin":[-0.395512491465,1.20452940464,2.3109998703],"stepParentName":"b_Head","rotationX":66.621706145439,"rotationY":98.135304221097,"rotationZ":-64.908537607249,"group":"fluff.011","faces":{"north":{"texture":"#head","uv":[5.0,16.0,4.0,24.0],"autoUv":false,"rotation":180},"east":{"texture":"#head","uv":[19.0,21.0,22.0,27.0],"autoUv":false,"rotation":90},"south":{"texture":"head","uv":[55.0,57.0,49.0,63.0],"autoUv":false,"rotation":180,"enabled":false},"west":{"texture":"#head","uv":[30.0,22.0,27.0,28.0],"autoUv":false,"rotation":270},"up":{"texture":"#head","uv":[21.0,21.0,19.0,27.0],"autoUv":false},"down":{"texture":"#head","uv":[21.0,27.0,19.0,20.0],"autoUv":false,"rotation":180}},"children":[]},{"name":"FluffL.014","from":[-4.347831644213,0.701851521113,0.795992486074],"to":[-1.385719381178,1.200206841848,2.036720402643],"rotationOrigin":[-2.866775512695,0.95102918148,1.416356444359],"stepParentName":"b_Head","rotationX":-92.619434692691,"rotationY":-0.062488913799,"rotationZ":-90.41432860972,"group":"fluff.011","faces":{"north":{"texture":"#head","uv":[40.0,18.0,39.0,27.0],"autoUv":false,"rotation":90},"east":{"texture":"head","uv":[54.0,59.0,50.0,63.0],"autoUv":false,"rotation":270,"enabled":false},"south":{"texture":"#head","uv":[40.0,18.0,38.0,25.0],"autoUv":false,"rotation":270},"west":{"texture":"#head","uv":[55.0,8.0,50.0,14.0],"autoUv":false,"rotation":90},"up":{"texture":"#head","uv":[42.0,17.0,39.0,27.0],"autoUv":false,"rotation":270},"down":{"texture":"#head","uv":[34.0,27.0,37.0,19.0],"autoUv":false,"rotation":270}},"children":[]},{"name":"FluffL.015","from":[-0.035672187805,-3.36548268795,2.101413697121],"to":[2.117570638657,-2.867138743401,3.341249004729],"rotationOrigin":[-2.04052901268,1.079012513161,2.603370428085],"stepParentName":"b_Head","rotationX":91.298906409129,"rotationY":1.899740491454,"rotationZ":-36.340427875308,"group":"fluff.011","faces":{"north":{"texture":"#head","uv":[38.0,18.0,40.0,25.0],"autoUv":false,"rotation":90},"east":{"texture":"head","uv":[50.0,59.0,54.0,63.0],"autoUv":false,"rotation":90,"enabled":false},"south":{"texture":"#head","uv":[39.0,18.0,40.0,27.0],"autoUv":false,"rotation":270},"west":{"texture":"#head","uv":[50.0,8.0,55.0,14.0],"autoUv":false,"rotation":270},"up":{"texture":"#head","uv":[39.0,17.0,42.0,27.0],"autoUv":false,"rotation":270},"down":{"texture":"#head","uv":[37.0,27.0,34.0,19.0],"autoUv":false,"rotation":270}},"children":[]},{"name":"FluffL.016","from":[-4.378240697398,0.700277793886,-2.038496757291],"to":[-1.413326151357,1.198674004798,-0.793775295474],"rotationOrigin":[-2.895783424377,0.949475884438,-1.416136026382],"stepParentName":"b_Head","rotationX":93.298594552812,"rotationY":3.037700379824,"rotationZ":-90.611885001274,"group":"fluff.011","faces":{"north":{"texture":"#head","uv":[38.0,18.0,40.0,25.0],"autoUv":false,"rotation":90},"east":{"texture":"head","uv":[50.0,59.0,54.0,63.0],"autoUv":false,"rotation":90,"enabled":false},"south":{"texture":"#head","uv":[39.0,18.0,40.0,27.0],"autoUv":false,"rotation":270},"west":{"texture":"#head","uv":[50.0,8.0,55.0,14.0],"autoUv":false,"rotation":270},"up":{"texture":"#head","uv":[39.0,17.0,42.0,27.0],"autoUv":false,"rotation":270},"down":{"texture":"#head","uv":[37.0,27.0,34.0,19.0],"autoUv":false,"rotation":270}},"children":[]}],"groups":[]}