{"textureWidth":64,"textureHeight":64,"textures":{},"textureSizes":{"head":[64,64]},"elements":[{"name":"MeshMouthNoseTop.003","from":[-5.134579997008,1.105981583792,-0.539999326998],"to":[-4.422733229465,1.605365612993,-0.33655484307],"rotationOrigin":[-4.818274021149,1.41276550293,-0.044424034655],"stepParentName":"b_Head","rotationX":-1.3660377e-05,"rotationY":1e-12,"rotationZ":12.198185102888,"group":"head-dragon1","faces":{"north":{"texture":"#head","uv":[56.0,59.0,59.0,61.0],"autoUv":false},"east":{"texture":"#head","uv":[59.0,59.0,61.0,61.0],"autoUv":false},"south":{"texture":"#head","uv":[61.0,59.0,64.0,61.0],"autoUv":false},"west":{"texture":"#head","uv":[59.0,59.0,61.0,61.0],"autoUv":false},"up":{"texture":"#head","uv":[59.0,57.0,61.0,59.0],"autoUv":false,"rotation":90},"down":{"texture":"#head","uv":[61.0,63.0,59.0,61.0],"autoUv":false,"rotation":270}},"children":[]},{"name":"MeshHead.003","from":[-3.107491850853,0.451391458511,-2.171022750699],"to":[1.197614312172,4.863305568695,2.171021602786],"rotationOrigin":[-0.954938769341,2.657348632812,-5.73957e-07],"stepParentName":"b_Head","rotationX":-1.3660375e-05,"rotationY":1e-12,"rotationZ":0.0,"group":"head-dragon1","faces":{"north":{"texture":"#head","uv":[1.0,1.0,8.0,7.0],"autoUv":false},"east":{"texture":"#head","uv":[21.0,1.0,27.0,7.0],"autoUv":false},"south":{"texture":"#head","uv":[14.0,1.0,21.0,7.0],"autoUv":false},"west":{"texture":"#head","uv":[8.0,1.0,14.0,7.0],"autoUv":false},"up":{"texture":"#head","uv":[2.0,7.0,8.0,14.0],"autoUv":false,"rotation":90},"down":{"texture":"#head","uv":[14.0,14.0,8.0,7.0],"autoUv":false,"rotation":90}},"children":[]},{"name":"MeshNeck.003","from":[-1.323502242565,-2.071530461311,-1.499999449484],"to":[1.676498472691,1.928470611572,1.500000550516],"rotationOrigin":[0.376498162746,-2.371530532837,5.50516e-07],"stepParentName":"b_Head","rotationX":-1.4533892e-05,"rotationY":1.1099057e-05,"rotationZ":9.00004293913,"group":"head-dragon1","faces":{"north":{"texture":"#head","uv":[27.0,3.0,36.0,14.0],"autoUv":false},"east":{"texture":"#head","uv":[27.0,3.0,36.0,14.0],"autoUv":false},"south":{"texture":"#head","uv":[27.0,3.0,36.0,14.0],"autoUv":false},"west":{"texture":"#head","uv":[36.0,3.0,44.0,14.0],"autoUv":false},"up":{"texture":"#head","uv":[36.0,0.0,44.0,9.0],"autoUv":false,"rotation":90},"down":{"texture":"#head","uv":[44.0,9.0,36.0,0.0],"autoUv":false,"rotation":270}},"children":[]},{"name":"MeshMouthR.030","from":[-5.074451327324,0.44278806448,-0.930366996909],"to":[-2.304100513458,1.506402075291,0.940761323785],"rotationOrigin":[-3.608773946762,0.969942092896,-0.002171520377],"stepParentName":"b_Head","rotationX":-1.3660375e-05,"rotationY":1e-12,"rotationZ":0.0,"group":"head-dragon1","faces":{"north":{"texture":"#head","uv":[23.0,22.0,26.0,25.0],"autoUv":false,"rotation":90},"east":{"texture":"#head","uv":[23.0,19.0,26.0,22.0],"autoUv":false,"rotation":90},"south":{"texture":"#head","uv":[23.0,16.0,26.0,19.0],"autoUv":false,"rotation":90},"west":{"texture":"#head","uv":[23.0,19.0,26.0,22.0],"autoUv":false,"rotation":90},"up":{"texture":"#head","uv":[21.0,19.0,23.0,22.0],"autoUv":false,"rotation":180},"down":{"texture":"#head","uv":[29.0,22.0,26.0,19.0],"autoUv":false}},"children":[]},{"name":"Head","from":[-2.079614400864,0.007338894997,-2.444090127945],"to":[-2.079614400864,0.007338894997,-2.444090127945],"rotationOrigin":[-2.079614400864,0.007338894997,-2.444090127945],"rotationX":-1.3660375e-05,"rotationY":1e-12,"rotationZ":0.0,"faces":{"north":{"texture":"#null","uv":[0.0,0.0,0.0,0.0],"enabled":false},"east":{"texture":"#null","uv":[0.0,0.0,0.0,0.0],"enabled":false},"south":{"texture":"#null","uv":[0.0,0.0,0.0,0.0],"enabled":false},"west":{"texture":"#null","uv":[0.0,0.0,0.0,0.0],"enabled":false},"up":{"texture":"#null","uv":[0.0,0.0,0.0,0.0],"enabled":false},"down":{"texture":"#null","uv":[0.0,0.0,0.0,0.0],"enabled":false}},"children":[],"stepParentName":"b_Head"},{"name":"MeshMouthR.031","from":[-2.990591645241,0.169898585232,-0.483787801117],"to":[-1.890560507774,1.122930485577,0.570520374924],"rotationOrigin":[-2.440576076508,1.432434082031,0.043366286904],"stepParentName":"b_Head","rotationX":90.000002504478,"rotationY":6.570988186766,"rotationZ":-90.000091296937,"group":"head-dragon1","faces":{"north":{"texture":"#head","uv":[20.0,15.0,23.0,19.0],"autoUv":false},"east":{"texture":"#head","uv":[19.0,19.0,20.0,20.0],"autoUv":false,"rotation":90},"south":{"texture":"#head","uv":[20.0,20.0,23.0,23.0],"autoUv":false,"rotation":180},"west":{"texture":"#head","uv":[23.0,19.0,24.0,20.0],"autoUv":false,"rotation":270},"up":{"texture":"#head","uv":[20.0,19.0,23.0,20.0],"autoUv":false},"down":{"texture":"#head","uv":[23.0,20.0,20.0,19.0],"autoUv":false,"rotation":180}},"children":[]},{"name":"MeshMouthR.032","from":[-3.148805154573,0.377176766742,0.219949863859],"to":[-2.113956217911,1.284868306725,1.175886413531],"rotationOrigin":[-2.630308151245,1.47107899189,0.669315218925],"stepParentName":"b_Head","rotationX":89.835613511534,"rotationY":5.706377164736,"rotationZ":-76.237908987333,"group":"head-dragon1","faces":{"north":{"texture":"#head","uv":[20.0,15.0,23.0,19.0],"autoUv":false},"east":{"texture":"#head","uv":[19.0,19.0,20.0,20.0],"autoUv":false,"rotation":90},"south":{"texture":"#head","uv":[20.0,20.0,23.0,23.0],"autoUv":false,"rotation":180},"west":{"texture":"#head","uv":[23.0,19.0,24.0,20.0],"autoUv":false,"rotation":270},"up":{"texture":"#head","uv":[20.0,19.0,23.0,20.0],"autoUv":false},"down":{"texture":"#head","uv":[23.0,20.0,20.0,19.0],"autoUv":false,"rotation":180}},"children":[]},{"name":"MeshMouthR.033","from":[-3.274095058441,0.442788302898,0.476308166981],"to":[-1.671011328697,1.49709635973,1.601426303387],"rotationOrigin":[-1.969421625137,0.969942331314,1.038867235184],"stepParentName":"b_Head","rotationX":-1.3660376e-05,"rotationY":-17.690015780509,"rotationZ":0.0,"group":"head-dragon1","faces":{"north":{"texture":"#head","uv":[23.0,22.0,26.0,25.0],"autoUv":false,"rotation":90},"east":{"texture":"#head","uv":[23.0,19.0,26.0,22.0],"autoUv":false,"rotation":90},"south":{"texture":"#head","uv":[23.0,16.0,26.0,19.0],"autoUv":false,"rotation":90},"west":{"texture":"#head","uv":[23.0,19.0,26.0,22.0],"autoUv":false,"rotation":90},"up":{"texture":"#head","uv":[21.0,19.0,23.0,22.0],"autoUv":false,"rotation":180},"down":{"texture":"#head","uv":[29.0,22.0,26.0,19.0],"autoUv":false}},"children":[]},{"name":"MeshMouthR.034","from":[-4.685399461861,0.542380231046,-0.035247571781],"to":[-3.65240317181,1.925179821825,0.827416248634],"rotationOrigin":[-4.225098133087,1.233780026436,0.396084338427],"stepParentName":"b_Head","rotationX":87.754871512971,"rotationY":14.710422594719,"rotationZ":-80.046900581774,"group":"head-dragon1","faces":{"north":{"texture":"#head","uv":[20.0,15.0,23.0,19.0],"autoUv":false},"east":{"texture":"#head","uv":[19.0,19.0,20.0,20.0],"autoUv":false,"rotation":90},"south":{"texture":"#head","uv":[20.0,20.0,23.0,23.0],"autoUv":false,"rotation":180},"west":{"texture":"#head","uv":[23.0,19.0,24.0,20.0],"autoUv":false,"rotation":270},"up":{"texture":"#head","uv":[20.0,19.0,23.0,20.0],"autoUv":false},"down":{"texture":"#head","uv":[23.0,20.0,20.0,19.0],"autoUv":false,"rotation":180}},"children":[]},{"name":"MeshMouthR.036","from":[-5.010603666306,0.442788183689,0.046022951603],"to":[-1.16618180275,1.49709624052,1.171141088009],"rotationOrigin":[-2.470855236053,0.969942212105,0.608582019806],"stepParentName":"b_Head","rotationX":-1.3660375e-05,"rotationY":-5.269309090878,"rotationZ":-0.0,"group":"head-dragon1","faces":{"north":{"texture":"#head","uv":[23.0,22.0,26.0,25.0],"autoUv":false,"rotation":90},"east":{"texture":"#head","uv":[23.0,19.0,26.0,22.0],"autoUv":false,"rotation":90},"south":{"texture":"#head","uv":[23.0,16.0,26.0,19.0],"autoUv":false,"rotation":90},"west":{"texture":"#head","uv":[23.0,19.0,26.0,22.0],"autoUv":false,"rotation":90},"up":{"texture":"#head","uv":[21.0,19.0,23.0,22.0],"autoUv":false,"rotation":180},"down":{"texture":"#head","uv":[29.0,22.0,26.0,19.0],"autoUv":false}},"children":[]},{"name":"MeshMouthR.037","from":[-5.044998944932,0.832337412924,-0.841887124723],"to":[-3.662199110303,1.695001257723,0.191109238484],"rotationOrigin":[-4.225098133087,1.233780026436,0.396084338427],"stepParentName":"b_Head","rotationX":-0.306362185486,"rotationY":9.623710073565,"rotationZ":-165.074757596914,"group":"head-dragon1","faces":{"north":{"texture":"#head","uv":[24.0,19.0,23.0,20.0],"autoUv":false,"rotation":180},"east":{"texture":"#head","uv":[23.0,19.0,20.0,20.0],"autoUv":false,"rotation":180},"south":{"texture":"#head","uv":[20.0,19.0,19.0,20.0],"autoUv":false,"rotation":180},"west":{"texture":"#head","uv":[23.0,19.0,20.0,20.0],"autoUv":false,"rotation":180},"up":{"texture":"#head","uv":[23.0,20.0,20.0,23.0],"autoUv":false,"rotation":90},"down":{"texture":"#head","uv":[20.0,19.0,23.0,15.0],"autoUv":false,"rotation":270}},"children":[]},{"name":"MeshMouthR.038","from":[-2.76344982496,1.025524169779,-1.146178452615],"to":[-1.853676791097,1.981460981473,-0.1113294813],"rotationOrigin":[-2.630308151245,1.47107899189,0.669315218925],"stepParentName":"b_Head","rotationX":-1.230679492909,"rotationY":13.692536578185,"rotationZ":-174.126124285015,"group":"head-dragon1","faces":{"north":{"texture":"#head","uv":[24.0,19.0,23.0,20.0],"autoUv":false,"rotation":180},"east":{"texture":"#head","uv":[23.0,19.0,20.0,20.0],"autoUv":false,"rotation":180},"south":{"texture":"#head","uv":[20.0,19.0,19.0,20.0],"autoUv":false,"rotation":180},"west":{"texture":"#head","uv":[23.0,19.0,20.0,20.0],"autoUv":false,"rotation":180},"up":{"texture":"#head","uv":[23.0,20.0,20.0,23.0],"autoUv":false,"rotation":90},"down":{"texture":"#head","uv":[20.0,19.0,23.0,15.0],"autoUv":false,"rotation":270}},"children":[]},{"name":"MeshMouthR.040","from":[-3.886998772621,0.442788183689,-1.162624835968],"to":[-0.044365644455,1.49709624052,-0.037506520748],"rotationOrigin":[-2.470855236053,0.969942212105,0.608582019806],"stepParentName":"b_Head","rotationX":-1.3660375e-05,"rotationY":5.269302687576,"rotationZ":-179.999991348578,"group":"head-dragon1","faces":{"north":{"texture":"#head","uv":[26.0,16.0,23.0,19.0],"autoUv":false,"rotation":90},"east":{"texture":"#head","uv":[26.0,19.0,23.0,22.0],"autoUv":false,"rotation":90},"south":{"texture":"#head","uv":[26.0,22.0,23.0,25.0],"autoUv":false,"rotation":90},"west":{"texture":"#head","uv":[26.0,19.0,23.0,22.0],"autoUv":false,"rotation":90},"up":{"texture":"#head","uv":[29.0,19.0,26.0,22.0],"autoUv":false},"down":{"texture":"#head","uv":[21.0,22.0,23.0,19.0],"autoUv":false,"rotation":180}},"children":[]},{"name":"MeshMouthR.035","from":[-2.899186968803,0.442788302898,-1.503180027008],"to":[-1.296103239059,1.49709635973,-0.378061890602],"rotationOrigin":[-1.969421625137,0.969942331314,1.038867235184],"stepParentName":"b_Head","rotationX":-1.3660375e-05,"rotationY":17.690014072962,"rotationZ":180.000005008956,"group":"head-dragon1","faces":{"north":{"texture":"#head","uv":[26.0,16.0,23.0,19.0],"autoUv":false,"rotation":90},"east":{"texture":"#head","uv":[26.0,19.0,23.0,22.0],"autoUv":false,"rotation":90},"south":{"texture":"#head","uv":[26.0,22.0,23.0,25.0],"autoUv":false,"rotation":90},"west":{"texture":"#head","uv":[26.0,19.0,23.0,22.0],"autoUv":false,"rotation":90},"up":{"texture":"#head","uv":[29.0,19.0,26.0,22.0],"autoUv":false},"down":{"texture":"#head","uv":[21.0,22.0,23.0,19.0],"autoUv":false,"rotation":180}},"children":[]},{"name":"MeshMouthNoseTop.006","from":[-5.134579997008,1.105979962546,0.336554173842],"to":[-4.422733229465,1.605363991746,0.539998657769],"rotationOrigin":[-4.818274021149,1.41276550293,-0.044424034655],"stepParentName":"b_Head","rotationX":-1.3660377e-05,"rotationY":1e-12,"rotationZ":12.198185102888,"group":"head-dragon1","faces":{"north":{"texture":"#head","uv":[64.0,59.0,61.0,61.0],"autoUv":false},"east":{"texture":"#head","uv":[61.0,59.0,59.0,61.0],"autoUv":false},"south":{"texture":"#head","uv":[59.0,59.0,56.0,61.0],"autoUv":false},"west":{"texture":"#head","uv":[61.0,59.0,59.0,61.0],"autoUv":false},"up":{"texture":"#head","uv":[61.0,57.0,59.0,59.0],"autoUv":false,"rotation":90},"down":{"texture":"#head","uv":[59.0,63.0,61.0,61.0],"autoUv":false,"rotation":270}},"children":[]},{"name":"FluffR.034","from":[-2.29985255003,0.0078125,-2.768768310547],"to":[-0.580006957054,3.063952326775,-1.784766435623],"rotationOrigin":[-1.43992972374,1.535882353783,-2.276767253876],"stepParentName":"b_Head","rotationX":-1.600595708167,"rotationY":21.550814359805,"rotationZ":-81.945925397469,"group":"fluff.002","faces":{"north":{"texture":"#head","uv":[27.0,22.0,30.0,28.0],"autoUv":false,"rotation":180},"east":{"texture":"#head","uv":[21.0,20.0,19.0,27.0],"autoUv":false,"rotation":180},"south":{"texture":"#head","uv":[22.0,21.0,19.0,27.0],"autoUv":false,"rotation":180},"west":{"texture":"#head","uv":[19.0,21.0,21.0,27.0],"autoUv":false,"rotation":180},"up":{"texture":"head","uv":[49.0,57.0,55.0,63.0],"autoUv":false,"rotation":90,"enabled":false},"down":{"texture":"#head","uv":[5.0,24.0,4.0,16.0],"autoUv":false,"rotation":90}},"children":[]},{"name":"FluffR.035","from":[-2.26816213131,3.580983638763,-1.694944972287],"to":[-1.543558239937,5.873106479645,1.694946175327],"rotationOrigin":[-1.905860185623,4.727045059204,6.0152e-07],"stepParentName":"b_Head","rotationX":-1.3660375e-05,"rotationY":1e-12,"rotationZ":-77.927520203076,"group":"fluff.002","faces":{"north":{"texture":"#head","uv":[21.0,20.0,19.0,27.0],"autoUv":false,"rotation":180},"east":{"texture":"#head","uv":[27.0,21.0,20.0,27.0],"autoUv":false,"rotation":180},"south":{"texture":"#head","uv":[19.0,18.0,21.0,27.0],"autoUv":false,"rotation":180},"west":{"texture":"#head","uv":[20.0,21.0,27.0,27.0],"autoUv":false,"rotation":180},"up":{"texture":"head","uv":[49.0,57.0,55.0,63.0],"autoUv":false,"enabled":false},"down":{"texture":"#head","uv":[5.0,24.0,4.0,16.0],"autoUv":false,"rotation":180}},"children":[]},{"name":"FluffR.036","from":[-0.408331811428,3.528487682343,-1.694944959771],"to":[0.316272079945,5.820610523224,1.694946187843],"rotationOrigin":[-0.046029865742,4.674549102783,6.14036e-07],"stepParentName":"b_Head","rotationX":-1.3660373e-05,"rotationY":1e-12,"rotationZ":-79.808294753309,"group":"fluff.002","faces":{"north":{"texture":"#head","uv":[21.0,20.0,19.0,27.0],"autoUv":false,"rotation":180},"east":{"texture":"#head","uv":[28.0,21.0,21.0,27.0],"autoUv":false,"rotation":180},"south":{"texture":"#head","uv":[19.0,18.0,21.0,27.0],"autoUv":false,"rotation":180},"west":{"texture":"#head","uv":[18.0,21.0,25.0,27.0],"autoUv":false,"rotation":180},"up":{"texture":"head","uv":[49.0,57.0,55.0,63.0],"autoUv":false,"enabled":false},"down":{"texture":"#head","uv":[5.0,24.0,4.0,16.0],"autoUv":false,"rotation":180}},"children":[]},{"name":"FluffR.013","from":[-4.641306638718,-3.189672784474,-3.028365314007],"to":[-1.585166275501,-2.205670968202,-1.308519363403],"rotationOrigin":[-1.43992972374,1.535882353783,-2.276767253876],"stepParentName":"b_Head","rotationX":88.625146896257,"rotationY":7.487658056876,"rotationZ":-158.25454050309,"group":"fluff.002","faces":{"north":{"texture":"#head","uv":[21.0,21.0,19.0,27.0],"autoUv":false,"rotation":270},"east":{"texture":"#head","uv":[5.0,16.0,4.0,24.0],"autoUv":false,"rotation":270},"south":{"texture":"#head","uv":[19.0,20.0,21.0,27.0],"autoUv":false,"rotation":90},"west":{"texture":"head","uv":[55.0,57.0,49.0,63.0],"autoUv":false,"rotation":90,"enabled":false},"up":{"texture":"#head","uv":[19.0,21.0,22.0,27.0],"autoUv":false,"rotation":90},"down":{"texture":"#head","uv":[27.0,28.0,30.0,22.0],"autoUv":false,"rotation":90}},"children":[]},{"name":"MeshTongue.001","from":[0.411704003811,0.232596561313,-0.408614912037],"to":[1.958007395267,0.405361860991,0.535924547319],"rotationOrigin":[1.184855699539,0.318979203701,0.063654817641],"stepParentName":"b_Jaw","rotationX":-0.178066927004,"rotationY":-0.037545536527,"rotationZ":-179.430121345367,"group":"wolf0-jaw.001","faces":{"north":{"texture":"#head","uv":[34.0,56.0,33.0,63.0],"autoUv":false,"rotation":270},"east":{"texture":"head","uv":[39.0,61.0,27.0,62.0],"autoUv":false,"rotation":180,"enabled":false},"south":{"texture":"#head","uv":[39.0,56.0,38.0,63.0],"autoUv":false,"rotation":90},"west":{"texture":"#head","uv":[38.0,63.0,34.0,64.0],"autoUv":false,"rotation":180},"up":{"texture":"#head","uv":[34.0,56.0,38.0,63.0],"autoUv":false,"rotation":90},"down":{"texture":"#head","uv":[31.0,63.0,35.0,56.0],"autoUv":false,"rotation":270}},"children":[]},{"name":"MeshMouthR.041","from":[-1.744432330132,0.442211359739,-0.13857883215],"to":[-0.07275480777,0.846288412809,1.538253962994],"rotationOrigin":[-0.174290776253,0.565173327923,0.902224481106],"stepParentName":"b_Jaw","rotationX":-0.331386691264,"rotationY":15.022692013383,"rotationZ":-179.409958626937,"group":"wolf0-jaw.001","faces":{"north":{"texture":"#head","uv":[50.0,5.0,51.0,6.0],"autoUv":false},"east":{"texture":"#head","uv":[51.0,5.0,54.0,6.0],"autoUv":false},"south":{"texture":"#head","uv":[54.0,5.0,55.0,6.0],"autoUv":false},"west":{"texture":"#head","uv":[51.0,5.0,54.0,6.0],"autoUv":false},"up":{"texture":"#head","uv":[51.0,1.0,54.0,5.0],"autoUv":false,"rotation":90},"down":{"texture":"#head","uv":[54.0,9.0,51.0,6.0],"autoUv":false,"rotation":270}},"children":[]},{"name":"MeshMouthR.042","from":[-0.474775910378,0.516115650535,-0.317072033882],"to":[2.172204256058,0.920192688704,1.066404789686],"rotationOrigin":[1.224955797195,0.639077603817,0.587166786194],"stepParentName":"b_Jaw","rotationX":-0.22892739705,"rotationY":5.062570790646,"rotationZ":-179.427881043319,"group":"wolf0-jaw.001","faces":{"north":{"texture":"#head","uv":[50.0,5.0,51.0,6.0],"autoUv":false},"east":{"texture":"#head","uv":[51.0,5.0,54.0,6.0],"autoUv":false},"south":{"texture":"#head","uv":[54.0,5.0,55.0,6.0],"autoUv":false},"west":{"texture":"#head","uv":[51.0,5.0,54.0,6.0],"autoUv":false},"up":{"texture":"#head","uv":[51.0,1.0,54.0,5.0],"autoUv":false,"rotation":90},"down":{"texture":"#head","uv":[54.0,9.0,51.0,6.0],"autoUv":false,"rotation":270}},"children":[]},{"name":"MeshMouthR.043","from":[2.425900372685,0.033620191918,0.535337622141],"to":[3.467836827744,0.70136280936,0.703619666565],"rotationOrigin":[2.777498006821,0.402989774942,0.644196033478],"stepParentName":"b_Jaw","rotationX":90.299984412825,"rotationY":0.385592860106,"rotationZ":-90.99268170788,"group":"wolf0-jaw.001","faces":{"north":{"texture":"#head","uv":[13.0,60.0,11.0,61.0],"autoUv":false},"east":{"texture":"#head","uv":[14.0,59.0,13.0,60.0],"autoUv":false,"rotation":270},"south":{"texture":"#head","uv":[13.0,58.0,11.0,59.0],"autoUv":false,"rotation":180},"west":{"texture":"#head","uv":[11.0,59.0,10.0,60.0],"autoUv":false,"rotation":90},"up":{"texture":"#head","uv":[13.0,59.0,11.0,60.0],"autoUv":false,"rotation":180},"down":{"texture":"#head","uv":[11.0,60.0,13.0,59.0],"autoUv":false}},"children":[]},{"name":"MeshMouthR.044","from":[1.750606271115,-0.459595475794,0.774091199822],"to":[2.164362236814,1.264876578451,0.942105933242],"rotationOrigin":[1.9574842453,0.402640551329,0.858098566532],"stepParentName":"b_Jaw","rotationX":85.003937692667,"rotationY":1.187969893142,"rotationZ":-94.912144781957,"group":"wolf0-jaw.001","faces":{"north":{"texture":"#head","uv":[13.0,60.0,11.0,61.0],"autoUv":false},"east":{"texture":"#head","uv":[14.0,59.0,13.0,60.0],"autoUv":false,"rotation":270},"south":{"texture":"#head","uv":[13.0,58.0,11.0,59.0],"autoUv":false,"rotation":180},"west":{"texture":"#head","uv":[11.0,59.0,10.0,60.0],"autoUv":false,"rotation":90},"up":{"texture":"#head","uv":[13.0,59.0,11.0,60.0],"autoUv":false,"rotation":180},"down":{"texture":"#head","uv":[11.0,60.0,13.0,59.0],"autoUv":false}},"children":[]},{"name":"MeshMouthR.046","from":[-0.705467132887,0.337017416954,-1.227648258209],"to":[0.956604294096,0.741090804338,0.43866866827],"rotationOrigin":[-0.174821376801,0.618516147137,0.902058362961],"stepParentName":"b_Jaw","rotationX":0.302009247231,"rotationY":-11.803729725488,"rotationZ":0.453544144322,"group":"wolf0-jaw.001","faces":{"north":{"texture":"#head","uv":[55.0,5.0,54.0,6.0],"autoUv":false,"rotation":180},"east":{"texture":"#head","uv":[54.0,5.0,51.0,6.0],"autoUv":false,"rotation":180},"south":{"texture":"#head","uv":[51.0,5.0,50.0,6.0],"autoUv":false,"rotation":180},"west":{"texture":"#head","uv":[54.0,5.0,51.0,6.0],"autoUv":false,"rotation":180},"up":{"texture":"#head","uv":[54.0,6.0,51.0,9.0],"autoUv":false,"rotation":90},"down":{"texture":"#head","uv":[51.0,5.0,54.0,1.0],"autoUv":false,"rotation":270}},"children":[]},{"name":"MeshMouthR.047","from":[0.174338459969,0.354315370321,-1.05843893938],"to":[2.821318984032,0.758392430842,0.325037808672],"rotationOrigin":[1.224955797195,0.639077603817,0.587166786194],"stepParentName":"b_Jaw","rotationX":0.229025047411,"rotationY":-5.062572498193,"rotationZ":0.572107370412,"group":"wolf0-jaw.001","faces":{"north":{"texture":"#head","uv":[55.0,5.0,54.0,6.0],"autoUv":false,"rotation":180},"east":{"texture":"#head","uv":[54.0,5.0,51.0,6.0],"autoUv":false,"rotation":180},"south":{"texture":"#head","uv":[51.0,5.0,50.0,6.0],"autoUv":false,"rotation":180},"west":{"texture":"#head","uv":[54.0,5.0,51.0,6.0],"autoUv":false,"rotation":180},"up":{"texture":"#head","uv":[54.0,6.0,51.0,9.0],"autoUv":false,"rotation":90},"down":{"texture":"#head","uv":[51.0,5.0,54.0,1.0],"autoUv":false,"rotation":270}},"children":[]},{"name":"MeshMouthR.048","from":[2.501477268471,0.287370219653,-0.986120251528],"to":[3.169219920571,0.455652259822,0.055816059228],"rotationOrigin":[2.777392625809,0.403020292521,0.663071870804],"stepParentName":"b_Jaw","rotationX":-0.293203159039,"rotationY":-0.993548878583,"rotationZ":-179.614358868039,"group":"wolf0-jaw.001","faces":{"north":{"texture":"#head","uv":[10.0,59.0,11.0,60.0],"autoUv":false},"east":{"texture":"#head","uv":[11.0,59.0,13.0,60.0],"autoUv":false},"south":{"texture":"#head","uv":[13.0,59.0,14.0,60.0],"autoUv":false},"west":{"texture":"#head","uv":[11.0,59.0,13.0,60.0],"autoUv":false},"up":{"texture":"#head","uv":[11.0,58.0,13.0,59.0],"autoUv":false,"rotation":90},"down":{"texture":"#head","uv":[13.0,61.0,11.0,60.0],"autoUv":false,"rotation":270}},"children":[]},{"name":"MeshMouthR.049","from":[1.247128340416,0.470301492577,-1.042969332023],"to":[2.971600217885,0.638316264986,-0.629213426067],"rotationOrigin":[1.952904939651,0.397906422615,0.946518361568],"stepParentName":"b_Jaw","rotationX":5.098249564436,"rotationY":-4.911079329289,"rotationZ":-178.807645225169,"group":"wolf0-jaw.001","faces":{"north":{"texture":"#head","uv":[10.0,59.0,11.0,60.0],"autoUv":false},"east":{"texture":"#head","uv":[11.0,59.0,13.0,60.0],"autoUv":false},"south":{"texture":"#head","uv":[13.0,59.0,14.0,60.0],"autoUv":false},"west":{"texture":"#head","uv":[11.0,59.0,13.0,60.0],"autoUv":false},"up":{"texture":"#head","uv":[11.0,58.0,13.0,59.0],"autoUv":false,"rotation":90},"down":{"texture":"#head","uv":[13.0,61.0,11.0,60.0],"autoUv":false,"rotation":270}},"children":[]},{"name":"MeshMouthR.039","from":[-0.74353146553,0.27843824029,-1.476233065128],"to":[0.928146481514,0.682515345514,0.200600087643],"rotationOrigin":[-0.174290776253,0.565173327923,0.902224481106],"stepParentName":"b_Jaw","rotationX":0.331480979891,"rotationY":-15.022692013383,"rotationZ":0.59005331893,"group":"wolf0-jaw.001","faces":{"north":{"texture":"#head","uv":[54.0,5.0,53.0,6.0],"autoUv":false,"rotation":180},"east":{"texture":"#head","uv":[53.0,5.0,50.0,6.0],"autoUv":false,"rotation":180},"south":{"texture":"#head","uv":[50.0,5.0,49.0,6.0],"autoUv":false,"rotation":180},"west":{"texture":"#head","uv":[53.0,5.0,50.0,6.0],"autoUv":false,"rotation":180},"up":{"texture":"#head","uv":[53.0,6.0,50.0,9.0],"autoUv":false,"rotation":90},"down":{"texture":"#head","uv":[50.0,5.0,53.0,1.0],"autoUv":false,"rotation":270}},"children":[]}],"groups":[]}