{"textureWidth":64,"textureHeight":64,"textures":{},"textureSizes":{"head":[64,64]},"elements":[{"name":"MeshHead.008","from":[-3.107491850853,0.45139169693,-2.171022691095],"to":[1.197614312172,4.863305568695,2.171021662391],"rotationOrigin":[-0.954938769341,2.657348632812,-5.14352e-07],"stepParentName":"b_Head","rotationX":-1.3660375e-05,"rotationY":1e-12,"rotationZ":0.0,"group":"head-duck1","faces":{"north":{"texture":"#head","uv":[1.0,1.0,8.0,7.0],"autoUv":false},"east":{"texture":"#head","uv":[21.0,1.0,27.0,7.0],"autoUv":false},"south":{"texture":"#head","uv":[14.0,1.0,21.0,7.0],"autoUv":false},"west":{"texture":"#head","uv":[8.0,1.0,14.0,7.0],"autoUv":false},"up":{"texture":"#head","uv":[2.0,7.0,8.0,14.0],"autoUv":false,"rotation":90},"down":{"texture":"#head","uv":[14.0,14.0,8.0,7.0],"autoUv":false,"rotation":90}},"children":[]},{"name":"MeshNeck.006","from":[-1.680840969086,-2.13113451004,-1.499999909828],"to":[1.31915974617,1.868866443634,1.500000090172],"rotationOrigin":[-0.180840611458,-0.131134033203,9.0172e-08],"stepParentName":"b_Head","rotationX":-1.4533892e-05,"rotationY":1.1099057e-05,"rotationZ":9.00004293913,"group":"head-duck1","faces":{"north":{"texture":"#head","uv":[27.0,4.0,36.0,15.0],"autoUv":false},"east":{"texture":"#head","uv":[27.0,4.0,36.0,15.0],"autoUv":false},"south":{"texture":"#head","uv":[27.0,4.0,36.0,15.0],"autoUv":false},"west":{"texture":"#head","uv":[36.0,4.0,44.0,15.0],"autoUv":false},"up":{"texture":"#head","uv":[36.0,1.0,44.0,10.0],"autoUv":false,"rotation":90},"down":{"texture":"#head","uv":[44.0,10.0,36.0,1.0],"autoUv":false,"rotation":270}},"children":[]},{"name":"Head","from":[-2.079614400864,0.007338894997,-2.444090127945],"to":[-2.079614400864,0.007338894997,-2.444090127945],"rotationOrigin":[-2.079614400864,0.007338894997,-2.444090127945],"rotationX":-1.3660375e-05,"rotationY":1e-12,"rotationZ":0.0,"faces":{"north":{"texture":"#null","uv":[0.0,0.0,0.0,0.0],"enabled":false},"east":{"texture":"#null","uv":[0.0,0.0,0.0,0.0],"enabled":false},"south":{"texture":"#null","uv":[0.0,0.0,0.0,0.0],"enabled":false},"west":{"texture":"#null","uv":[0.0,0.0,0.0,0.0],"enabled":false},"up":{"texture":"#null","uv":[0.0,0.0,0.0,0.0],"enabled":false},"down":{"texture":"#null","uv":[0.0,0.0,0.0,0.0],"enabled":false}},"children":[],"stepParentName":"b_Head"},{"name":"MeshMouthR.084","from":[-4.513003373438,0.003863554936,-0.008040544278],"to":[-3.67382242759,2.800141211793,0.317501016253],"rotationOrigin":[-4.093412876129,1.402002334595,0.154730260372],"stepParentName":"b_Head","rotationX":89.263182187385,"rotationY":6.128264289389,"rotationZ":-80.320456488222,"group":"head-duck1","faces":{"north":{"texture":"#head","uv":[26.0,5.0,29.0,9.0],"autoUv":false},"east":{"texture":"#head","uv":[25.0,9.0,26.0,10.0],"autoUv":false,"rotation":90},"south":{"texture":"#head","uv":[26.0,10.0,29.0,13.0],"autoUv":false,"rotation":180},"west":{"texture":"#head","uv":[29.0,9.0,30.0,10.0],"autoUv":false,"rotation":270},"up":{"texture":"#head","uv":[26.0,9.0,29.0,10.0],"autoUv":false},"down":{"texture":"#head","uv":[29.0,10.0,26.0,9.0],"autoUv":false,"rotation":180}},"children":[]},{"name":"MeshMouthR.085","from":[-5.75660764126,0.593897418422,0.082388797169],"to":[-5.046884856052,1.937451714937,0.376723072166],"rotationOrigin":[-5.401746273041,1.265674591064,0.229555934668],"stepParentName":"b_Head","rotationX":-91.036784239351,"rotationY":2.503693778954,"rotationZ":-80.381327134105,"group":"head-duck1","faces":{"north":{"texture":"#head","uv":[29.0,5.0,26.0,9.0],"autoUv":false},"east":{"texture":"#head","uv":[25.0,9.0,26.0,10.0],"autoUv":false,"rotation":90},"south":{"texture":"#head","uv":[29.0,10.0,26.0,13.0],"autoUv":false,"rotation":180},"west":{"texture":"#head","uv":[29.0,9.0,30.0,10.0],"autoUv":false,"rotation":270},"up":{"texture":"#head","uv":[29.0,9.0,26.0,10.0],"autoUv":false},"down":{"texture":"#head","uv":[26.0,10.0,29.0,9.0],"autoUv":false,"rotation":180}},"children":[]},{"name":"MeshMouthR.086","from":[-5.76468177475,0.393765515603,0.793926846483],"to":[-4.731685582239,1.776565008842,1.088260950785],"rotationOrigin":[-5.248183727264,1.085165262222,0.941093862057],"stepParentName":"b_Head","rotationX":-70.068923110112,"rotationY":7.240003081534,"rotationZ":-80.999049442641,"group":"head-duck1","faces":{"north":{"texture":"#head","uv":[26.0,5.0,29.0,9.0],"autoUv":false,"rotation":180},"east":{"texture":"#head","uv":[25.0,9.0,26.0,10.0],"autoUv":false,"rotation":270},"south":{"texture":"#head","uv":[26.0,10.0,29.0,13.0],"autoUv":false},"west":{"texture":"#head","uv":[29.0,9.0,30.0,10.0],"autoUv":false,"rotation":90},"up":{"texture":"#head","uv":[26.0,9.0,29.0,10.0],"autoUv":false,"rotation":180},"down":{"texture":"#head","uv":[29.0,10.0,26.0,9.0],"autoUv":false}},"children":[]},{"name":"MeshMouthR.087","from":[-4.326595136409,0.275761623112,0.64499755999],"to":[-3.293743303533,1.915042479097,0.939310351738],"rotationOrigin":[-3.810169219971,1.095402002335,0.792153894901],"stepParentName":"b_Head","rotationX":-70.643225906095,"rotationY":-0.863653674969,"rotationZ":-87.09127082378,"group":"head-duck1","faces":{"north":{"texture":"#head","uv":[26.0,5.0,29.0,9.0],"autoUv":false,"rotation":180},"east":{"texture":"#head","uv":[25.0,9.0,26.0,10.0],"autoUv":false,"rotation":270},"south":{"texture":"#head","uv":[26.0,10.0,29.0,13.0],"autoUv":false},"west":{"texture":"#head","uv":[29.0,9.0,30.0,10.0],"autoUv":false,"rotation":90},"up":{"texture":"#head","uv":[26.0,9.0,29.0,10.0],"autoUv":false,"rotation":180},"down":{"texture":"#head","uv":[29.0,10.0,26.0,9.0],"autoUv":false}},"children":[]},{"name":"MeshMouthR.088","from":[-4.891253680894,1.169245031793,0.119199666493],"to":[-4.767687673375,1.524968878733,0.444741275794],"rotationOrigin":[-4.82947063446,1.347107052803,0.281970471144],"stepParentName":"b_Head","rotationX":89.263175357196,"rotationY":6.128265996936,"rotationZ":-84.791873979317,"group":"head-duck1","faces":{"north":{"texture":"#head","uv":[10.0,60.0,11.0,61.0],"autoUv":false},"east":{"texture":"#head","uv":[10.0,61.0,10.0,61.0],"autoUv":false,"rotation":270},"south":{"texture":"#head","uv":[10.0,61.0,11.0,62.0],"autoUv":false,"rotation":180},"west":{"texture":"#head","uv":[11.0,61.0,11.0,61.0],"autoUv":false,"rotation":90},"up":{"texture":"#head","uv":[10.0,61.0,11.0,61.0],"autoUv":false,"rotation":90},"down":{"texture":"#head","uv":[11.0,61.0,10.0,61.0],"autoUv":false,"rotation":270}},"children":[]},{"name":"MeshMouthR.089","from":[-6.07352354339,1.118511280456,-0.584418096715],"to":[-4.729969002692,1.412845592031,0.125304810419],"rotationOrigin":[-5.401746273041,1.265678405762,-0.229556679726],"stepParentName":"b_Head","rotationX":0.612590702035,"rotationY":170.390775790205,"rotationZ":2.539347152978,"group":"head-duck1","faces":{"north":{"texture":"#head","uv":[30.0,9.0,29.0,10.0],"autoUv":false},"east":{"texture":"#head","uv":[29.0,9.0,26.0,10.0],"autoUv":false},"south":{"texture":"#head","uv":[26.0,9.0,25.0,10.0],"autoUv":false},"west":{"texture":"#head","uv":[29.0,9.0,26.0,10.0],"autoUv":false},"up":{"texture":"#head","uv":[29.0,10.0,26.0,13.0],"autoUv":false,"rotation":270},"down":{"texture":"#head","uv":[26.0,9.0,29.0,5.0],"autoUv":false,"rotation":90}},"children":[]},{"name":"MeshMouthR.090","from":[-5.491551655788,1.239229671366,-0.574321462103],"to":[-2.695274096471,1.564771158741,0.264859532516],"rotationOrigin":[-4.093412876129,1.402000427246,-0.154730916023],"stepParentName":"b_Head","rotationX":-0.306365467178,"rotationY":9.623712634886,"rotationZ":-173.783918147219,"group":"head-duck1","faces":{"north":{"texture":"#head","uv":[30.0,9.0,29.0,10.0],"autoUv":false,"rotation":180},"east":{"texture":"#head","uv":[29.0,9.0,26.0,10.0],"autoUv":false,"rotation":180},"south":{"texture":"#head","uv":[26.0,9.0,25.0,10.0],"autoUv":false,"rotation":180},"west":{"texture":"#head","uv":[29.0,9.0,26.0,10.0],"autoUv":false,"rotation":180},"up":{"texture":"#head","uv":[29.0,10.0,26.0,13.0],"autoUv":false,"rotation":90},"down":{"texture":"#head","uv":[26.0,9.0,29.0,5.0],"autoUv":false,"rotation":270}},"children":[]},{"name":"MeshMouthR.091","from":[-5.939583950721,0.937992072151,-1.457593605573],"to":[-4.556784408712,1.232326200838,-0.424597510602],"rotationOrigin":[-5.248184204102,1.085159063339,-0.941095411777],"stepParentName":"b_Head","rotationX":-21.074750174655,"rotationY":171.071404140997,"rotationZ":7.329286460591,"group":"head-duck1","faces":{"north":{"texture":"#head","uv":[30.0,9.0,29.0,10.0],"autoUv":false},"east":{"texture":"#head","uv":[29.0,9.0,26.0,10.0],"autoUv":false},"south":{"texture":"#head","uv":[26.0,9.0,25.0,10.0],"autoUv":false},"west":{"texture":"#head","uv":[29.0,9.0,26.0,10.0],"autoUv":false},"up":{"texture":"#head","uv":[29.0,10.0,26.0,13.0],"autoUv":false,"rotation":270},"down":{"texture":"#head","uv":[26.0,9.0,29.0,5.0],"autoUv":false,"rotation":90}},"children":[]},{"name":"MeshMouthR.092","from":[-4.629808883937,0.948248991618,-1.30857969213],"to":[-2.990528027953,1.242561688771,-0.275727956794],"rotationOrigin":[-3.810168504715,1.095405340195,-0.792153775692],"stepParentName":"b_Head","rotationX":-19.312916538628,"rotationY":177.091601177338,"rotationZ":-0.864779215439,"group":"head-duck1","faces":{"north":{"texture":"#head","uv":[30.0,9.0,29.0,10.0],"autoUv":false},"east":{"texture":"#head","uv":[29.0,9.0,26.0,10.0],"autoUv":false},"south":{"texture":"#head","uv":[26.0,9.0,25.0,10.0],"autoUv":false},"west":{"texture":"#head","uv":[29.0,9.0,26.0,10.0],"autoUv":false},"up":{"texture":"#head","uv":[29.0,10.0,26.0,13.0],"autoUv":false,"rotation":270},"down":{"texture":"#head","uv":[26.0,9.0,29.0,5.0],"autoUv":false,"rotation":90}},"children":[]},{"name":"MeshMouthR.093","from":[-5.007333132308,1.184339775661,-0.343755027529],"to":[-4.651609285368,1.509881458117,-0.2201890142],"rotationOrigin":[-4.829471111298,1.347110629082,-0.281972020864],"stepParentName":"b_Head","rotationX":0.179291745341,"rotationY":5.178316883868,"rotationZ":-173.84653732153,"group":"head-duck1","faces":{"north":{"texture":"#head","uv":[11.0,61.0,11.0,61.0],"autoUv":false,"rotation":90},"east":{"texture":"#head","uv":[10.0,61.0,11.0,61.0],"autoUv":false},"south":{"texture":"#head","uv":[10.0,61.0,10.0,61.0],"autoUv":false,"rotation":90},"west":{"texture":"#head","uv":[10.0,61.0,11.0,61.0],"autoUv":false},"up":{"texture":"#head","uv":[11.0,61.0,10.0,62.0],"autoUv":false,"rotation":90},"down":{"texture":"#head","uv":[10.0,61.0,11.0,60.0],"autoUv":false,"rotation":270}},"children":[]},{"name":"FluffR.037","from":[-2.299852490425,0.0078125,-2.768768250942],"to":[-0.580006957054,3.063952326775,-1.784766376019],"rotationOrigin":[-1.43992972374,1.535882353783,-2.276767253876],"stepParentName":"b_Head","rotationX":-1.600595708167,"rotationY":21.550814359805,"rotationZ":-81.945925397469,"group":"fluff.004","faces":{"north":{"texture":"#head","uv":[27.0,22.0,30.0,28.0],"autoUv":false,"rotation":180},"east":{"texture":"#head","uv":[21.0,20.0,19.0,27.0],"autoUv":false,"rotation":180},"south":{"texture":"#head","uv":[22.0,21.0,19.0,27.0],"autoUv":false,"rotation":180},"west":{"texture":"#head","uv":[19.0,21.0,21.0,27.0],"autoUv":false,"rotation":180},"up":{"texture":"head","uv":[49.0,57.0,55.0,63.0],"autoUv":false,"rotation":90,"enabled":false},"down":{"texture":"#head","uv":[5.0,24.0,4.0,16.0],"autoUv":false,"rotation":90}},"children":[]},{"name":"FluffR.038","from":[-2.26816213131,3.580983638763,-1.694945002089],"to":[-1.543558239937,5.873106479645,1.694946145524],"rotationOrigin":[-1.905860185623,4.727045059204,5.71717e-07],"stepParentName":"b_Head","rotationX":-1.3660375e-05,"rotationY":1e-12,"rotationZ":-77.927520203076,"group":"fluff.004","faces":{"north":{"texture":"#head","uv":[21.0,20.0,19.0,27.0],"autoUv":false,"rotation":180},"east":{"texture":"#head","uv":[27.0,21.0,20.0,27.0],"autoUv":false,"rotation":180},"south":{"texture":"#head","uv":[19.0,18.0,21.0,27.0],"autoUv":false,"rotation":180},"west":{"texture":"#head","uv":[20.0,21.0,27.0,27.0],"autoUv":false,"rotation":180},"up":{"texture":"head","uv":[49.0,57.0,55.0,63.0],"autoUv":false,"enabled":false},"down":{"texture":"#head","uv":[5.0,24.0,4.0,16.0],"autoUv":false,"rotation":180}},"children":[]},{"name":"FluffR.039","from":[-0.408331811428,3.528487682343,-1.694944989573],"to":[0.316272079945,5.820610523224,1.69494615804],"rotationOrigin":[-0.046029865742,4.674549102783,5.84233e-07],"stepParentName":"b_Head","rotationX":-1.3660373e-05,"rotationY":1e-12,"rotationZ":-79.808294753309,"group":"fluff.004","faces":{"north":{"texture":"#head","uv":[21.0,20.0,19.0,27.0],"autoUv":false,"rotation":180},"east":{"texture":"#head","uv":[28.0,21.0,21.0,27.0],"autoUv":false,"rotation":180},"south":{"texture":"#head","uv":[19.0,18.0,21.0,27.0],"autoUv":false,"rotation":180},"west":{"texture":"#head","uv":[18.0,21.0,25.0,27.0],"autoUv":false,"rotation":180},"up":{"texture":"head","uv":[49.0,57.0,55.0,63.0],"autoUv":false,"enabled":false},"down":{"texture":"#head","uv":[5.0,24.0,4.0,16.0],"autoUv":false,"rotation":180}},"children":[]},{"name":"FluffR.040","from":[-2.967995166779,1.043880611181,1.416843295097],"to":[0.088145136833,2.027882427454,3.136689245701],"rotationOrigin":[-1.439924836159,1.535881638527,2.276766300201],"stepParentName":"b_Head","rotationX":88.625146896257,"rotationY":7.487658056876,"rotationZ":-158.25454050309,"group":"fluff.004","faces":{"north":{"texture":"#head","uv":[21.0,21.0,19.0,27.0],"autoUv":false,"rotation":270},"east":{"texture":"#head","uv":[5.0,16.0,4.0,24.0],"autoUv":false,"rotation":270},"south":{"texture":"#head","uv":[19.0,20.0,21.0,27.0],"autoUv":false,"rotation":90},"west":{"texture":"head","uv":[55.0,57.0,49.0,63.0],"autoUv":false,"rotation":90,"enabled":false},"up":{"texture":"#head","uv":[19.0,21.0,22.0,27.0],"autoUv":false,"rotation":90},"down":{"texture":"#head","uv":[27.0,28.0,30.0,22.0],"autoUv":false,"rotation":90}},"children":[]},{"name":"MeshTongue.004","from":[1.047084987164,-0.189698055387,-0.408615269665],"to":[2.59338837862,-0.016932755709,0.535924189691],"rotationOrigin":[1.820236682892,-0.103315405548,0.063654460013],"stepParentName":"b_Jaw","rotationX":-0.178066927004,"rotationY":-0.037545536527,"rotationZ":-179.430121345367,"group":"wolf0-jaw.004","faces":{"north":{"texture":"#head","uv":[34.0,56.0,33.0,63.0],"autoUv":false,"rotation":270},"east":{"texture":"head","uv":[39.0,61.0,35.0,62.0],"autoUv":false,"rotation":180,"enabled":false},"south":{"texture":"#head","uv":[39.0,56.0,38.0,63.0],"autoUv":false,"rotation":90},"west":{"texture":"#head","uv":[38.0,63.0,34.0,64.0],"autoUv":false,"rotation":180},"up":{"texture":"#head","uv":[34.0,56.0,38.0,63.0],"autoUv":false,"rotation":90},"down":{"texture":"#head","uv":[39.0,63.0,35.0,56.0],"autoUv":false,"rotation":270}},"children":[]},{"name":"MeshMouthR.094","from":[0.282748103142,-0.132901400328,-0.321775615215],"to":[1.954425632954,0.271175652742,1.355057179928],"rotationOrigin":[1.118586778641,0.069137126207,0.516640722752],"stepParentName":"b_Jaw","rotationX":-0.331386691264,"rotationY":15.022692013383,"rotationZ":-179.409958626937,"group":"wolf0-jaw.004","faces":{"north":{"texture":"#head","uv":[54.0,5.0,55.0,6.0],"autoUv":false},"east":{"texture":"#head","uv":[55.0,5.0,58.0,6.0],"autoUv":false},"south":{"texture":"#head","uv":[58.0,5.0,59.0,6.0],"autoUv":false},"west":{"texture":"#head","uv":[55.0,5.0,58.0,6.0],"autoUv":false},"up":{"texture":"#head","uv":[55.0,1.0,58.0,5.0],"autoUv":false,"rotation":90},"down":{"texture":"#head","uv":[58.0,9.0,55.0,6.0],"autoUv":false,"rotation":270}},"children":[]},{"name":"MeshMouthR.095","from":[1.992202401161,-0.862309439108,0.191134631634],"to":[3.373795330524,0.802807049826,0.595204696059],"rotationOrigin":[2.682998895645,-0.029751164839,0.393169671297],"stepParentName":"b_Jaw","rotationX":-98.29081396812,"rotationY":8.698575464639,"rotationZ":96.947233796108,"group":"wolf0-jaw.004","faces":{"north":{"texture":"#head","uv":[55.0,1.0,58.0,5.0],"autoUv":false},"east":{"texture":"#head","uv":[54.0,5.0,55.0,6.0],"autoUv":false,"rotation":90},"south":{"texture":"#head","uv":[55.0,6.0,58.0,9.0],"autoUv":false,"rotation":180},"west":{"texture":"#head","uv":[58.0,5.0,59.0,6.0],"autoUv":false,"rotation":270},"up":{"texture":"#head","uv":[55.0,5.0,58.0,6.0],"autoUv":false},"down":{"texture":"#head","uv":[58.0,6.0,55.0,5.0],"autoUv":false,"rotation":180}},"children":[]},{"name":"MeshMouthR.096","from":[3.43110953102,-0.755858883262,0.324196130037],"to":[3.709523515607,0.380007281899,0.728266209364],"rotationOrigin":[3.570316553116,-0.187925800681,0.526231169701],"stepParentName":"b_Jaw","rotationX":-68.534377679096,"rotationY":101.61016979153,"rotationZ":-33.611063792404,"group":"wolf0-jaw.004","faces":{"north":{"texture":"#head","uv":[11.0,58.0,12.0,60.0],"autoUv":false},"east":{"texture":"#head","uv":[10.0,60.0,11.0,60.0],"autoUv":false,"rotation":180},"south":{"texture":"#head","uv":[11.0,60.0,12.0,62.0],"autoUv":false,"rotation":180},"west":{"texture":"#head","uv":[12.0,60.0,13.0,60.0],"autoUv":false},"up":{"texture":"#head","uv":[11.0,60.0,12.0,60.0],"autoUv":false,"rotation":90},"down":{"texture":"#head","uv":[13.0,60.0,10.0,59.0],"autoUv":false,"rotation":180}},"children":[]},{"name":"MeshMouthR.097","from":[0.282747983932,-0.132898598909,-1.355057239532],"to":[1.954425990582,0.271178454161,0.321775913239],"rotationOrigin":[1.118587017059,0.069139927626,-0.516640663147],"stepParentName":"b_Jaw","rotationX":0.331481139973,"rotationY":-15.02269372093,"rotationZ":0.590053425652,"group":"wolf0-jaw.004","faces":{"north":{"texture":"#head","uv":[59.0,5.0,58.0,6.0],"autoUv":false,"rotation":180},"east":{"texture":"#head","uv":[58.0,5.0,55.0,6.0],"autoUv":false,"rotation":180},"south":{"texture":"#head","uv":[55.0,5.0,54.0,6.0],"autoUv":false,"rotation":180},"west":{"texture":"#head","uv":[58.0,5.0,55.0,6.0],"autoUv":false,"rotation":180},"up":{"texture":"#head","uv":[58.0,6.0,55.0,9.0],"autoUv":false,"rotation":90},"down":{"texture":"#head","uv":[55.0,5.0,58.0,1.0],"autoUv":false,"rotation":270}},"children":[]},{"name":"MeshMouthR.098","from":[1.885548651218,-0.216755594127,-1.074753541303],"to":[3.550665318966,0.187314440496,0.306839305711],"rotationOrigin":[2.718106985092,-0.014720584266,-0.383957087994],"stepParentName":"b_Jaw","rotationX":5.839669587049,"rotationY":-6.49548471436,"rotationZ":-7.61948839182,"group":"wolf0-jaw.004","faces":{"north":{"texture":"#head","uv":[59.0,5.0,58.0,6.0],"autoUv":false,"rotation":180},"east":{"texture":"#head","uv":[58.0,5.0,55.0,6.0],"autoUv":false,"rotation":180},"south":{"texture":"#head","uv":[55.0,5.0,54.0,6.0],"autoUv":false,"rotation":180},"west":{"texture":"#head","uv":[58.0,5.0,55.0,6.0],"autoUv":false,"rotation":180},"up":{"texture":"#head","uv":[58.0,6.0,55.0,9.0],"autoUv":false,"rotation":90},"down":{"texture":"#head","uv":[55.0,5.0,58.0,1.0],"autoUv":false,"rotation":270}},"children":[]},{"name":"MeshMouthR.099","from":[3.002382397652,-0.389959916472,-0.665438072587],"to":[4.138248562813,0.014110162854,-0.387023983692],"rotationOrigin":[3.570315599442,-0.187924876809,-0.526230990887],"stepParentName":"b_Jaw","rotationX":102.693745152407,"rotationY":-9.648614650826,"rotationZ":-83.51162332129,"group":"wolf0-jaw.004","faces":{"north":{"texture":"#head","uv":[12.0,60.0,13.0,60.0],"autoUv":false},"east":{"texture":"#head","uv":[13.0,59.0,10.0,60.0],"autoUv":false,"rotation":180},"south":{"texture":"#head","uv":[10.0,60.0,11.0,60.0],"autoUv":false},"west":{"texture":"#head","uv":[11.0,60.0,12.0,60.0],"autoUv":false},"up":{"texture":"#head","uv":[12.0,60.0,11.0,62.0],"autoUv":false,"rotation":90},"down":{"texture":"#head","uv":[11.0,60.0,12.0,58.0],"autoUv":false,"rotation":270}},"children":[]}],"groups":[]}