{"textureWidth":64,"textureHeight":64,"textures":{},"textureSizes":{"head":[64,64]},"elements":[{"name":"MeshMouthNoseTop.004","from":[-5.134579997008,1.105981583792,-0.539999326998],"to":[-4.422733229465,1.605365612993,-0.33655484307],"rotationOrigin":[-4.818274021149,1.41276550293,-0.044424034655],"stepParentName":"b_Head","rotationX":-1.3660377e-05,"rotationY":1e-12,"rotationZ":12.198185102888,"group":"head-cobra0","faces":{"north":{"texture":"#head","uv":[56.0,59.0,59.0,61.0],"autoUv":false},"east":{"texture":"#head","uv":[59.0,59.0,61.0,61.0],"autoUv":false},"south":{"texture":"#head","uv":[61.0,59.0,64.0,61.0],"autoUv":false},"west":{"texture":"#head","uv":[59.0,59.0,61.0,61.0],"autoUv":false},"up":{"texture":"#head","uv":[59.0,57.0,61.0,59.0],"autoUv":false,"rotation":90},"down":{"texture":"#head","uv":[61.0,63.0,59.0,61.0],"autoUv":false,"rotation":270}},"children":[]},{"name":"MeshHead.004","from":[-3.107491850853,0.451391458511,-2.171022750699],"to":[-0.101998269558,4.863305568695,2.171021602786],"rotationOrigin":[-0.954938769341,2.657348632812,-5.73957e-07],"stepParentName":"b_Head","rotationX":-1.3660375e-05,"rotationY":1e-12,"rotationZ":0.0,"group":"head-cobra0","faces":{"north":{"texture":"#head","uv":[1.0,1.0,8.0,7.0],"autoUv":false},"east":{"texture":"#head","uv":[21.0,1.0,27.0,7.0],"autoUv":false},"south":{"texture":"#head","uv":[14.0,1.0,21.0,7.0],"autoUv":false},"west":{"texture":"#head","uv":[8.0,1.0,14.0,7.0],"autoUv":false},"up":{"texture":"#head","uv":[2.0,7.0,8.0,14.0],"autoUv":false,"rotation":90},"down":{"texture":"#head","uv":[14.0,14.0,8.0,7.0],"autoUv":false,"rotation":90}},"children":[]},{"name":"MeshNeck.004","from":[-1.323502242565,-2.071530461311,-1.499999449484],"to":[1.676498472691,1.928470611572,1.500000550516],"rotationOrigin":[0.376498162746,-2.371530532837,5.50516e-07],"stepParentName":"b_Head","rotationX":-1.4533892e-05,"rotationY":1.1099057e-05,"rotationZ":9.00004293913,"group":"head-cobra0","faces":{"north":{"texture":"#head","uv":[27.0,3.0,36.0,14.0],"autoUv":false},"east":{"texture":"#head","uv":[27.0,3.0,36.0,14.0],"autoUv":false},"south":{"texture":"#head","uv":[27.0,3.0,36.0,14.0],"autoUv":false},"west":{"texture":"#head","uv":[36.0,3.0,44.0,14.0],"autoUv":false},"up":{"texture":"#head","uv":[36.0,0.0,44.0,9.0],"autoUv":false,"rotation":90},"down":{"texture":"#head","uv":[44.0,9.0,36.0,0.0],"autoUv":false,"rotation":270}},"children":[]},{"name":"MeshMouthR.045","from":[-5.074451327324,0.44278806448,-0.930366996909],"to":[-2.304100513458,1.506402075291,0.940761323785],"rotationOrigin":[-3.608773946762,0.969942092896,-0.002171520377],"stepParentName":"b_Head","rotationX":-1.3660375e-05,"rotationY":1e-12,"rotationZ":0.0,"group":"head-cobra0","faces":{"north":{"texture":"#head","uv":[31.0,22.0,34.0,25.0],"autoUv":false,"rotation":90},"east":{"texture":"#head","uv":[31.0,19.0,34.0,22.0],"autoUv":false,"rotation":90},"south":{"texture":"#head","uv":[31.0,16.0,34.0,19.0],"autoUv":false,"rotation":90},"west":{"texture":"#head","uv":[31.0,19.0,34.0,22.0],"autoUv":false,"rotation":90},"up":{"texture":"#head","uv":[29.0,19.0,31.0,22.0],"autoUv":false,"rotation":180},"down":{"texture":"#head","uv":[37.0,22.0,34.0,19.0],"autoUv":false}},"children":[]},{"name":"Head","from":[-2.079614400864,0.007338894997,-2.444090127945],"to":[-2.079614400864,0.007338894997,-2.444090127945],"rotationOrigin":[-2.079614400864,0.007338894997,-2.444090127945],"rotationX":-1.3660375e-05,"rotationY":1e-12,"rotationZ":0.0,"faces":{"north":{"texture":"#null","uv":[0.0,0.0,0.0,0.0],"enabled":false},"east":{"texture":"#null","uv":[0.0,0.0,0.0,0.0],"enabled":false},"south":{"texture":"#null","uv":[0.0,0.0,0.0,0.0],"enabled":false},"west":{"texture":"#null","uv":[0.0,0.0,0.0,0.0],"enabled":false},"up":{"texture":"#null","uv":[0.0,0.0,0.0,0.0],"enabled":false},"down":{"texture":"#null","uv":[0.0,0.0,0.0,0.0],"enabled":false}},"children":[],"stepParentName":"b_Head"},{"name":"MeshMouthR.050","from":[-2.990591645241,0.169898585232,-0.483787801117],"to":[-1.890560507774,1.122930485577,0.570520374924],"rotationOrigin":[-2.440576076508,1.432434082031,0.043366286904],"stepParentName":"b_Head","rotationX":90.000002504478,"rotationY":6.570988186766,"rotationZ":-90.000091296937,"group":"head-cobra0","faces":{"north":{"texture":"#head","uv":[28.0,15.0,31.0,19.0],"autoUv":false},"east":{"texture":"#head","uv":[27.0,19.0,28.0,20.0],"autoUv":false,"rotation":90},"south":{"texture":"#head","uv":[28.0,20.0,31.0,23.0],"autoUv":false,"rotation":180},"west":{"texture":"#head","uv":[31.0,19.0,32.0,20.0],"autoUv":false,"rotation":270},"up":{"texture":"#head","uv":[28.0,19.0,31.0,20.0],"autoUv":false},"down":{"texture":"#head","uv":[31.0,20.0,28.0,19.0],"autoUv":false,"rotation":180}},"children":[]},{"name":"MeshMouthR.051","from":[-3.148805154573,0.377176766742,0.219949863859],"to":[-2.113956217911,1.284868306725,1.175886413531],"rotationOrigin":[-2.630308151245,1.47107899189,0.669315218925],"stepParentName":"b_Head","rotationX":89.835613511534,"rotationY":5.706377164736,"rotationZ":-76.237908987333,"group":"head-cobra0","faces":{"north":{"texture":"#head","uv":[28.0,15.0,31.0,19.0],"autoUv":false},"east":{"texture":"#head","uv":[27.0,19.0,28.0,20.0],"autoUv":false,"rotation":90},"south":{"texture":"#head","uv":[28.0,20.0,31.0,23.0],"autoUv":false,"rotation":180},"west":{"texture":"#head","uv":[31.0,19.0,32.0,20.0],"autoUv":false,"rotation":270},"up":{"texture":"#head","uv":[28.0,19.0,31.0,20.0],"autoUv":false},"down":{"texture":"#head","uv":[31.0,20.0,28.0,19.0],"autoUv":false,"rotation":180}},"children":[]},{"name":"MeshMouthR.052","from":[-3.274095058441,0.442788302898,0.476308166981],"to":[-1.671011328697,1.49709635973,1.601426303387],"rotationOrigin":[-1.969421625137,0.969942331314,1.038867235184],"stepParentName":"b_Head","rotationX":-1.3660376e-05,"rotationY":-17.690015780509,"rotationZ":0.0,"group":"head-cobra0","faces":{"north":{"texture":"#head","uv":[31.0,22.0,34.0,25.0],"autoUv":false,"rotation":90},"east":{"texture":"#head","uv":[31.0,19.0,34.0,22.0],"autoUv":false,"rotation":90},"south":{"texture":"#head","uv":[31.0,16.0,34.0,19.0],"autoUv":false,"rotation":90},"west":{"texture":"#head","uv":[31.0,19.0,34.0,22.0],"autoUv":false,"rotation":90},"up":{"texture":"#head","uv":[29.0,19.0,31.0,22.0],"autoUv":false,"rotation":180},"down":{"texture":"#head","uv":[37.0,22.0,34.0,19.0],"autoUv":false}},"children":[]},{"name":"MeshMouthR.053","from":[-4.685399461861,0.542380231046,-0.035247571781],"to":[-3.65240317181,1.925179821825,0.827416248634],"rotationOrigin":[-4.225098133087,1.233780026436,0.396084338427],"stepParentName":"b_Head","rotationX":87.754871512971,"rotationY":14.710422594719,"rotationZ":-80.046900581774,"group":"head-cobra0","faces":{"north":{"texture":"#head","uv":[28.0,15.0,31.0,19.0],"autoUv":false},"east":{"texture":"#head","uv":[27.0,19.0,28.0,20.0],"autoUv":false,"rotation":90},"south":{"texture":"#head","uv":[28.0,20.0,31.0,23.0],"autoUv":false,"rotation":180},"west":{"texture":"#head","uv":[31.0,19.0,32.0,20.0],"autoUv":false,"rotation":270},"up":{"texture":"#head","uv":[28.0,19.0,31.0,20.0],"autoUv":false},"down":{"texture":"#head","uv":[31.0,20.0,28.0,19.0],"autoUv":false,"rotation":180}},"children":[]},{"name":"MeshMouthR.054","from":[-5.010603666306,0.442788183689,0.046022951603],"to":[-1.16618180275,1.49709624052,1.171141088009],"rotationOrigin":[-2.470855236053,0.969942212105,0.608582019806],"stepParentName":"b_Head","rotationX":-1.3660375e-05,"rotationY":-5.269309090878,"rotationZ":-0.0,"group":"head-cobra0","faces":{"north":{"texture":"#head","uv":[31.0,22.0,34.0,25.0],"autoUv":false,"rotation":90},"east":{"texture":"#head","uv":[31.0,19.0,34.0,22.0],"autoUv":false,"rotation":90},"south":{"texture":"#head","uv":[31.0,16.0,34.0,19.0],"autoUv":false,"rotation":90},"west":{"texture":"#head","uv":[31.0,19.0,34.0,22.0],"autoUv":false,"rotation":90},"up":{"texture":"#head","uv":[29.0,19.0,31.0,22.0],"autoUv":false,"rotation":180},"down":{"texture":"#head","uv":[37.0,22.0,34.0,19.0],"autoUv":false}},"children":[]},{"name":"MeshMouthR.055","from":[-5.044998944932,0.832337412924,-0.841887124723],"to":[-3.662199110303,1.695001257723,0.191109238484],"rotationOrigin":[-4.225098133087,1.233780026436,0.396084338427],"stepParentName":"b_Head","rotationX":-0.306362185486,"rotationY":9.623710073565,"rotationZ":-165.074757596914,"group":"head-cobra0","faces":{"north":{"texture":"#head","uv":[32.0,19.0,31.0,20.0],"autoUv":false,"rotation":180},"east":{"texture":"#head","uv":[31.0,19.0,28.0,20.0],"autoUv":false,"rotation":180},"south":{"texture":"#head","uv":[28.0,19.0,27.0,20.0],"autoUv":false,"rotation":180},"west":{"texture":"#head","uv":[31.0,19.0,28.0,20.0],"autoUv":false,"rotation":180},"up":{"texture":"#head","uv":[31.0,20.0,28.0,23.0],"autoUv":false,"rotation":90},"down":{"texture":"#head","uv":[28.0,19.0,31.0,15.0],"autoUv":false,"rotation":270}},"children":[]},{"name":"MeshMouthR.056","from":[-2.76344982496,1.025524169779,-1.146178452615],"to":[-1.853676791097,1.981460981473,-0.1113294813],"rotationOrigin":[-2.630308151245,1.47107899189,0.669315218925],"stepParentName":"b_Head","rotationX":-1.230679492909,"rotationY":13.692536578185,"rotationZ":-174.126124285015,"group":"head-cobra0","faces":{"north":{"texture":"#head","uv":[32.0,19.0,31.0,20.0],"autoUv":false,"rotation":180},"east":{"texture":"#head","uv":[31.0,19.0,28.0,20.0],"autoUv":false,"rotation":180},"south":{"texture":"#head","uv":[28.0,19.0,27.0,20.0],"autoUv":false,"rotation":180},"west":{"texture":"#head","uv":[31.0,19.0,28.0,20.0],"autoUv":false,"rotation":180},"up":{"texture":"#head","uv":[31.0,20.0,28.0,23.0],"autoUv":false,"rotation":90},"down":{"texture":"#head","uv":[28.0,19.0,31.0,15.0],"autoUv":false,"rotation":270}},"children":[]},{"name":"MeshMouthR.057","from":[-3.886998772621,0.442788183689,-1.162624835968],"to":[-0.044365644455,1.49709624052,-0.037506520748],"rotationOrigin":[-2.470855236053,0.969942212105,0.608582019806],"stepParentName":"b_Head","rotationX":-1.3660375e-05,"rotationY":5.269302687576,"rotationZ":-179.999991348578,"group":"head-cobra0","faces":{"north":{"texture":"#head","uv":[34.0,16.0,31.0,19.0],"autoUv":false,"rotation":90},"east":{"texture":"#head","uv":[34.0,19.0,31.0,22.0],"autoUv":false,"rotation":90},"south":{"texture":"#head","uv":[34.0,22.0,31.0,25.0],"autoUv":false,"rotation":90},"west":{"texture":"#head","uv":[34.0,19.0,31.0,22.0],"autoUv":false,"rotation":90},"up":{"texture":"#head","uv":[37.0,19.0,34.0,22.0],"autoUv":false},"down":{"texture":"#head","uv":[29.0,22.0,31.0,19.0],"autoUv":false,"rotation":180}},"children":[]},{"name":"MeshMouthR.058","from":[-2.899186968803,0.442788302898,-1.503180027008],"to":[-1.296103239059,1.49709635973,-0.378061890602],"rotationOrigin":[-1.969421625137,0.969942331314,1.038867235184],"stepParentName":"b_Head","rotationX":-1.3660375e-05,"rotationY":17.690014072962,"rotationZ":180.000005008956,"group":"head-cobra0","faces":{"north":{"texture":"#head","uv":[34.0,16.0,31.0,19.0],"autoUv":false,"rotation":90},"east":{"texture":"#head","uv":[34.0,19.0,31.0,22.0],"autoUv":false,"rotation":90},"south":{"texture":"#head","uv":[34.0,22.0,31.0,25.0],"autoUv":false,"rotation":90},"west":{"texture":"#head","uv":[34.0,19.0,31.0,22.0],"autoUv":false,"rotation":90},"up":{"texture":"#head","uv":[37.0,19.0,34.0,22.0],"autoUv":false},"down":{"texture":"#head","uv":[29.0,22.0,31.0,19.0],"autoUv":false,"rotation":180}},"children":[]},{"name":"MeshHead.007","from":[0.571311354637,1.144752264023,-1.471072460162],"to":[2.106268286705,4.105991125107,1.471071218503],"rotationOrigin":[-0.730083584785,2.853950500488,-6.2083e-07],"stepParentName":"b_Head","rotationX":-1.3660375e-05,"rotationY":1e-12,"rotationZ":0.0,"group":"head-cobra0","faces":{"north":{"texture":"#head","uv":[1.0,1.0,8.0,7.0],"autoUv":false},"east":{"texture":"#head","uv":[21.0,1.0,27.0,7.0],"autoUv":false},"south":{"texture":"#head","uv":[14.0,1.0,21.0,7.0],"autoUv":false},"west":{"texture":"#head","uv":[8.0,1.0,14.0,7.0],"autoUv":false},"up":{"texture":"#head","uv":[2.0,7.0,8.0,14.0],"autoUv":false,"rotation":90},"down":{"texture":"#head","uv":[14.0,14.0,8.0,7.0],"autoUv":false,"rotation":90}},"children":[]},{"name":"CobraHood.005","from":[-5.232472300529,2.961418444691,-3.711914360523],"to":[1.372641205788,3.758037574073,0.652957856655],"rotationOrigin":[-1.323815226555,1.874379992485,-0.584293663502],"stepParentName":"b_Head","rotationX":90.182580291182,"rotationY":-0.136684064803,"rotationZ":-89.817595472504,"group":"head-cobra0","faces":{"north":{"texture":"#head","uv":[8.0,7.0,2.0,14.0],"autoUv":false},"east":{"texture":"#head","uv":[21.0,1.0,14.0,7.0],"autoUv":false,"rotation":90},"south":{"texture":"#head","uv":[14.0,7.0,8.0,14.0],"autoUv":false},"west":{"texture":"#head","uv":[14.0,1.0,21.0,7.0],"autoUv":false,"rotation":270},"up":{"texture":"#head","uv":[27.0,1.0,21.0,7.0],"autoUv":false},"down":{"texture":"#head","uv":[53.0,11.0,59.0,5.0],"autoUv":false,"rotation":180}},"children":[]},{"name":"CobraHood.006","from":[-3.84321975708,3.506122241006,-1.422945007605],"to":[-2.998962283134,4.892595307427,1.45022513736],"rotationOrigin":[-1.320081233978,3.165880441666,0.828350186348],"stepParentName":"b_Head","rotationX":-0.071700277668,"rotationY":0.09225415783,"rotationZ":-90.000118617694,"group":"head-cobra0","faces":{"north":{"texture":"#head","uv":[2.0,7.0,8.0,14.0],"autoUv":false},"east":{"texture":"#head","uv":[1.0,1.0,8.0,7.0],"autoUv":false,"rotation":90},"south":{"texture":"#head","uv":[8.0,7.0,14.0,14.0],"autoUv":false},"west":{"texture":"#head","uv":[14.0,1.0,21.0,7.0],"autoUv":false,"rotation":270},"up":{"texture":"#head","uv":[21.0,1.0,27.0,7.0],"autoUv":false},"down":{"texture":"#head","uv":[14.0,7.0,8.0,1.0],"autoUv":false,"rotation":180}},"children":[]},{"name":"CobraHood.009","from":[-0.231542229652,0.04792368412,-2.917218446732],"to":[0.790383458138,5.172179549932,0.036801576614],"rotationOrigin":[-1.330425143242,0.380216449499,-0.576594829559],"stepParentName":"b_Head","rotationX":-1.3660375e-05,"rotationY":1e-12,"rotationZ":0.0,"group":"head-cobra0","faces":{"north":{"texture":"#head","uv":[21.0,1.0,14.0,7.0],"autoUv":false},"east":{"texture":"#head","uv":[27.0,1.0,21.0,7.0],"autoUv":false},"south":{"texture":"#head","uv":[8.0,1.0,1.0,7.0],"autoUv":false},"west":{"texture":"#head","uv":[59.0,5.0,53.0,11.0],"autoUv":false},"up":{"texture":"#head","uv":[8.0,7.0,2.0,14.0],"autoUv":false,"rotation":90},"down":{"texture":"#head","uv":[8.0,14.0,14.0,7.0],"autoUv":false,"rotation":90}},"children":[]},{"name":"MeshMouthNoseTop.005","from":[-5.134579997008,1.105979962546,0.336554173842],"to":[-4.422733229465,1.605363991746,0.539998657769],"rotationOrigin":[-4.818274021149,1.41276550293,-0.044424034655],"stepParentName":"b_Head","rotationX":-1.3660377e-05,"rotationY":1e-12,"rotationZ":12.198185102888,"group":"head-cobra0","faces":{"north":{"texture":"#head","uv":[64.0,59.0,61.0,61.0],"autoUv":false},"east":{"texture":"#head","uv":[61.0,59.0,59.0,61.0],"autoUv":false},"south":{"texture":"#head","uv":[59.0,59.0,56.0,61.0],"autoUv":false},"west":{"texture":"#head","uv":[61.0,59.0,59.0,61.0],"autoUv":false},"up":{"texture":"#head","uv":[61.0,57.0,59.0,59.0],"autoUv":false,"rotation":90},"down":{"texture":"#head","uv":[59.0,63.0,61.0,61.0],"autoUv":false,"rotation":270}},"children":[]},{"name":"CobraHood.010","from":[-0.291031837463,2.978844285011,-4.193202644587],"to":[0.243092775345,4.692256450653,-3.253020912409],"rotationOrigin":[-1.334184646606,1.901012420654,0.207092612982],"stepParentName":"b_Head","rotationX":-1.3660375e-05,"rotationY":1e-12,"rotationZ":0.0,"group":"head-cobra0","faces":{"north":{"texture":"#head","uv":[21.0,1.0,14.0,7.0],"autoUv":false},"east":{"texture":"#head","uv":[27.0,1.0,21.0,7.0],"autoUv":false},"south":{"texture":"#head","uv":[8.0,1.0,1.0,7.0],"autoUv":false},"west":{"texture":"#head","uv":[59.0,5.0,53.0,11.0],"autoUv":false},"up":{"texture":"#head","uv":[8.0,7.0,2.0,14.0],"autoUv":false,"rotation":90},"down":{"texture":"#head","uv":[8.0,14.0,14.0,7.0],"autoUv":false,"rotation":90}},"children":[]},{"name":"CobraHood.011","from":[-2.697672843933,-1.327677726746,-3.418509426643],"to":[-2.165580332279,1.038899302483,-2.841252747108],"rotationOrigin":[-1.320081233978,1.512437820435,0.001084622811],"stepParentName":"b_Head","rotationX":-35.000013495977,"rotationY":1e-12,"rotationZ":-179.999991348578,"group":"head-cobra0","faces":{"north":{"texture":"#head","uv":[21.0,1.0,14.0,7.0],"autoUv":false,"rotation":180},"east":{"texture":"#head","uv":[14.0,1.0,8.0,7.0],"autoUv":false,"rotation":180},"south":{"texture":"#head","uv":[8.0,1.0,1.0,7.0],"autoUv":false,"rotation":180},"west":{"texture":"#head","uv":[27.0,1.0,21.0,7.0],"autoUv":false,"rotation":180},"up":{"texture":"#head","uv":[14.0,7.0,8.0,14.0],"autoUv":false,"rotation":270},"down":{"texture":"#head","uv":[2.0,14.0,8.0,7.0],"autoUv":false,"rotation":270}},"children":[]},{"name":"CobraHood.012","from":[-2.697672642613,0.214263916016,-4.51021116972],"to":[-2.165580222279,2.929775938392,-3.923793017864],"rotationOrigin":[-1.320081233978,2.797632455826,0.909077942371],"stepParentName":"b_Head","rotationX":-8.337005740546,"rotationY":1e-12,"rotationZ":-179.999991348578,"group":"head-cobra0","faces":{"north":{"texture":"#head","uv":[21.0,1.0,14.0,7.0],"autoUv":false,"rotation":180},"east":{"texture":"#head","uv":[14.0,1.0,8.0,7.0],"autoUv":false,"rotation":180},"south":{"texture":"#head","uv":[8.0,1.0,1.0,7.0],"autoUv":false,"rotation":180},"west":{"texture":"#head","uv":[27.0,1.0,21.0,7.0],"autoUv":false,"rotation":180},"up":{"texture":"#head","uv":[14.0,7.0,8.0,14.0],"autoUv":false,"rotation":270},"down":{"texture":"#head","uv":[2.0,14.0,8.0,7.0],"autoUv":false,"rotation":270}},"children":[]},{"name":"CobraHood.013","from":[-2.697672843933,4.730865811843,-2.134451389313],"to":[-2.165580332279,8.303264738316,-1.321031332016],"rotationOrigin":[-1.320081233978,2.323173999786,2.223956108093],"stepParentName":"b_Head","rotationX":71.524812082646,"rotationY":-0.0,"rotationZ":-179.999991348578,"group":"head-cobra0","faces":{"north":{"texture":"#head","uv":[21.0,1.0,14.0,7.0],"autoUv":false,"rotation":180},"east":{"texture":"#head","uv":[14.0,1.0,8.0,7.0],"autoUv":false,"rotation":180},"south":{"texture":"#head","uv":[8.0,1.0,1.0,7.0],"autoUv":false,"rotation":180},"west":{"texture":"#head","uv":[27.0,1.0,21.0,7.0],"autoUv":false,"rotation":180},"up":{"texture":"#head","uv":[14.0,7.0,8.0,14.0],"autoUv":false,"rotation":270},"down":{"texture":"#head","uv":[2.0,14.0,8.0,7.0],"autoUv":false,"rotation":270}},"children":[]},{"name":"CobraHood.014","from":[-2.697672963142,-0.25806427002,-2.95368605472],"to":[-2.165580391884,1.468580245972,-2.252709528099],"rotationOrigin":[-1.320081353188,1.776733398438,-0.10929671675],"stepParentName":"b_Head","rotationX":-67.332476121038,"rotationY":-0.0,"rotationZ":-179.999991348578,"group":"head-cobra0","faces":{"north":{"texture":"#head","uv":[21.0,1.0,14.0,7.0],"autoUv":false,"rotation":180},"east":{"texture":"#head","uv":[14.0,1.0,8.0,7.0],"autoUv":false,"rotation":180},"south":{"texture":"#head","uv":[8.0,1.0,1.0,7.0],"autoUv":false,"rotation":180},"west":{"texture":"#head","uv":[27.0,1.0,21.0,7.0],"autoUv":false,"rotation":180},"up":{"texture":"#head","uv":[14.0,7.0,8.0,14.0],"autoUv":false,"rotation":270},"down":{"texture":"#head","uv":[2.0,14.0,8.0,7.0],"autoUv":false,"rotation":270}},"children":[]},{"name":"CobraHood.015","from":[-2.912778139114,-2.287332117558,-3.510026833527],"to":[-2.377337574959,0.003684699535,-2.672137688981],"rotationOrigin":[-1.334184765816,0.821559846401,-0.361907333136],"stepParentName":"b_Head","rotationX":-13.797681364042,"rotationY":1e-12,"rotationZ":-179.999991348578,"group":"head-cobra0","faces":{"north":{"texture":"#head","uv":[21.0,1.0,14.0,7.0],"autoUv":false,"rotation":180},"east":{"texture":"#head","uv":[59.0,5.0,53.0,11.0],"autoUv":false,"rotation":180},"south":{"texture":"#head","uv":[8.0,1.0,1.0,7.0],"autoUv":false,"rotation":180},"west":{"texture":"#head","uv":[27.0,1.0,21.0,7.0],"autoUv":false,"rotation":180},"up":{"texture":"#head","uv":[14.0,7.0,8.0,14.0],"autoUv":false,"rotation":270},"down":{"texture":"#head","uv":[2.0,14.0,8.0,7.0],"autoUv":false,"rotation":270}},"children":[]},{"name":"CobraHood.001","from":[-0.231542229652,0.04792368412,0.041192948818],"to":[0.790383458138,5.172179549932,2.917218208313],"rotationOrigin":[-1.330425143242,0.380216449499,-0.576594829559],"stepParentName":"b_Head","rotationX":-1.3660375e-05,"rotationY":1e-12,"rotationZ":0.0,"group":"head-cobra0","faces":{"north":{"texture":"#head","uv":[1.0,1.0,8.0,7.0],"autoUv":false},"east":{"texture":"#head","uv":[21.0,1.0,27.0,7.0],"autoUv":false},"south":{"texture":"#head","uv":[14.0,1.0,21.0,7.0],"autoUv":false},"west":{"texture":"#head","uv":[53.0,5.0,59.0,11.0],"autoUv":false},"up":{"texture":"#head","uv":[2.0,7.0,8.0,14.0],"autoUv":false,"rotation":90},"down":{"texture":"#head","uv":[14.0,14.0,8.0,7.0],"autoUv":false,"rotation":90}},"children":[]},{"name":"CobraHood.002","from":[-0.291031837463,2.978844285011,3.253020137548],"to":[0.243092775345,4.692256450653,4.193201869726],"rotationOrigin":[-1.334184646606,1.901012420654,0.207092612982],"stepParentName":"b_Head","rotationX":-1.3660375e-05,"rotationY":1e-12,"rotationZ":0.0,"group":"head-cobra0","faces":{"north":{"texture":"#head","uv":[1.0,1.0,8.0,7.0],"autoUv":false},"east":{"texture":"#head","uv":[21.0,1.0,27.0,7.0],"autoUv":false},"south":{"texture":"#head","uv":[14.0,1.0,21.0,7.0],"autoUv":false},"west":{"texture":"#head","uv":[53.0,5.0,59.0,11.0],"autoUv":false},"up":{"texture":"#head","uv":[2.0,7.0,8.0,14.0],"autoUv":false,"rotation":90},"down":{"texture":"#head","uv":[14.0,14.0,8.0,7.0],"autoUv":false,"rotation":90}},"children":[]},{"name":"CobraHood.003","from":[-0.474581956863,1.984730929136,2.841645297478],"to":[0.057510733604,4.351308107376,3.418902215431],"rotationOrigin":[-1.320081233978,1.512437820435,0.001084622811],"stepParentName":"b_Head","rotationX":34.999979345031,"rotationY":-2.89663e-07,"rotationZ":3.372627e-06,"group":"head-cobra0","faces":{"north":{"texture":"#head","uv":[1.0,1.0,8.0,7.0],"autoUv":false},"east":{"texture":"#head","uv":[21.0,1.0,27.0,7.0],"autoUv":false},"south":{"texture":"#head","uv":[14.0,1.0,21.0,7.0],"autoUv":false},"west":{"texture":"#head","uv":[8.0,1.0,14.0,7.0],"autoUv":false},"up":{"texture":"#head","uv":[2.0,7.0,8.0,14.0],"autoUv":false,"rotation":90},"down":{"texture":"#head","uv":[14.0,14.0,8.0,7.0],"autoUv":false,"rotation":90}},"children":[]},{"name":"CobraHood.004","from":[-0.474582305282,2.401863276958,3.943007051945],"to":[0.057510055447,5.117375612259,4.529424965382],"rotationOrigin":[-1.320081233978,2.797632455826,0.909077942371],"stepParentName":"b_Head","rotationX":8.336977566015,"rotationY":1.437198e-06,"rotationZ":4.798345e-06,"group":"head-cobra0","faces":{"north":{"texture":"#head","uv":[1.0,1.0,8.0,7.0],"autoUv":false},"east":{"texture":"#head","uv":[21.0,1.0,27.0,7.0],"autoUv":false},"south":{"texture":"#head","uv":[14.0,1.0,21.0,7.0],"autoUv":false},"west":{"texture":"#head","uv":[8.0,1.0,14.0,7.0],"autoUv":false},"up":{"texture":"#head","uv":[2.0,7.0,8.0,14.0],"autoUv":false,"rotation":90},"down":{"texture":"#head","uv":[14.0,14.0,8.0,7.0],"autoUv":false,"rotation":90}},"children":[]},{"name":"CobraHood.007","from":[-0.474581837654,0.561753497208,4.359426259995],"to":[0.057510733604,4.13415254289,5.172846317291],"rotationOrigin":[-1.320081233978,2.323173999786,2.223956108093],"stepParentName":"b_Head","rotationX":-71.524839403403,"rotationY":2.530782e-06,"rotationZ":-7.35018e-07,"group":"head-cobra0","faces":{"north":{"texture":"#head","uv":[1.0,1.0,8.0,7.0],"autoUv":false},"east":{"texture":"#head","uv":[21.0,1.0,27.0,7.0],"autoUv":false},"south":{"texture":"#head","uv":[14.0,1.0,21.0,7.0],"autoUv":false},"west":{"texture":"#head","uv":[8.0,1.0,14.0,7.0],"autoUv":false},"up":{"texture":"#head","uv":[2.0,7.0,8.0,14.0],"autoUv":false,"rotation":90},"down":{"texture":"#head","uv":[14.0,14.0,8.0,7.0],"autoUv":false,"rotation":90}},"children":[]},{"name":"CobraHood.008","from":[-0.474582254887,2.286593495624,2.118356786668],"to":[0.057510495186,4.013238163411,2.819333873689],"rotationOrigin":[-1.320081353188,1.776733398438,-0.10929671675],"stepParentName":"b_Head","rotationX":67.332441970093,"rotationY":-6.51462e-07,"rotationZ":8.155139e-06,"group":"head-cobra0","faces":{"north":{"texture":"#head","uv":[1.0,1.0,8.0,7.0],"autoUv":false},"east":{"texture":"#head","uv":[21.0,1.0,27.0,7.0],"autoUv":false},"south":{"texture":"#head","uv":[14.0,1.0,21.0,7.0],"autoUv":false},"west":{"texture":"#head","uv":[8.0,1.0,14.0,7.0],"autoUv":false},"up":{"texture":"#head","uv":[2.0,7.0,8.0,14.0],"autoUv":false,"rotation":90},"down":{"texture":"#head","uv":[14.0,14.0,8.0,7.0],"autoUv":false,"rotation":90}},"children":[]},{"name":"CobraHood.016","from":[-0.291032075882,1.812058627605,2.651252477577],"to":[0.244408488274,4.103075683117,3.489141622123],"rotationOrigin":[-1.334184765816,0.821559846401,-0.361907333136],"stepParentName":"b_Head","rotationX":13.797653189512,"rotationY":2.320268e-06,"rotationZ":4.439144e-06,"group":"head-cobra0","faces":{"north":{"texture":"#head","uv":[1.0,1.0,8.0,7.0],"autoUv":false},"east":{"texture":"#head","uv":[21.0,1.0,27.0,7.0],"autoUv":false},"south":{"texture":"#head","uv":[14.0,1.0,21.0,7.0],"autoUv":false},"west":{"texture":"#head","uv":[53.0,5.0,59.0,11.0],"autoUv":false},"up":{"texture":"#head","uv":[2.0,7.0,8.0,14.0],"autoUv":false,"rotation":90},"down":{"texture":"#head","uv":[14.0,14.0,8.0,7.0],"autoUv":false,"rotation":90}},"children":[]},{"name":"CobraHood.017","from":[-4.750330114855,3.82172358036,-1.419984906757],"to":[-3.89209355512,6.106431245804,1.453185424581],"rotationOrigin":[-3.158552646637,3.16588807106,0.831310391426],"stepParentName":"b_Head","rotationX":-0.069797756489,"rotationY":0.093677118354,"rotationZ":-69.424160082652,"group":"head-cobra0","faces":{"north":{"texture":"#head","uv":[2.0,7.0,8.0,14.0],"autoUv":false},"east":{"texture":"#head","uv":[1.0,1.0,8.0,7.0],"autoUv":false,"rotation":90},"south":{"texture":"#head","uv":[8.0,7.0,14.0,14.0],"autoUv":false},"west":{"texture":"#head","uv":[14.0,1.0,21.0,7.0],"autoUv":false,"rotation":270},"up":{"texture":"#head","uv":[21.0,1.0,27.0,7.0],"autoUv":false},"down":{"texture":"#head","uv":[14.0,7.0,8.0,1.0],"autoUv":false,"rotation":180}},"children":[]},{"name":"CobraHood.018","from":[-5.077509403229,3.283598294981,1.376121964379],"to":[-4.283684134483,5.992612936804,2.035787630085],"rotationOrigin":[-3.152986288071,3.170035362244,4.2358045578],"stepParentName":"b_Head","rotationX":-5.6681178601,"rotationY":-6.427798820345,"rotationZ":-79.882204230317,"group":"head-cobra0","faces":{"north":{"texture":"#head","uv":[2.0,7.0,8.0,14.0],"autoUv":false},"east":{"texture":"#head","uv":[1.0,1.0,8.0,7.0],"autoUv":false,"rotation":90},"south":{"texture":"#head","uv":[8.0,7.0,14.0,14.0],"autoUv":false},"west":{"texture":"#head","uv":[14.0,1.0,21.0,7.0],"autoUv":false,"rotation":270},"up":{"texture":"#head","uv":[21.0,1.0,27.0,7.0],"autoUv":false},"down":{"texture":"#head","uv":[14.0,7.0,8.0,1.0],"autoUv":false,"rotation":180}},"children":[]},{"name":"CobraHood.019","from":[-6.763671351753,8.689529566795,3.32319122032],"to":[-4.054656434258,9.349195588877,4.117016374695],"rotationOrigin":[-3.152986288071,3.170035362244,4.2358045578],"stepParentName":"b_Head","rotationX":-82.957578866386,"rotationY":170.011345121433,"rotationZ":-4.915555664517,"group":"head-cobra0","faces":{"north":{"texture":"#head","uv":[21.0,1.0,14.0,7.0],"autoUv":false,"rotation":180},"east":{"texture":"#head","uv":[14.0,1.0,8.0,7.0],"autoUv":false,"rotation":180},"south":{"texture":"#head","uv":[8.0,1.0,1.0,7.0],"autoUv":false,"rotation":180},"west":{"texture":"#head","uv":[27.0,1.0,21.0,7.0],"autoUv":false,"rotation":180},"up":{"texture":"#head","uv":[14.0,7.0,8.0,14.0],"autoUv":false,"rotation":270},"down":{"texture":"#head","uv":[2.0,14.0,8.0,7.0],"autoUv":false,"rotation":270}},"children":[]},{"name":"CobraHood.020","from":[-2.748384261621,5.637654662132,-1.421914368713],"to":[-1.890147701887,7.922362327576,1.451255962625],"rotationOrigin":[-1.156606793404,4.981819152832,0.82938092947],"stepParentName":"b_Head","rotationX":0.053558221345,"rotationY":0.103803994376,"rotationZ":-133.405861510098,"group":"head-cobra0","faces":{"north":{"texture":"#head","uv":[2.0,7.0,8.0,14.0],"autoUv":false},"east":{"texture":"#head","uv":[1.0,1.0,8.0,7.0],"autoUv":false,"rotation":90},"south":{"texture":"#head","uv":[8.0,7.0,14.0,14.0],"autoUv":false},"west":{"texture":"#head","uv":[14.0,1.0,21.0,7.0],"autoUv":false,"rotation":270},"up":{"texture":"#head","uv":[21.0,1.0,27.0,7.0],"autoUv":false},"down":{"texture":"#head","uv":[14.0,7.0,8.0,1.0],"autoUv":false,"rotation":180}},"children":[]},{"name":"MeshHead.005","from":[0.571311354637,0.39536690712,-2.388688469875],"to":[1.410668969154,4.508122563362,2.388686989796],"rotationOrigin":[-0.730083584785,2.853950500488,-6.2083e-07],"stepParentName":"b_Head","rotationX":-1.3660375e-05,"rotationY":1e-12,"rotationZ":0.0,"group":"head-cobra0","faces":{"north":{"texture":"#head","uv":[1.0,1.0,8.0,7.0],"autoUv":false},"east":{"texture":"#head","uv":[21.0,1.0,27.0,7.0],"autoUv":false},"south":{"texture":"#head","uv":[14.0,1.0,21.0,7.0],"autoUv":false},"west":{"texture":"#head","uv":[8.0,1.0,14.0,7.0],"autoUv":false},"up":{"texture":"#head","uv":[2.0,7.0,8.0,14.0],"autoUv":false,"rotation":90},"down":{"texture":"#head","uv":[14.0,14.0,8.0,7.0],"autoUv":false,"rotation":90}},"children":[]},{"name":"CobraHood.021","from":[-0.363004947199,3.289348244667,-1.423276215637],"to":[0.495231612536,4.785439252853,1.449894115701],"rotationOrigin":[1.228772521019,2.633512735367,0.828019082546],"stepParentName":"b_Head","rotationX":0.10891387634,"rotationY":-0.042190148539,"rotationZ":142.719288896274,"group":"head-cobra0","faces":{"north":{"texture":"#head","uv":[2.0,7.0,8.0,14.0],"autoUv":false},"east":{"texture":"#head","uv":[1.0,1.0,8.0,7.0],"autoUv":false,"rotation":90},"south":{"texture":"#head","uv":[8.0,7.0,14.0,14.0],"autoUv":false},"west":{"texture":"#head","uv":[14.0,1.0,21.0,7.0],"autoUv":false,"rotation":270},"up":{"texture":"#head","uv":[21.0,1.0,27.0,7.0],"autoUv":false},"down":{"texture":"#head","uv":[14.0,7.0,8.0,1.0],"autoUv":false,"rotation":180}},"children":[]},{"name":"MeshTongue.002","from":[0.411704003811,0.232596561313,-0.408614912037],"to":[1.958007395267,0.405361860991,0.535924547319],"rotationOrigin":[1.184855699539,0.318979203701,0.063654817641],"stepParentName":"b_Jaw","rotationX":-0.178066927004,"rotationY":-0.037545536527,"rotationZ":-179.430121345367,"group":"wolf0-jaw.002","faces":{"north":{"texture":"#head","uv":[34.0,56.0,33.0,63.0],"autoUv":false,"rotation":270},"east":{"texture":"head","uv":[39.0,61.0,35.0,62.0],"autoUv":false,"rotation":180,"enabled":false},"south":{"texture":"#head","uv":[39.0,56.0,38.0,63.0],"autoUv":false,"rotation":90},"west":{"texture":"#head","uv":[38.0,63.0,34.0,64.0],"autoUv":false,"rotation":180},"up":{"texture":"#head","uv":[34.0,56.0,38.0,63.0],"autoUv":false,"rotation":90},"down":{"texture":"#head","uv":[39.0,63.0,35.0,56.0],"autoUv":false,"rotation":270}},"children":[]},{"name":"MeshMouthR.059","from":[-1.744432330132,0.442211359739,-0.13857883215],"to":[-0.07275480777,0.846288412809,1.538253962994],"rotationOrigin":[-0.174290776253,0.565173327923,0.902224481106],"stepParentName":"b_Jaw","rotationX":-0.331386691264,"rotationY":15.022692013383,"rotationZ":-179.409958626937,"group":"wolf0-jaw.002","faces":{"north":{"texture":"#head","uv":[54.0,5.0,55.0,6.0],"autoUv":false},"east":{"texture":"#head","uv":[55.0,5.0,58.0,6.0],"autoUv":false},"south":{"texture":"#head","uv":[58.0,5.0,59.0,6.0],"autoUv":false},"west":{"texture":"#head","uv":[55.0,5.0,58.0,6.0],"autoUv":false},"up":{"texture":"#head","uv":[55.0,1.0,58.0,5.0],"autoUv":false,"rotation":90},"down":{"texture":"#head","uv":[58.0,9.0,55.0,6.0],"autoUv":false,"rotation":270}},"children":[]},{"name":"MeshMouthR.060","from":[-0.474775910378,0.516115650535,-0.317072033882],"to":[2.172204256058,0.920192688704,1.066404789686],"rotationOrigin":[1.224955797195,0.639077603817,0.587166786194],"stepParentName":"b_Jaw","rotationX":-0.22892739705,"rotationY":5.062570790646,"rotationZ":-179.427881043319,"group":"wolf0-jaw.002","faces":{"north":{"texture":"#head","uv":[54.0,5.0,55.0,6.0],"autoUv":false},"east":{"texture":"#head","uv":[55.0,5.0,58.0,6.0],"autoUv":false},"south":{"texture":"#head","uv":[58.0,5.0,59.0,6.0],"autoUv":false},"west":{"texture":"#head","uv":[55.0,5.0,58.0,6.0],"autoUv":false},"up":{"texture":"#head","uv":[55.0,1.0,58.0,5.0],"autoUv":false,"rotation":90},"down":{"texture":"#head","uv":[58.0,9.0,55.0,6.0],"autoUv":false,"rotation":270}},"children":[]},{"name":"MeshMouthR.061","from":[2.425900372685,0.033620191918,0.535337622141],"to":[3.467836827744,0.70136280936,0.703619666565],"rotationOrigin":[2.777498006821,0.402989774942,0.644196033478],"stepParentName":"b_Jaw","rotationX":90.299984412825,"rotationY":0.385592860106,"rotationZ":-90.99268170788,"group":"wolf0-jaw.002","faces":{"north":{"texture":"#head","uv":[13.0,60.0,11.0,61.0],"autoUv":false},"east":{"texture":"#head","uv":[14.0,59.0,13.0,60.0],"autoUv":false,"rotation":270},"south":{"texture":"#head","uv":[13.0,58.0,11.0,59.0],"autoUv":false,"rotation":180},"west":{"texture":"#head","uv":[11.0,59.0,10.0,60.0],"autoUv":false,"rotation":90},"up":{"texture":"#head","uv":[13.0,59.0,11.0,60.0],"autoUv":false,"rotation":180},"down":{"texture":"#head","uv":[11.0,60.0,13.0,59.0],"autoUv":false}},"children":[]},{"name":"MeshMouthR.062","from":[1.750606271115,-0.459595475794,0.774091199822],"to":[2.164362236814,1.264876578451,0.942105933242],"rotationOrigin":[1.9574842453,0.402640551329,0.858098566532],"stepParentName":"b_Jaw","rotationX":85.003937692667,"rotationY":1.187969893142,"rotationZ":-94.912144781957,"group":"wolf0-jaw.002","faces":{"north":{"texture":"#head","uv":[13.0,60.0,11.0,61.0],"autoUv":false},"east":{"texture":"#head","uv":[14.0,59.0,13.0,60.0],"autoUv":false,"rotation":270},"south":{"texture":"#head","uv":[13.0,58.0,11.0,59.0],"autoUv":false,"rotation":180},"west":{"texture":"#head","uv":[11.0,59.0,10.0,60.0],"autoUv":false,"rotation":90},"up":{"texture":"#head","uv":[13.0,59.0,11.0,60.0],"autoUv":false,"rotation":180},"down":{"texture":"#head","uv":[11.0,60.0,13.0,59.0],"autoUv":false}},"children":[]},{"name":"MeshMouthR.063","from":[-0.705467132887,0.337017416954,-1.227648258209],"to":[0.956604294096,0.741090804338,0.43866866827],"rotationOrigin":[-0.174821376801,0.618516147137,0.902058362961],"stepParentName":"b_Jaw","rotationX":0.302009247231,"rotationY":-11.803729725488,"rotationZ":0.453544144322,"group":"wolf0-jaw.002","faces":{"north":{"texture":"#head","uv":[59.0,5.0,58.0,6.0],"autoUv":false,"rotation":180},"east":{"texture":"#head","uv":[58.0,5.0,55.0,6.0],"autoUv":false,"rotation":180},"south":{"texture":"#head","uv":[55.0,5.0,54.0,6.0],"autoUv":false,"rotation":180},"west":{"texture":"#head","uv":[58.0,5.0,55.0,6.0],"autoUv":false,"rotation":180},"up":{"texture":"#head","uv":[58.0,6.0,55.0,9.0],"autoUv":false,"rotation":90},"down":{"texture":"#head","uv":[55.0,5.0,58.0,1.0],"autoUv":false,"rotation":270}},"children":[]},{"name":"MeshMouthR.064","from":[0.174338459969,0.354315370321,-1.05843893938],"to":[2.821318984032,0.758392430842,0.325037808672],"rotationOrigin":[1.224955797195,0.639077603817,0.587166786194],"stepParentName":"b_Jaw","rotationX":0.229025047411,"rotationY":-5.062572498193,"rotationZ":0.572107370412,"group":"wolf0-jaw.002","faces":{"north":{"texture":"#head","uv":[59.0,5.0,58.0,6.0],"autoUv":false,"rotation":180},"east":{"texture":"#head","uv":[58.0,5.0,55.0,6.0],"autoUv":false,"rotation":180},"south":{"texture":"#head","uv":[55.0,5.0,54.0,6.0],"autoUv":false,"rotation":180},"west":{"texture":"#head","uv":[58.0,5.0,55.0,6.0],"autoUv":false,"rotation":180},"up":{"texture":"#head","uv":[58.0,6.0,55.0,9.0],"autoUv":false,"rotation":90},"down":{"texture":"#head","uv":[55.0,5.0,58.0,1.0],"autoUv":false,"rotation":270}},"children":[]},{"name":"MeshMouthR.065","from":[2.501477268471,0.287370219653,-0.986120251528],"to":[3.169219920571,0.455652259822,0.055816059228],"rotationOrigin":[2.777392625809,0.403020292521,0.663071870804],"stepParentName":"b_Jaw","rotationX":-0.293203159039,"rotationY":-0.993548878583,"rotationZ":-179.614358868039,"group":"wolf0-jaw.002","faces":{"north":{"texture":"#head","uv":[10.0,59.0,11.0,60.0],"autoUv":false},"east":{"texture":"#head","uv":[11.0,59.0,13.0,60.0],"autoUv":false},"south":{"texture":"#head","uv":[13.0,59.0,14.0,60.0],"autoUv":false},"west":{"texture":"#head","uv":[11.0,59.0,13.0,60.0],"autoUv":false},"up":{"texture":"#head","uv":[11.0,58.0,13.0,59.0],"autoUv":false,"rotation":90},"down":{"texture":"#head","uv":[13.0,61.0,11.0,60.0],"autoUv":false,"rotation":270}},"children":[]},{"name":"MeshMouthR.066","from":[1.247128340416,0.470301492577,-1.042969332023],"to":[2.971600217885,0.638316264986,-0.629213426067],"rotationOrigin":[1.952904939651,0.397906422615,0.946518361568],"stepParentName":"b_Jaw","rotationX":5.098249564436,"rotationY":-4.911079329289,"rotationZ":-178.807645225169,"group":"wolf0-jaw.002","faces":{"north":{"texture":"#head","uv":[10.0,59.0,11.0,60.0],"autoUv":false},"east":{"texture":"#head","uv":[11.0,59.0,13.0,60.0],"autoUv":false},"south":{"texture":"#head","uv":[13.0,59.0,14.0,60.0],"autoUv":false},"west":{"texture":"#head","uv":[11.0,59.0,13.0,60.0],"autoUv":false},"up":{"texture":"#head","uv":[11.0,58.0,13.0,59.0],"autoUv":false,"rotation":90},"down":{"texture":"#head","uv":[13.0,61.0,11.0,60.0],"autoUv":false,"rotation":270}},"children":[]},{"name":"MeshMouthR.067","from":[-0.74353146553,0.27843824029,-1.476233065128],"to":[0.928146481514,0.682515345514,0.200600087643],"rotationOrigin":[-0.174290776253,0.565173327923,0.902224481106],"stepParentName":"b_Jaw","rotationX":0.331480979891,"rotationY":-15.022692013383,"rotationZ":0.59005331893,"group":"wolf0-jaw.002","faces":{"north":{"texture":"#head","uv":[59.0,5.0,58.0,6.0],"autoUv":false,"rotation":180},"east":{"texture":"#head","uv":[58.0,5.0,55.0,6.0],"autoUv":false,"rotation":180},"south":{"texture":"#head","uv":[55.0,5.0,54.0,6.0],"autoUv":false,"rotation":180},"west":{"texture":"#head","uv":[58.0,5.0,55.0,6.0],"autoUv":false,"rotation":180},"up":{"texture":"#head","uv":[58.0,6.0,55.0,9.0],"autoUv":false,"rotation":90},"down":{"texture":"#head","uv":[55.0,5.0,58.0,1.0],"autoUv":false,"rotation":270}},"children":[]}],"groups":[]}