{"textureWidth":64,"textureHeight":64,"textures":{},"textureSizes":{"head":[64,64]},"elements":[{"name":"MeshHead.010","from":[-3.107491850853,0.45139169693,-2.171022691095],"to":[1.711621880531,4.863305568695,2.171021662391],"rotationOrigin":[-0.697934985161,2.657348632812,-5.14352e-07],"stepParentName":"b_Head","rotationX":-1.3660375e-05,"rotationY":1e-12,"rotationZ":0.0,"group":"head-bug0","faces":{"north":{"texture":"#head","uv":[1.0,1.0,8.0,7.0],"autoUv":false},"east":{"texture":"#head","uv":[21.0,1.0,27.0,7.0],"autoUv":false},"south":{"texture":"#head","uv":[14.0,1.0,21.0,7.0],"autoUv":false},"west":{"texture":"#head","uv":[8.0,1.0,14.0,7.0],"autoUv":false},"up":{"texture":"#head","uv":[2.0,7.0,8.0,14.0],"autoUv":false,"rotation":90},"down":{"texture":"#head","uv":[14.0,14.0,8.0,7.0],"autoUv":false,"rotation":90}},"children":[]},{"name":"MeshNeck.008","from":[-1.680840969086,-2.13113451004,-1.499999909828],"to":[1.31915974617,1.868866443634,1.500000090172],"rotationOrigin":[-0.180840611458,-0.131134033203,9.0172e-08],"stepParentName":"b_Head","rotationX":-1.4533892e-05,"rotationY":1.1099057e-05,"rotationZ":9.00004293913,"group":"head-bug0","faces":{"north":{"texture":"#head","uv":[27.0,3.0,36.0,14.0],"autoUv":false},"east":{"texture":"#head","uv":[27.0,3.0,36.0,14.0],"autoUv":false},"south":{"texture":"#head","uv":[27.0,3.0,36.0,14.0],"autoUv":false},"west":{"texture":"#head","uv":[36.0,3.0,44.0,14.0],"autoUv":false},"up":{"texture":"#head","uv":[36.0,0.0,44.0,9.0],"autoUv":false,"rotation":90},"down":{"texture":"#head","uv":[44.0,9.0,36.0,0.0],"autoUv":false,"rotation":270}},"children":[]},{"name":"Head","from":[-2.719010591507,-0.00108397007,-2.5],"to":[-2.719010591507,-0.00108397007,-2.5],"rotationOrigin":[-2.719010591507,-0.00108397007,-2.5],"rotationX":-1.3660375e-05,"rotationY":1e-12,"rotationZ":0.0,"faces":{"north":{"texture":"#null","uv":[0.0,0.0,0.0,0.0],"enabled":false},"east":{"texture":"#null","uv":[0.0,0.0,0.0,0.0],"enabled":false},"south":{"texture":"#null","uv":[0.0,0.0,0.0,0.0],"enabled":false},"west":{"texture":"#null","uv":[0.0,0.0,0.0,0.0],"enabled":false},"up":{"texture":"#null","uv":[0.0,0.0,0.0,0.0],"enabled":false},"down":{"texture":"#null","uv":[0.0,0.0,0.0,0.0],"enabled":false}},"children":[],"stepParentName":"b_Head"},{"name":"MeshMouthR.133","from":[-3.797358268709,0.772854758672,0.276564390762],"to":[-3.010979955051,1.182685183116,0.612004248993],"rotationOrigin":[-3.404169082642,0.977769970894,0.444284319878],"stepParentName":"b_Head","rotationX":-1.3660416e-05,"rotationY":-80.713725120253,"rotationZ":-2.1e-11,"group":"head-bug0","faces":{"north":{"texture":"#head","uv":[55.0,10.0,58.0,13.0],"autoUv":false,"rotation":90},"east":{"texture":"#head","uv":[55.0,7.0,58.0,10.0],"autoUv":false,"rotation":90},"south":{"texture":"#head","uv":[55.0,4.0,58.0,7.0],"autoUv":false,"rotation":90},"west":{"texture":"#head","uv":[55.0,7.0,58.0,10.0],"autoUv":false,"rotation":90},"up":{"texture":"#head","uv":[53.0,7.0,55.0,10.0],"autoUv":false,"rotation":180},"down":{"texture":"#head","uv":[61.0,10.0,58.0,7.0],"autoUv":false}},"children":[]},{"name":"MeshMouthR.130","from":[-3.224962625569,1.045190277908,0.032148452691],"to":[-3.020715814455,1.179518279221,0.175498289773],"rotationOrigin":[-3.122839212418,1.112354278564,0.103823371232],"stepParentName":"b_Head","rotationX":-82.962708338452,"rotationY":-36.843594251085,"rotationZ":-78.367124838436,"group":"head-bug0","faces":{"north":{"texture":"#head","uv":[55.0,10.0,58.0,13.0],"autoUv":false,"rotation":90},"east":{"texture":"#head","uv":[55.0,7.0,58.0,10.0],"autoUv":false,"rotation":90},"south":{"texture":"#head","uv":[55.0,4.0,58.0,7.0],"autoUv":false,"rotation":90},"west":{"texture":"#head","uv":[55.0,7.0,58.0,10.0],"autoUv":false,"rotation":90},"up":{"texture":"#head","uv":[53.0,7.0,55.0,10.0],"autoUv":false,"rotation":180},"down":{"texture":"#head","uv":[61.0,10.0,58.0,7.0],"autoUv":false}},"children":[]},{"name":"MeshMouthR.131","from":[-3.23289409644,0.669259491775,0.029499652079],"to":[-3.028647285326,0.803587493088,0.172849489161],"rotationOrigin":[-3.130770683289,0.736423492432,0.10117457062],"stepParentName":"b_Head","rotationX":79.703348896711,"rotationY":-47.548522416489,"rotationZ":76.168002001178,"group":"head-bug0","faces":{"north":{"texture":"#head","uv":[55.0,10.0,58.0,13.0],"autoUv":false,"rotation":90},"east":{"texture":"#head","uv":[55.0,7.0,58.0,10.0],"autoUv":false,"rotation":90},"south":{"texture":"#head","uv":[55.0,4.0,58.0,7.0],"autoUv":false,"rotation":90},"west":{"texture":"#head","uv":[55.0,7.0,58.0,10.0],"autoUv":false,"rotation":90},"up":{"texture":"#head","uv":[53.0,7.0,55.0,10.0],"autoUv":false,"rotation":180},"down":{"texture":"#head","uv":[61.0,10.0,58.0,7.0],"autoUv":false}},"children":[]},{"name":"MeshMouthR.132","from":[-3.331183586186,0.874835434768,0.049517104617],"to":[-3.126936775072,1.009163436082,0.192866941699],"rotationOrigin":[-3.229060173035,0.941999435425,0.121192023158],"stepParentName":"b_Head","rotationX":-1.3660416e-05,"rotationY":-80.713725120253,"rotationZ":-2.1e-11,"group":"head-bug0","faces":{"north":{"texture":"#head","uv":[55.0,10.0,58.0,13.0],"autoUv":false,"rotation":90},"east":{"texture":"#head","uv":[55.0,7.0,58.0,10.0],"autoUv":false,"rotation":90},"south":{"texture":"#head","uv":[55.0,4.0,58.0,7.0],"autoUv":false,"rotation":90},"west":{"texture":"#head","uv":[55.0,7.0,58.0,10.0],"autoUv":false,"rotation":90},"up":{"texture":"#head","uv":[53.0,7.0,55.0,10.0],"autoUv":false,"rotation":180},"down":{"texture":"#head","uv":[61.0,10.0,58.0,7.0],"autoUv":false}},"children":[]},{"name":"MeshMouthR.134","from":[-3.639421242732,0.943654902441,0.275283481694],"to":[-2.853042881297,1.545328490274,0.561635781029],"rotationOrigin":[-3.246232032776,1.244491696358,0.418459624052],"stepParentName":"b_Head","rotationX":-83.298275532375,"rotationY":-35.516228948163,"rotationZ":-78.565220814934,"group":"head-bug0","faces":{"north":{"texture":"#head","uv":[55.0,10.0,58.0,13.0],"autoUv":false,"rotation":90},"east":{"texture":"#head","uv":[55.0,7.0,58.0,10.0],"autoUv":false,"rotation":90},"south":{"texture":"#head","uv":[55.0,4.0,58.0,7.0],"autoUv":false,"rotation":90},"west":{"texture":"#head","uv":[55.0,7.0,58.0,10.0],"autoUv":false,"rotation":90},"up":{"texture":"#head","uv":[53.0,7.0,55.0,10.0],"autoUv":false,"rotation":180},"down":{"texture":"#head","uv":[61.0,10.0,58.0,7.0],"autoUv":false}},"children":[]},{"name":"MeshMouthR.135","from":[-3.658931273478,0.333827339158,0.281299876433],"to":[-2.872552912044,0.942055620208,0.567652178545],"rotationOrigin":[-3.265742063522,0.637941479683,0.424476027489],"stepParentName":"b_Head","rotationX":79.505874467428,"rotationY":-48.08420390781,"rotationZ":76.021672028399,"group":"head-bug0","faces":{"north":{"texture":"#head","uv":[55.0,10.0,58.0,13.0],"autoUv":false,"rotation":90},"east":{"texture":"#head","uv":[55.0,7.0,58.0,10.0],"autoUv":false,"rotation":90},"south":{"texture":"#head","uv":[55.0,4.0,58.0,7.0],"autoUv":false,"rotation":90},"west":{"texture":"#head","uv":[55.0,7.0,58.0,10.0],"autoUv":false,"rotation":90},"up":{"texture":"#head","uv":[53.0,7.0,55.0,10.0],"autoUv":false,"rotation":180},"down":{"texture":"#head","uv":[61.0,10.0,58.0,7.0],"autoUv":false}},"children":[]},{"name":"MeshMouthR.136","from":[-3.541394013422,0.772854877881,0.940830490039],"to":[-2.755015651988,1.182685302325,1.27627036865],"rotationOrigin":[-3.148204803467,0.977770090103,1.108550429344],"stepParentName":"b_Head","rotationX":-1.3660377e-05,"rotationY":-58.389367931282,"rotationZ":-0.0,"group":"head-bug0","faces":{"north":{"texture":"#head","uv":[55.0,10.0,58.0,13.0],"autoUv":false,"rotation":90},"east":{"texture":"#head","uv":[55.0,7.0,58.0,10.0],"autoUv":false,"rotation":90},"south":{"texture":"#head","uv":[55.0,4.0,58.0,7.0],"autoUv":false,"rotation":90},"west":{"texture":"#head","uv":[55.0,7.0,58.0,10.0],"autoUv":false,"rotation":90},"up":{"texture":"#head","uv":[53.0,7.0,55.0,10.0],"autoUv":false,"rotation":180},"down":{"texture":"#head","uv":[61.0,10.0,58.0,7.0],"autoUv":false}},"children":[]},{"name":"MeshMouthR.137","from":[-3.449916749376,0.987938652017,0.890331847806],"to":[-2.774129054356,1.340133419058,1.178597824435],"rotationOrigin":[-3.11202287674,1.164036035538,1.034464836121],"stepParentName":"b_Head","rotationX":-68.557982812868,"rotationY":-30.708677357444,"rotationZ":-55.264880819987,"group":"head-bug0","faces":{"north":{"texture":"#head","uv":[55.0,10.0,58.0,13.0],"autoUv":false,"rotation":90},"east":{"texture":"#head","uv":[55.0,7.0,58.0,10.0],"autoUv":false,"rotation":90},"south":{"texture":"#head","uv":[55.0,4.0,58.0,7.0],"autoUv":false,"rotation":90},"west":{"texture":"#head","uv":[55.0,7.0,58.0,10.0],"autoUv":false,"rotation":90},"up":{"texture":"#head","uv":[53.0,7.0,55.0,10.0],"autoUv":false,"rotation":180},"down":{"texture":"#head","uv":[61.0,10.0,58.0,7.0],"autoUv":false}},"children":[]},{"name":"MeshMouthR.138","from":[-3.467040448564,0.559244868205,0.884237054839],"to":[-2.791252753544,0.911439660145,1.172502990709],"rotationOrigin":[-3.129146575928,0.735342264175,1.028370022774],"stepParentName":"b_Head","rotationX":60.099469714535,"rotationY":-42.776265828307,"rotationZ":49.058970940113,"group":"head-bug0","faces":{"north":{"texture":"#head","uv":[55.0,10.0,58.0,13.0],"autoUv":false,"rotation":90},"east":{"texture":"#head","uv":[55.0,7.0,58.0,10.0],"autoUv":false,"rotation":90},"south":{"texture":"#head","uv":[55.0,4.0,58.0,7.0],"autoUv":false,"rotation":90},"west":{"texture":"#head","uv":[55.0,7.0,58.0,10.0],"autoUv":false,"rotation":90},"up":{"texture":"#head","uv":[53.0,7.0,55.0,10.0],"autoUv":false,"rotation":180},"down":{"texture":"#head","uv":[61.0,10.0,58.0,7.0],"autoUv":false}},"children":[]},{"name":"MeshMouthR.139","from":[-3.485636984242,0.772854639463,-0.130004415011],"to":[-3.40623071187,1.182685063907,0.205435530936],"rotationOrigin":[-3.445933818817,0.977769851685,0.037715557963],"stepParentName":"b_Head","rotationX":-1.3660378e-05,"rotationY":-92.789561044538,"rotationZ":-1.3e-11,"group":"head-bug0","faces":{"north":{"texture":"#head","uv":[12.0,60.0,13.0,62.0],"autoUv":false,"rotation":90},"east":{"texture":"#head","uv":[12.0,59.0,13.0,60.0],"autoUv":false,"rotation":90},"south":{"texture":"#head","uv":[12.0,57.0,13.0,59.0],"autoUv":false,"rotation":90},"west":{"texture":"#head","uv":[12.0,59.0,13.0,60.0],"autoUv":false,"rotation":90},"up":{"texture":"#head","uv":[11.0,59.0,12.0,60.0],"autoUv":false,"rotation":180},"down":{"texture":"#head","uv":[15.0,60.0,13.0,59.0],"autoUv":false}},"children":[]},{"name":"MeshMouthR.140","from":[-3.327165402334,0.943654783232,-0.119040908523],"to":[-3.24775906666,1.545328371065,0.167311390811],"rotationOrigin":[-3.287462234497,1.244491577148,0.024135233834],"stepParentName":"b_Head","rotationX":-88.586720251987,"rotationY":-36.037177721444,"rotationZ":-87.598630935707,"group":"head-bug0","faces":{"north":{"texture":"#head","uv":[12.0,60.0,13.0,62.0],"autoUv":false,"rotation":90},"east":{"texture":"#head","uv":[12.0,59.0,13.0,60.0],"autoUv":false,"rotation":90},"south":{"texture":"#head","uv":[12.0,57.0,13.0,59.0],"autoUv":false,"rotation":90},"west":{"texture":"#head","uv":[12.0,59.0,13.0,60.0],"autoUv":false,"rotation":90},"up":{"texture":"#head","uv":[11.0,59.0,12.0,60.0],"autoUv":false,"rotation":180},"down":{"texture":"#head","uv":[15.0,60.0,13.0,59.0],"autoUv":false}},"children":[]},{"name":"MeshMouthR.141","from":[-3.327885188024,0.333827219949,-0.103996025015],"to":[-3.248478969305,0.942055500998,0.182356291717],"rotationOrigin":[-3.288182020187,0.637941360474,0.039180126041],"stepParentName":"b_Head","rotationX":89.960694765805,"rotationY":-48.938862063559,"rotationZ":89.947888161111,"group":"head-bug0","faces":{"north":{"texture":"#head","uv":[12.0,60.0,13.0,62.0],"autoUv":false,"rotation":90},"east":{"texture":"#head","uv":[12.0,59.0,13.0,60.0],"autoUv":false,"rotation":90},"south":{"texture":"#head","uv":[12.0,57.0,13.0,59.0],"autoUv":false,"rotation":90},"west":{"texture":"#head","uv":[12.0,59.0,13.0,60.0],"autoUv":false,"rotation":90},"up":{"texture":"#head","uv":[11.0,59.0,12.0,60.0],"autoUv":false,"rotation":180},"down":{"texture":"#head","uv":[15.0,60.0,13.0,59.0],"autoUv":false}},"children":[]},{"name":"MeshMouthR.142","from":[-3.327884445942,0.33382719071,-0.182356409678],"to":[-3.248478222398,0.94205547176,0.103995889657],"rotationOrigin":[-3.288181304932,0.637941360474,-0.039180252701],"stepParentName":"b_Head","rotationX":-89.960742577129,"rotationY":48.938851818275,"rotationZ":-90.052103187467,"group":"head-bug0","faces":{"north":{"texture":"#head","uv":[13.0,57.0,12.0,59.0],"autoUv":false,"rotation":90},"east":{"texture":"#head","uv":[13.0,59.0,12.0,60.0],"autoUv":false,"rotation":90},"south":{"texture":"#head","uv":[13.0,60.0,12.0,62.0],"autoUv":false,"rotation":90},"west":{"texture":"#head","uv":[13.0,59.0,12.0,60.0],"autoUv":false,"rotation":90},"up":{"texture":"#head","uv":[15.0,59.0,13.0,60.0],"autoUv":false},"down":{"texture":"#head","uv":[11.0,60.0,12.0,59.0],"autoUv":false,"rotation":180}},"children":[]},{"name":"MeshMouthR.143","from":[-3.797358297948,0.772854520253,-0.612004686605],"to":[-3.010980013528,1.182684944697,-0.276564772996],"rotationOrigin":[-3.404169082642,0.977769732475,-0.44428473711],"stepParentName":"b_Head","rotationX":-1.3660376e-05,"rotationY":80.713704629686,"rotationZ":-179.999991348578,"group":"head-bug0","faces":{"north":{"texture":"#head","uv":[58.0,4.0,55.0,7.0],"autoUv":false,"rotation":90},"east":{"texture":"#head","uv":[58.0,7.0,55.0,10.0],"autoUv":false,"rotation":90},"south":{"texture":"#head","uv":[58.0,10.0,55.0,13.0],"autoUv":false,"rotation":90},"west":{"texture":"#head","uv":[58.0,7.0,55.0,10.0],"autoUv":false,"rotation":90},"up":{"texture":"#head","uv":[61.0,7.0,58.0,10.0],"autoUv":false},"down":{"texture":"#head","uv":[53.0,10.0,55.0,7.0],"autoUv":false,"rotation":180}},"children":[]},{"name":"MeshMouthR.144","from":[-3.224963356013,1.045188362965,-0.175498730433],"to":[-3.020716522116,1.179516379467,-0.032148861397],"rotationOrigin":[-3.122839927673,1.112352371216,-0.103823795915],"stepParentName":"b_Head","rotationX":82.962681017696,"rotationY":36.843594251085,"rotationZ":101.632873340331,"group":"head-bug0","faces":{"north":{"texture":"#head","uv":[58.0,4.0,55.0,7.0],"autoUv":false,"rotation":90},"east":{"texture":"#head","uv":[58.0,7.0,55.0,10.0],"autoUv":false,"rotation":90},"south":{"texture":"#head","uv":[58.0,10.0,55.0,13.0],"autoUv":false,"rotation":90},"west":{"texture":"#head","uv":[58.0,7.0,55.0,10.0],"autoUv":false,"rotation":90},"up":{"texture":"#head","uv":[61.0,7.0,58.0,10.0],"autoUv":false},"down":{"texture":"#head","uv":[53.0,10.0,55.0,7.0],"autoUv":false,"rotation":180}},"children":[]},{"name":"MeshMouthR.145","from":[-3.232895303721,0.669257568977,-0.172849809823],"to":[-3.028648469824,0.803585593595,-0.029499957553],"rotationOrigin":[-3.130771875381,0.736421585083,-0.101174876094],"stepParentName":"b_Head","rotationX":-79.703396708036,"rotationY":47.548532661773,"rotationZ":-103.831982517211,"group":"head-bug0","faces":{"north":{"texture":"#head","uv":[58.0,4.0,55.0,7.0],"autoUv":false,"rotation":90},"east":{"texture":"#head","uv":[58.0,7.0,55.0,10.0],"autoUv":false,"rotation":90},"south":{"texture":"#head","uv":[58.0,10.0,55.0,13.0],"autoUv":false,"rotation":90},"west":{"texture":"#head","uv":[58.0,7.0,55.0,10.0],"autoUv":false,"rotation":90},"up":{"texture":"#head","uv":[61.0,7.0,58.0,10.0],"autoUv":false},"down":{"texture":"#head","uv":[53.0,10.0,55.0,7.0],"autoUv":false,"rotation":180}},"children":[]},{"name":"MeshMouthR.146","from":[-3.3311833749,0.874835442362,-0.192867337799],"to":[-3.126936555086,1.009163428487,-0.049517476357],"rotationOrigin":[-3.229059934616,0.941999435425,-0.121192395687],"stepParentName":"b_Head","rotationX":-1.3660376e-05,"rotationY":80.713704629686,"rotationZ":-179.999991348578,"group":"head-bug0","faces":{"north":{"texture":"#head","uv":[58.0,4.0,55.0,7.0],"autoUv":false,"rotation":90},"east":{"texture":"#head","uv":[58.0,7.0,55.0,10.0],"autoUv":false,"rotation":90},"south":{"texture":"#head","uv":[58.0,10.0,55.0,13.0],"autoUv":false,"rotation":90},"west":{"texture":"#head","uv":[58.0,7.0,55.0,10.0],"autoUv":false,"rotation":90},"up":{"texture":"#head","uv":[61.0,7.0,58.0,10.0],"autoUv":false},"down":{"texture":"#head","uv":[53.0,10.0,55.0,7.0],"autoUv":false,"rotation":180}},"children":[]},{"name":"MeshMouthR.147","from":[-3.639421261269,0.943652774951,-0.561636451863],"to":[-2.853042804283,1.545326296991,-0.275284152529],"rotationOrigin":[-3.246232032776,1.244489550591,-0.418460309505],"stepParentName":"b_Head","rotationX":83.298241381429,"rotationY":35.516232363258,"rotationZ":101.434797854401,"group":"head-bug0","faces":{"north":{"texture":"#head","uv":[58.0,4.0,55.0,7.0],"autoUv":false,"rotation":90},"east":{"texture":"#head","uv":[58.0,7.0,55.0,10.0],"autoUv":false,"rotation":90},"south":{"texture":"#head","uv":[58.0,10.0,55.0,13.0],"autoUv":false,"rotation":90},"west":{"texture":"#head","uv":[58.0,7.0,55.0,10.0],"autoUv":false,"rotation":90},"up":{"texture":"#head","uv":[61.0,7.0,58.0,10.0],"autoUv":false},"down":{"texture":"#head","uv":[53.0,10.0,55.0,7.0],"autoUv":false,"rotation":180}},"children":[]},{"name":"MeshMouthR.148","from":[-3.658931477307,0.333825174915,-0.56765217206],"to":[-2.872553126575,0.942053522155,-0.281299808693],"rotationOrigin":[-3.265742301941,0.637939333916,-0.424475997686],"stepParentName":"b_Head","rotationX":-79.505894957995,"rotationY":48.084210737999,"rotationZ":-103.978319320179,"group":"head-bug0","faces":{"north":{"texture":"#head","uv":[58.0,4.0,55.0,7.0],"autoUv":false,"rotation":90},"east":{"texture":"#head","uv":[58.0,7.0,55.0,10.0],"autoUv":false,"rotation":90},"south":{"texture":"#head","uv":[58.0,10.0,55.0,13.0],"autoUv":false,"rotation":90},"west":{"texture":"#head","uv":[58.0,7.0,55.0,10.0],"autoUv":false,"rotation":90},"up":{"texture":"#head","uv":[61.0,7.0,58.0,10.0],"autoUv":false},"down":{"texture":"#head","uv":[53.0,10.0,55.0,7.0],"autoUv":false,"rotation":180}},"children":[]},{"name":"MeshMouthR.149","from":[-3.541393551797,0.772854401044,-1.276270986],"to":[-2.75501537363,1.182684825488,-0.940831171626],"rotationOrigin":[-3.148204565048,0.977769613266,-1.1085511446],"stepParentName":"b_Head","rotationX":-1.3660375e-05,"rotationY":58.389367931282,"rotationZ":-179.999991348578,"group":"head-bug0","faces":{"north":{"texture":"#head","uv":[58.0,4.0,55.0,7.0],"autoUv":false,"rotation":90},"east":{"texture":"#head","uv":[58.0,7.0,55.0,10.0],"autoUv":false,"rotation":90},"south":{"texture":"#head","uv":[58.0,10.0,55.0,13.0],"autoUv":false,"rotation":90},"west":{"texture":"#head","uv":[58.0,7.0,55.0,10.0],"autoUv":false,"rotation":90},"up":{"texture":"#head","uv":[61.0,7.0,58.0,10.0],"autoUv":false},"down":{"texture":"#head","uv":[53.0,10.0,55.0,7.0],"autoUv":false,"rotation":180}},"children":[]},{"name":"MeshMouthR.150","from":[-3.449916585099,0.987938137376,-1.178598084214],"to":[-2.774128766923,1.340133017715,-0.890332014895],"rotationOrigin":[-3.112022638321,1.164035558701,-1.03446495533],"stepParentName":"b_Head","rotationX":68.557948661922,"rotationY":30.708670527255,"rotationZ":124.735127604064,"group":"head-bug0","faces":{"north":{"texture":"#head","uv":[58.0,4.0,55.0,7.0],"autoUv":false,"rotation":90},"east":{"texture":"#head","uv":[58.0,7.0,55.0,10.0],"autoUv":false,"rotation":90},"south":{"texture":"#head","uv":[58.0,10.0,55.0,13.0],"autoUv":false,"rotation":90},"west":{"texture":"#head","uv":[58.0,7.0,55.0,10.0],"autoUv":false,"rotation":90},"up":{"texture":"#head","uv":[61.0,7.0,58.0,10.0],"autoUv":false},"down":{"texture":"#head","uv":[53.0,10.0,55.0,7.0],"autoUv":false,"rotation":180}},"children":[]},{"name":"MeshMouthR.151","from":[-3.467042357152,0.559244454071,-1.172502709853],"to":[-2.791254584274,0.911439296492,-0.884236708098],"rotationOrigin":[-3.129148483276,0.735341787338,-1.028369784355],"stepParentName":"b_Head","rotationX":-60.099483374913,"rotationY":42.776279488685,"rotationZ":-130.941051144316,"group":"head-bug0","faces":{"north":{"texture":"#head","uv":[58.0,4.0,55.0,7.0],"autoUv":false,"rotation":90},"east":{"texture":"#head","uv":[58.0,7.0,55.0,10.0],"autoUv":false,"rotation":90},"south":{"texture":"#head","uv":[58.0,10.0,55.0,13.0],"autoUv":false,"rotation":90},"west":{"texture":"#head","uv":[58.0,7.0,55.0,10.0],"autoUv":false,"rotation":90},"up":{"texture":"#head","uv":[61.0,7.0,58.0,10.0],"autoUv":false},"down":{"texture":"#head","uv":[53.0,10.0,55.0,7.0],"autoUv":false,"rotation":180}},"children":[]},{"name":"MeshMouthR.152","from":[-3.485637453769,0.772854639463,-0.205435841685],"to":[-3.406231137539,1.182685063907,0.130004010786],"rotationOrigin":[-3.445934295654,0.977769851685,-0.03771590814],"stepParentName":"b_Head","rotationX":179.999827424038,"rotationY":87.210389322905,"rotationZ":0.000163907109,"group":"head-bug0","faces":{"north":{"texture":"#head","uv":[13.0,57.0,12.0,59.0],"autoUv":false,"rotation":90},"east":{"texture":"#head","uv":[13.0,59.0,12.0,60.0],"autoUv":false,"rotation":90},"south":{"texture":"#head","uv":[13.0,60.0,12.0,62.0],"autoUv":false,"rotation":90},"west":{"texture":"#head","uv":[13.0,59.0,12.0,60.0],"autoUv":false,"rotation":90},"up":{"texture":"#head","uv":[15.0,59.0,13.0,60.0],"autoUv":false},"down":{"texture":"#head","uv":[11.0,60.0,12.0,59.0],"autoUv":false,"rotation":180}},"children":[]},{"name":"MeshMouthR.153","from":[-3.327164676114,0.943652875883,-0.167312034038],"to":[-3.247758362369,1.545326434478,0.119040262518],"rotationOrigin":[-3.287461519241,1.2444896698,-0.02413588576],"stepParentName":"b_Head","rotationX":88.586699761419,"rotationY":36.037177721444,"rotationZ":92.40136724306,"group":"head-bug0","faces":{"north":{"texture":"#head","uv":[13.0,57.0,12.0,59.0],"autoUv":false,"rotation":90},"east":{"texture":"#head","uv":[13.0,59.0,12.0,60.0],"autoUv":false,"rotation":90},"south":{"texture":"#head","uv":[13.0,60.0,12.0,62.0],"autoUv":false,"rotation":90},"west":{"texture":"#head","uv":[13.0,59.0,12.0,60.0],"autoUv":false,"rotation":90},"up":{"texture":"#head","uv":[15.0,59.0,13.0,60.0],"autoUv":false},"down":{"texture":"#head","uv":[11.0,60.0,12.0,59.0],"autoUv":false,"rotation":180}},"children":[]},{"name":"FluffR.099","from":[-3.29968559742,1.678229808807,-2.514639317989],"to":[0.174271702766,4.51350736618,-2.05855602026],"rotationOrigin":[-1.562706828117,3.095868587494,-2.286597728729],"stepParentName":"b_Head","rotationX":4.10745e-07,"rotationY":13.308627012864,"rotationZ":-90.000029825235,"group":"fluff.006","faces":{"north":{"texture":"#head","uv":[22.0,21.0,27.0,27.0],"autoUv":false,"rotation":180},"east":{"texture":"#head","uv":[21.0,20.0,19.0,27.0],"autoUv":false,"rotation":180},"south":{"texture":"#head","uv":[25.0,21.0,20.0,27.0],"autoUv":false,"rotation":180},"west":{"texture":"#head","uv":[19.0,18.0,21.0,27.0],"autoUv":false,"rotation":180},"up":{"texture":"head","uv":[49.0,57.0,55.0,63.0],"autoUv":false,"rotation":90,"enabled":false},"down":{"texture":"#head","uv":[5.0,24.0,4.0,16.0],"autoUv":false,"rotation":90}},"children":[]},{"name":"FluffR.100","from":[-1.536358892918,-0.298635482788,-3.074019134045],"to":[0.183486640453,2.757504343987,-2.090017259121],"rotationOrigin":[-0.676436126232,1.229434370995,-2.582018136978],"stepParentName":"b_Head","rotationX":-1.600595708167,"rotationY":21.550814359805,"rotationZ":-81.945925397469,"group":"fluff.006","faces":{"north":{"texture":"#head","uv":[27.0,22.0,30.0,28.0],"autoUv":false,"rotation":180},"east":{"texture":"#head","uv":[21.0,20.0,19.0,27.0],"autoUv":false,"rotation":180},"south":{"texture":"#head","uv":[22.0,21.0,19.0,27.0],"autoUv":false,"rotation":180},"west":{"texture":"#head","uv":[19.0,21.0,21.0,27.0],"autoUv":false,"rotation":180},"up":{"texture":"head","uv":[49.0,57.0,55.0,63.0],"autoUv":false,"rotation":90,"enabled":false},"down":{"texture":"#head","uv":[5.0,24.0,4.0,16.0],"autoUv":false,"rotation":90}},"children":[]},{"name":"FluffL.007","from":[-3.150244891644,0.913845926523,1.861794829369],"to":[-2.043969452381,1.412189811468,3.101630330086],"rotationOrigin":[-2.597107172012,1.163017868996,2.481712579727],"stepParentName":"b_Head","rotationX":-91.298346333617,"rotationY":-0.84715668705,"rotationZ":-79.945977706598,"group":"fluff.006","faces":{"north":{"texture":"#head","uv":[40.0,18.0,39.0,27.0],"autoUv":false,"rotation":90},"east":{"texture":"head","uv":[54.0,59.0,50.0,63.0],"autoUv":false,"rotation":270,"enabled":false},"south":{"texture":"#head","uv":[40.0,18.0,38.0,25.0],"autoUv":false,"rotation":270},"west":{"texture":"#head","uv":[55.0,8.0,50.0,14.0],"autoUv":false,"rotation":90},"up":{"texture":"#head","uv":[42.0,17.0,39.0,27.0],"autoUv":false,"rotation":270},"down":{"texture":"#head","uv":[34.0,27.0,37.0,19.0],"autoUv":false,"rotation":270}},"children":[]},{"name":"FluffR.103","from":[-1.065621776572,-0.298637151718,-2.792235374451],"to":[0.65422408103,2.75750207901,-1.808234214783],"rotationOrigin":[-0.205698847771,1.229432463646,-2.300234794617],"stepParentName":"b_Head","rotationX":-1.491364228031,"rotationY":-3.440376957106,"rotationZ":-82.623527974459,"group":"fluff.006","faces":{"north":{"texture":"#head","uv":[27.0,22.0,30.0,28.0],"autoUv":false,"rotation":180},"east":{"texture":"#head","uv":[21.0,20.0,19.0,27.0],"autoUv":false,"rotation":180},"south":{"texture":"#head","uv":[22.0,21.0,19.0,27.0],"autoUv":false,"rotation":180},"west":{"texture":"#head","uv":[19.0,21.0,21.0,27.0],"autoUv":false,"rotation":180},"up":{"texture":"head","uv":[49.0,57.0,55.0,63.0],"autoUv":false,"rotation":90,"enabled":false},"down":{"texture":"#head","uv":[5.0,24.0,4.0,16.0],"autoUv":false,"rotation":90}},"children":[]},{"name":"FluffR.104","from":[-1.790749430656,1.358890771866,0.86895775795],"to":[-1.334666371346,4.832848310471,3.704234838486],"rotationOrigin":[-1.562707901001,3.095869541168,2.286596298218],"stepParentName":"b_Head","rotationX":-1.3660376e-05,"rotationY":76.691392567087,"rotationZ":4e-12,"group":"fluff.006","faces":{"north":{"texture":"#head","uv":[5.0,16.0,4.0,24.0],"autoUv":false,"rotation":180},"east":{"texture":"#head","uv":[20.0,21.0,25.0,27.0],"autoUv":false,"rotation":90},"south":{"texture":"head","uv":[55.0,57.0,49.0,63.0],"autoUv":false,"rotation":180,"enabled":false},"west":{"texture":"#head","uv":[27.0,21.0,22.0,27.0],"autoUv":false,"rotation":270},"up":{"texture":"#head","uv":[21.0,18.0,19.0,27.0],"autoUv":false},"down":{"texture":"#head","uv":[21.0,27.0,19.0,20.0],"autoUv":false,"rotation":180}},"children":[]},{"name":"FluffR.105","from":[-1.373968094587,0.340523064137,0.971933722496],"to":[-0.38996681571,2.060368418694,4.028072834015],"rotationOrigin":[-0.881967484951,1.200445771217,2.50000333786],"stepParentName":"b_Head","rotationX":-19.467353945952,"rotationY":67.060668743018,"rotationZ":19.532671044984,"group":"fluff.006","faces":{"north":{"texture":"#head","uv":[5.0,16.0,4.0,24.0],"autoUv":false,"rotation":180},"east":{"texture":"#head","uv":[19.0,21.0,22.0,27.0],"autoUv":false,"rotation":90},"south":{"texture":"head","uv":[55.0,57.0,49.0,63.0],"autoUv":false,"rotation":180,"enabled":false},"west":{"texture":"#head","uv":[30.0,22.0,27.0,28.0],"autoUv":false,"rotation":270},"up":{"texture":"#head","uv":[21.0,21.0,19.0,27.0],"autoUv":false},"down":{"texture":"#head","uv":[21.0,27.0,19.0,20.0],"autoUv":false,"rotation":180}},"children":[]},{"name":"FluffR.106","from":[-0.887513101101,0.344606697559,0.782930254936],"to":[0.096488177776,2.064452052116,3.839069366455],"rotationOrigin":[-0.395512491465,1.20452940464,2.3109998703],"stepParentName":"b_Head","rotationX":66.621706145439,"rotationY":98.135304221097,"rotationZ":-64.908537607249,"group":"fluff.006","faces":{"north":{"texture":"#head","uv":[5.0,16.0,4.0,24.0],"autoUv":false,"rotation":180},"east":{"texture":"#head","uv":[19.0,21.0,22.0,27.0],"autoUv":false,"rotation":90},"south":{"texture":"head","uv":[55.0,57.0,49.0,63.0],"autoUv":false,"rotation":180,"enabled":false},"west":{"texture":"#head","uv":[30.0,22.0,27.0,28.0],"autoUv":false,"rotation":270},"up":{"texture":"#head","uv":[21.0,21.0,19.0,27.0],"autoUv":false},"down":{"texture":"#head","uv":[21.0,27.0,19.0,20.0],"autoUv":false,"rotation":180}},"children":[]},{"name":"FluffL.009","from":[-3.14040184021,0.91405466189,-3.109882235527],"to":[-2.050890922546,1.412398398021,-1.87004673481],"rotationOrigin":[-2.595646381378,1.163226485252,-2.489964485168],"stepParentName":"b_Head","rotationX":91.298325843049,"rotationY":0.847142813228,"rotationZ":-79.946114310381,"group":"fluff.006","faces":{"north":{"texture":"#head","uv":[38.0,18.0,40.0,25.0],"autoUv":false,"rotation":90},"east":{"texture":"head","uv":[39.0,29.0,41.0,31.0],"autoUv":false,"rotation":90,"enabled":false},"south":{"texture":"#head","uv":[39.0,18.0,40.0,27.0],"autoUv":false,"rotation":270},"west":{"texture":"#head","uv":[50.0,8.0,55.0,14.0],"autoUv":false,"rotation":270},"up":{"texture":"#head","uv":[39.0,17.0,42.0,27.0],"autoUv":false,"rotation":270},"down":{"texture":"#head","uv":[37.0,27.0,34.0,19.0],"autoUv":false,"rotation":270}},"children":[]},{"name":"FluffR.095","from":[-1.860741376877,3.128572225571,-1.337546005845],"to":[-1.404658317566,6.602529764175,1.497731074691],"rotationOrigin":[-1.632699847221,4.865550994873,0.080092534423],"stepParentName":"b_Head","rotationX":-88.437398656352,"rotationY":79.916075138411,"rotationZ":-1.50297928488,"group":"fluff.006","faces":{"north":{"texture":"#head","uv":[5.0,16.0,4.0,24.0],"autoUv":false,"rotation":180},"east":{"texture":"#head","uv":[20.0,21.0,25.0,27.0],"autoUv":false,"rotation":90},"south":{"texture":"head","uv":[55.0,57.0,49.0,63.0],"autoUv":false,"rotation":180,"enabled":false},"west":{"texture":"#head","uv":[27.0,21.0,22.0,27.0],"autoUv":false,"rotation":270},"up":{"texture":"#head","uv":[21.0,18.0,19.0,27.0],"autoUv":false},"down":{"texture":"#head","uv":[21.0,27.0,19.0,20.0],"autoUv":false,"rotation":180}},"children":[]},{"name":"FluffR.096","from":[-0.135233342648,3.128572225571,-1.337546005845],"to":[0.320849716663,6.602529764175,1.497731074691],"rotationOrigin":[0.092808187008,4.865550994873,0.080092534423],"stepParentName":"b_Head","rotationX":-88.635897614011,"rotationY":78.430263107124,"rotationZ":-1.300888608213,"group":"fluff.006","faces":{"north":{"texture":"#head","uv":[5.0,16.0,4.0,24.0],"autoUv":false,"rotation":180},"east":{"texture":"#head","uv":[20.0,21.0,25.0,27.0],"autoUv":false,"rotation":90},"south":{"texture":"head","uv":[55.0,57.0,49.0,63.0],"autoUv":false,"rotation":180,"enabled":false},"west":{"texture":"#head","uv":[27.0,21.0,22.0,27.0],"autoUv":false,"rotation":270},"up":{"texture":"#head","uv":[21.0,18.0,19.0,27.0],"autoUv":false},"down":{"texture":"#head","uv":[21.0,27.0,19.0,20.0],"autoUv":false,"rotation":180}},"children":[]}],"groups":[]}