{"textureWidth":64,"textureHeight":64,"textures":{},"textureSizes":{"head":[64,64]},"elements":[{"name":"Frame.065","from":[-4.077342991243,3.029550901152,1.267255269887],"to":[-3.366383648332,3.153806079672,1.370720462638],"rotationOrigin":[-3.388736724854,3.130291223526,1.321120262146],"stepParentName":"b_Head","rotationX":95.005049015048,"rotationY":0.809943255131,"rotationZ":-91.246669122356,"group":"eyewear-glasses2-dark","faces":{"north":{"texture":"#eyewear","uv":[10.0,59.0,12.0,60.0],"autoUv":false},"east":{"texture":"#eyewear","uv":[8.0,60.0,10.0,61.0],"autoUv":false,"rotation":90},"south":{"texture":"#eyewear","uv":[10.0,61.0,12.0,62.0],"autoUv":false},"west":{"texture":"#eyewear","uv":[12.0,60.0,14.0,61.0],"autoUv":false,"rotation":270},"up":{"texture":"#eyewear","uv":[14.0,60.0,16.0,61.0],"autoUv":false},"down":{"texture":"#eyewear","uv":[12.0,61.0,10.0,60.0],"autoUv":false,"rotation":180}},"children":[]},{"name":"Frame.066","from":[-3.449783884706,3.046877222448,1.201100085044],"to":[-2.15190468999,3.170663240701,1.259339768717],"rotationOrigin":[-3.414837837219,3.117927789688,1.259018540382],"stepParentName":"b_Head","rotationX":92.233747570639,"rotationY":-10.562929386333,"rotationZ":-89.500312694989,"group":"eyewear-glasses2-dark","faces":{"north":{"texture":"#eyewear","uv":[10.0,59.0,12.0,60.0],"autoUv":false},"east":{"texture":"#eyewear","uv":[8.0,60.0,10.0,61.0],"autoUv":false,"rotation":90},"south":{"texture":"#eyewear","uv":[10.0,61.0,12.0,62.0],"autoUv":false},"west":{"texture":"#eyewear","uv":[12.0,60.0,14.0,61.0],"autoUv":false,"rotation":270},"up":{"texture":"#eyewear","uv":[14.0,60.0,16.0,61.0],"autoUv":false},"down":{"texture":"#eyewear","uv":[12.0,61.0,10.0,60.0],"autoUv":false,"rotation":180}},"children":[]},{"name":"Frame.067","from":[-2.68866490856,2.720972971525,1.460151837651],"to":[-2.564278130381,2.829912103854,3.042551468825],"rotationOrigin":[-2.62647151947,2.753580570221,2.299762487411],"stepParentName":"b_Head","rotationX":-5.662872701704,"rotationY":76.420746321225,"rotationZ":6.995749113512,"group":"eyewear-glasses2-dark","faces":{"north":{"texture":"#eyewear","uv":[8.0,60.0,10.0,61.0],"autoUv":false},"east":{"texture":"#eyewear","uv":[14.0,60.0,16.0,61.0],"autoUv":false},"south":{"texture":"#eyewear","uv":[12.0,60.0,14.0,61.0],"autoUv":false},"west":{"texture":"#eyewear","uv":[10.0,60.0,12.0,61.0],"autoUv":false},"up":{"texture":"#eyewear","uv":[10.0,59.0,12.0,60.0],"autoUv":false,"rotation":90},"down":{"texture":"#eyewear","uv":[12.0,62.0,10.0,61.0],"autoUv":false,"rotation":90}},"children":[]},{"name":"Frame.068","from":[-1.141121495544,2.762523539165,1.723722535034],"to":[-1.016734726193,2.872664342906,2.558520968885],"rotationOrigin":[-1.078928112984,2.792620420456,2.563333272934],"stepParentName":"b_Head","rotationX":-15.992583998167,"rotationY":84.266017715117,"rotationZ":17.997973642259,"group":"eyewear-glasses2-dark","faces":{"north":{"texture":"#eyewear","uv":[8.0,60.0,10.0,61.0],"autoUv":false},"east":{"texture":"#eyewear","uv":[14.0,60.0,16.0,61.0],"autoUv":false},"south":{"texture":"#eyewear","uv":[12.0,60.0,14.0,61.0],"autoUv":false},"west":{"texture":"#eyewear","uv":[10.0,60.0,12.0,61.0],"autoUv":false},"up":{"texture":"#eyewear","uv":[10.0,59.0,12.0,60.0],"autoUv":false,"rotation":90},"down":{"texture":"#eyewear","uv":[12.0,62.0,10.0,61.0],"autoUv":false,"rotation":90}},"children":[]},{"name":"Frame.069","from":[-1.226341229883,2.738236441912,1.9296485509],"to":[-1.101954473589,2.924816593824,2.550954517364],"rotationOrigin":[-1.164147853851,2.831526517868,2.555766820908],"stepParentName":"b_Head","rotationX":-92.035337405439,"rotationY":-37.003803168257,"rotationZ":83.166459711583,"group":"eyewear-glasses2-dark","faces":{"north":{"texture":"#eyewear","uv":[8.0,60.0,10.0,61.0],"autoUv":false},"east":{"texture":"#eyewear","uv":[14.0,60.0,16.0,61.0],"autoUv":false},"south":{"texture":"#eyewear","uv":[12.0,60.0,14.0,61.0],"autoUv":false},"west":{"texture":"#eyewear","uv":[10.0,60.0,12.0,61.0],"autoUv":false},"up":{"texture":"#eyewear","uv":[10.0,59.0,12.0,60.0],"autoUv":false,"rotation":90},"down":{"texture":"#eyewear","uv":[12.0,62.0,10.0,61.0],"autoUv":false,"rotation":90}},"children":[]},{"name":"Frame.070","from":[-4.222671521088,3.089303002919,1.227365718992],"to":[-3.384747853394,3.213402366954,1.321148623441],"rotationOrigin":[-3.393059015274,3.185646295547,1.322667956352],"stepParentName":"b_Head","rotationX":-99.323039966816,"rotationY":1.777405186674,"rotationZ":-91.668317190389,"group":"eyewear-glasses2-dark","faces":{"north":{"texture":"#eyewear","uv":[10.0,59.0,12.0,60.0],"autoUv":false},"east":{"texture":"#eyewear","uv":[8.0,60.0,10.0,61.0],"autoUv":false,"rotation":90},"south":{"texture":"#eyewear","uv":[10.0,61.0,12.0,62.0],"autoUv":false},"west":{"texture":"#eyewear","uv":[12.0,60.0,14.0,61.0],"autoUv":false,"rotation":270},"up":{"texture":"#eyewear","uv":[14.0,60.0,16.0,61.0],"autoUv":false},"down":{"texture":"#eyewear","uv":[12.0,61.0,10.0,60.0],"autoUv":false,"rotation":180}},"children":[]},{"name":"Frame.071","from":[-4.02096980118,2.333031721094,0.503204148838],"to":[-3.360581807245,2.430022219777,0.601171929121],"rotationOrigin":[-3.378030061722,2.411667108536,0.577558457851],"stepParentName":"b_Head","rotationX":-0.210763509469,"rotationY":1.261764430873,"rotationZ":-89.121578705512,"group":"eyewear-glasses2-dark","faces":{"north":{"texture":"#eyewear","uv":[10.0,59.0,12.0,60.0],"autoUv":false},"east":{"texture":"#eyewear","uv":[8.0,60.0,10.0,61.0],"autoUv":false,"rotation":90},"south":{"texture":"#eyewear","uv":[10.0,61.0,12.0,62.0],"autoUv":false},"west":{"texture":"#eyewear","uv":[12.0,60.0,14.0,61.0],"autoUv":false,"rotation":270},"up":{"texture":"#eyewear","uv":[14.0,60.0,16.0,61.0],"autoUv":false},"down":{"texture":"#eyewear","uv":[12.0,61.0,10.0,60.0],"autoUv":false,"rotation":180}},"children":[]},{"name":"Frame.072","from":[-4.033339530838,2.351933403349,0.508235607695],"to":[-3.366582936663,2.448922010011,0.639775324357],"rotationOrigin":[-3.377960205078,2.430841684341,0.568504154682],"stepParentName":"b_Head","rotationX":139.59014701106,"rotationY":2.541746683811,"rotationZ":-92.888277768612,"group":"eyewear-glasses2-dark","faces":{"north":{"texture":"#eyewear","uv":[10.0,59.0,12.0,60.0],"autoUv":false},"east":{"texture":"#eyewear","uv":[8.0,60.0,10.0,61.0],"autoUv":false,"rotation":90},"south":{"texture":"#eyewear","uv":[10.0,61.0,12.0,62.0],"autoUv":false},"west":{"texture":"#eyewear","uv":[12.0,60.0,14.0,61.0],"autoUv":false,"rotation":270},"up":{"texture":"#eyewear","uv":[14.0,60.0,16.0,61.0],"autoUv":false},"down":{"texture":"#eyewear","uv":[12.0,61.0,10.0,60.0],"autoUv":false,"rotation":180}},"children":[]},{"name":"Frame.073","from":[-4.038214060827,2.464291877725,1.957815696402],"to":[-3.40733716972,2.561282376409,2.045812234095],"rotationOrigin":[-3.382834911346,2.542927265167,2.049524068832],"stepParentName":"b_Head","rotationX":-155.871733388483,"rotationY":0.803521863455,"rotationZ":-93.284476551797,"group":"eyewear-glasses2-dark","faces":{"north":{"texture":"#eyewear","uv":[10.0,59.0,12.0,60.0],"autoUv":false},"east":{"texture":"#eyewear","uv":[8.0,60.0,10.0,61.0],"autoUv":false,"rotation":90},"south":{"texture":"#eyewear","uv":[10.0,61.0,12.0,62.0],"autoUv":false},"west":{"texture":"#eyewear","uv":[12.0,60.0,14.0,61.0],"autoUv":false,"rotation":270},"up":{"texture":"#eyewear","uv":[14.0,60.0,16.0,61.0],"autoUv":false},"down":{"texture":"#eyewear","uv":[12.0,61.0,10.0,60.0],"autoUv":false,"rotation":180}},"children":[]},{"name":"Frame.074","from":[-4.036387862651,2.409463091231,2.045570763503],"to":[-3.36963135732,2.506451697892,2.127627590143],"rotationOrigin":[-3.381008625031,2.488371372223,2.056356430054],"stepParentName":"b_Head","rotationX":-12.458341885731,"rotationY":0.897254950673,"rotationZ":-89.204333277496,"group":"eyewear-glasses2-dark","faces":{"north":{"texture":"#eyewear","uv":[10.0,59.0,12.0,60.0],"autoUv":false},"east":{"texture":"#eyewear","uv":[8.0,60.0,10.0,61.0],"autoUv":false,"rotation":90},"south":{"texture":"#eyewear","uv":[10.0,61.0,12.0,62.0],"autoUv":false},"west":{"texture":"#eyewear","uv":[12.0,60.0,14.0,61.0],"autoUv":false,"rotation":270},"up":{"texture":"#eyewear","uv":[14.0,60.0,16.0,61.0],"autoUv":false},"down":{"texture":"#eyewear","uv":[12.0,61.0,10.0,60.0],"autoUv":false,"rotation":180}},"children":[]},{"name":"Frame.075","from":[-3.948528914563,1.904004325102,1.477647644523],"to":[-3.052738534696,1.992006367475,1.585929198351],"rotationOrigin":[-3.335250377655,1.96474301815,1.544526934624],"stepParentName":"b_Head","rotationX":-91.066044769755,"rotationY":-0.235376643092,"rotationZ":-89.455171974765,"group":"eyewear-glasses2-dark","faces":{"north":{"texture":"#eyewear","uv":[10.0,59.0,12.0,60.0],"autoUv":false},"east":{"texture":"#eyewear","uv":[8.0,60.0,10.0,61.0],"autoUv":false,"rotation":90},"south":{"texture":"#eyewear","uv":[10.0,61.0,12.0,62.0],"autoUv":false},"west":{"texture":"#eyewear","uv":[12.0,60.0,14.0,61.0],"autoUv":false,"rotation":270},"up":{"texture":"#eyewear","uv":[14.0,60.0,16.0,61.0],"autoUv":false},"down":{"texture":"#eyewear","uv":[12.0,61.0,10.0,60.0],"autoUv":false,"rotation":180}},"children":[]},{"name":"Frame.076","from":[-2.710504166007,2.742473909936,1.250023720762],"to":[-2.192904579364,2.866259936952,1.308281482214],"rotationOrigin":[-3.455837726593,2.813524484634,1.25709092617],"stepParentName":"b_Head","rotationX":93.86922953721,"rotationY":-5.246774589259,"rotationZ":-86.188900381584,"group":"eyewear-glasses2-dark","faces":{"north":{"texture":"#eyewear","uv":[10.0,59.0,12.0,60.0],"autoUv":false},"east":{"texture":"#eyewear","uv":[8.0,60.0,10.0,61.0],"autoUv":false,"rotation":90},"south":{"texture":"#eyewear","uv":[10.0,61.0,12.0,62.0],"autoUv":false},"west":{"texture":"#eyewear","uv":[12.0,60.0,14.0,61.0],"autoUv":false,"rotation":270},"up":{"texture":"#eyewear","uv":[14.0,60.0,16.0,61.0],"autoUv":false},"down":{"texture":"#eyewear","uv":[12.0,61.0,10.0,60.0],"autoUv":false,"rotation":180}},"children":[]},{"name":"Frame.077","from":[-3.358239512368,2.845932845948,-1.9991007998],"to":[-3.233984325387,2.949398070713,-1.288141336928],"rotationOrigin":[-3.388736724854,3.130291223526,1.321120262146],"stepParentName":"b_Head","rotationX":-4.987423768737,"rotationY":-1.246613150304,"rotationZ":-179.189862611123,"group":"eyewear-glasses2-dark","faces":{"north":{"texture":"#eyewear","uv":[14.0,60.0,12.0,61.0],"autoUv":false,"rotation":180},"east":{"texture":"#eyewear","uv":[12.0,60.0,10.0,61.0],"autoUv":false,"rotation":180},"south":{"texture":"#eyewear","uv":[10.0,60.0,8.0,61.0],"autoUv":false,"rotation":180},"west":{"texture":"#eyewear","uv":[16.0,60.0,14.0,61.0],"autoUv":false,"rotation":180},"up":{"texture":"#eyewear","uv":[12.0,61.0,10.0,62.0],"autoUv":false,"rotation":270},"down":{"texture":"#eyewear","uv":[10.0,60.0,12.0,59.0],"autoUv":false,"rotation":270}},"children":[]},{"name":"Frame.078","from":[-3.471524837016,2.963523699831,-1.292113670199],"to":[-3.34773881423,3.021763405118,0.005765638736],"rotationOrigin":[-3.414837837219,3.117927789688,1.259018540382],"stepParentName":"b_Head","rotationX":-2.142194918073,"rotationY":0.491205327158,"rotationZ":169.436666665046,"group":"eyewear-glasses2-dark","faces":{"north":{"texture":"#eyewear","uv":[14.0,60.0,12.0,61.0],"autoUv":false,"rotation":180},"east":{"texture":"#eyewear","uv":[12.0,60.0,10.0,61.0],"autoUv":false,"rotation":180},"south":{"texture":"#eyewear","uv":[10.0,60.0,8.0,61.0],"autoUv":false,"rotation":180},"west":{"texture":"#eyewear","uv":[16.0,60.0,14.0,61.0],"autoUv":false,"rotation":180},"up":{"texture":"#eyewear","uv":[12.0,61.0,10.0,62.0],"autoUv":false,"rotation":270},"down":{"texture":"#eyewear","uv":[10.0,60.0,12.0,59.0],"autoUv":false,"rotation":270}},"children":[]},{"name":"Frame.079","from":[1.782621581802,2.585841878122,0.482322527424],"to":[1.90700858842,2.694781018911,2.064722124755],"rotationOrigin":[-2.62647151947,2.753580570221,2.299762487411],"stepParentName":"b_Head","rotationX":5.663009732374,"rotationY":-76.420753151414,"rotationZ":-173.004060808166,"group":"eyewear-glasses2-dark","faces":{"north":{"texture":"#eyewear","uv":[14.0,60.0,12.0,61.0],"autoUv":false,"rotation":180},"east":{"texture":"#eyewear","uv":[12.0,60.0,10.0,61.0],"autoUv":false,"rotation":180},"south":{"texture":"#eyewear","uv":[10.0,60.0,8.0,61.0],"autoUv":false,"rotation":180},"west":{"texture":"#eyewear","uv":[16.0,60.0,14.0,61.0],"autoUv":false,"rotation":180},"up":{"texture":"#eyewear","uv":[12.0,61.0,10.0,62.0],"autoUv":false,"rotation":270},"down":{"texture":"#eyewear","uv":[10.0,60.0,12.0,59.0],"autoUv":false,"rotation":270}},"children":[]},{"name":"Frame.080","from":[3.958955492706,2.540792845448,2.075760397794],"to":[4.083341944781,2.650933663009,2.910559000859],"rotationOrigin":[-1.078928112984,2.792620420456,2.563333272934],"stepParentName":"b_Head","rotationX":15.991947083027,"rotationY":-84.266017715117,"rotationZ":-162.00272975354,"group":"eyewear-glasses2-dark","faces":{"north":{"texture":"#eyewear","uv":[14.0,60.0,12.0,61.0],"autoUv":false,"rotation":180},"east":{"texture":"#eyewear","uv":[12.0,60.0,10.0,61.0],"autoUv":false,"rotation":180},"south":{"texture":"#eyewear","uv":[10.0,60.0,8.0,61.0],"autoUv":false,"rotation":180},"west":{"texture":"#eyewear","uv":[16.0,60.0,14.0,61.0],"autoUv":false,"rotation":180},"up":{"texture":"#eyewear","uv":[12.0,61.0,10.0,62.0],"autoUv":false,"rotation":270},"down":{"texture":"#eyewear","uv":[10.0,60.0,12.0,59.0],"autoUv":false,"rotation":270}},"children":[]},{"name":"Frame.081","from":[3.858680886812,3.237562455281,2.70555557393],"to":[3.983067867313,3.42414262678,3.326861458249],"rotationOrigin":[-1.164147853851,2.831526517868,2.555766820908],"stepParentName":"b_Head","rotationX":92.035282763926,"rotationY":37.003779262595,"rotationZ":-96.833511146428,"group":"eyewear-glasses2-dark","faces":{"north":{"texture":"#eyewear","uv":[14.0,60.0,12.0,61.0],"autoUv":false,"rotation":180},"east":{"texture":"#eyewear","uv":[12.0,60.0,10.0,61.0],"autoUv":false,"rotation":180},"south":{"texture":"#eyewear","uv":[10.0,60.0,8.0,61.0],"autoUv":false,"rotation":180},"west":{"texture":"#eyewear","uv":[16.0,60.0,14.0,61.0],"autoUv":false,"rotation":180},"up":{"texture":"#eyewear","uv":[12.0,61.0,10.0,62.0],"autoUv":false,"rotation":270},"down":{"texture":"#eyewear","uv":[10.0,60.0,12.0,59.0],"autoUv":false,"rotation":270}},"children":[]},{"name":"Frame.082","from":[-3.510098802605,2.662002469389,3.101954245374],"to":[-3.385999414966,2.755785455139,3.93987801002],"rotationOrigin":[-3.393059015274,3.185646295547,1.322667956352],"stepParentName":"b_Head","rotationX":9.374835055683,"rotationY":-178.332496285368,"rotationZ":1.778157041091,"group":"eyewear-glasses2-dark","faces":{"north":{"texture":"#eyewear","uv":[14.0,60.0,12.0,61.0],"autoUv":false,"rotation":180},"east":{"texture":"#eyewear","uv":[12.0,60.0,10.0,61.0],"autoUv":false,"rotation":180},"south":{"texture":"#eyewear","uv":[10.0,60.0,8.0,61.0],"autoUv":false,"rotation":180},"west":{"texture":"#eyewear","uv":[16.0,60.0,14.0,61.0],"autoUv":false,"rotation":180},"up":{"texture":"#eyewear","uv":[12.0,61.0,10.0,62.0],"autoUv":false,"rotation":270},"down":{"texture":"#eyewear","uv":[10.0,60.0,12.0,59.0],"autoUv":false,"rotation":270}},"children":[]},{"name":"Frame.083","from":[-3.370887409492,3.492142965962,-0.061520571001],"to":[-3.27389690503,3.59011088822,0.598867346986],"rotationOrigin":[-3.378030061722,2.411667108536,0.577558457851],"stepParentName":"b_Head","rotationX":90.191391235211,"rotationY":0.878210515637,"rotationZ":-178.737868012608,"group":"eyewear-glasses2-dark","faces":{"north":{"texture":"#eyewear","uv":[14.0,60.0,12.0,61.0],"autoUv":false,"rotation":180},"east":{"texture":"#eyewear","uv":[12.0,60.0,10.0,61.0],"autoUv":false,"rotation":180},"south":{"texture":"#eyewear","uv":[10.0,60.0,8.0,61.0],"autoUv":false,"rotation":180},"west":{"texture":"#eyewear","uv":[16.0,60.0,14.0,61.0],"autoUv":false,"rotation":180},"up":{"texture":"#eyewear","uv":[12.0,61.0,10.0,62.0],"autoUv":false,"rotation":270},"down":{"texture":"#eyewear","uv":[10.0,60.0,12.0,59.0],"autoUv":false,"rotation":270}},"children":[]},{"name":"Frame.084","from":[-3.397245315873,1.505675630237,-0.824938290115],"to":[-3.300256727291,1.637215406336,-0.158181815898],"rotationOrigin":[-3.377960205078,2.430841684341,0.568504154682],"stepParentName":"b_Head","rotationX":-49.461969176617,"rotationY":-2.885439028081,"rotationZ":-177.455021882696,"group":"eyewear-glasses2-dark","faces":{"north":{"texture":"#eyewear","uv":[14.0,60.0,12.0,61.0],"autoUv":false,"rotation":180},"east":{"texture":"#eyewear","uv":[12.0,60.0,10.0,61.0],"autoUv":false,"rotation":180},"south":{"texture":"#eyewear","uv":[10.0,60.0,8.0,61.0],"autoUv":false,"rotation":180},"west":{"texture":"#eyewear","uv":[16.0,60.0,14.0,61.0],"autoUv":false,"rotation":180},"up":{"texture":"#eyewear","uv":[12.0,61.0,10.0,62.0],"autoUv":false,"rotation":270},"down":{"texture":"#eyewear","uv":[10.0,60.0,12.0,59.0],"autoUv":false,"rotation":270}},"children":[]},{"name":"Frame.085","from":[-3.549567236593,-1.289340351985,3.063992485085],"to":[-3.452576742863,-1.201343632953,3.694869296436],"rotationOrigin":[-3.382834911346,2.542927265167,2.049524068832],"stepParentName":"b_Head","rotationX":65.917868811848,"rotationY":-176.715845150339,"rotationZ":0.804861594388,"group":"eyewear-glasses2-dark","faces":{"north":{"texture":"#eyewear","uv":[14.0,60.0,12.0,61.0],"autoUv":false,"rotation":180},"east":{"texture":"#eyewear","uv":[12.0,60.0,10.0,61.0],"autoUv":false,"rotation":180},"south":{"texture":"#eyewear","uv":[10.0,60.0,8.0,61.0],"autoUv":false,"rotation":180},"west":{"texture":"#eyewear","uv":[16.0,60.0,14.0,61.0],"autoUv":false,"rotation":180},"up":{"texture":"#eyewear","uv":[12.0,61.0,10.0,62.0],"autoUv":false,"rotation":270},"down":{"texture":"#eyewear","uv":[10.0,60.0,12.0,59.0],"autoUv":false,"rotation":270}},"children":[]},{"name":"Frame.086","from":[-3.323888092628,6.492964928862,2.287256600267],"to":[-3.226899500744,6.575021880983,2.9540132674],"rotationOrigin":[-3.381008625031,2.488371372223,2.056356430054],"stepParentName":"b_Head","rotationX":-77.554127421529,"rotationY":179.204424574433,"rotationZ":0.897347798557,"group":"eyewear-glasses2-dark","faces":{"north":{"texture":"#eyewear","uv":[14.0,60.0,12.0,61.0],"autoUv":false,"rotation":180},"east":{"texture":"#eyewear","uv":[12.0,60.0,10.0,61.0],"autoUv":false,"rotation":180},"south":{"texture":"#eyewear","uv":[10.0,60.0,8.0,61.0],"autoUv":false,"rotation":180},"west":{"texture":"#eyewear","uv":[16.0,60.0,14.0,61.0],"autoUv":false,"rotation":180},"up":{"texture":"#eyewear","uv":[12.0,61.0,10.0,62.0],"autoUv":false,"rotation":270},"down":{"texture":"#eyewear","uv":[10.0,60.0,12.0,59.0],"autoUv":false,"rotation":270}},"children":[]},{"name":"Frame.087","from":[-3.332906836296,1.840394647879,4.019626895119],"to":[-3.244904780075,1.948676213683,4.915417064836],"rotationOrigin":[-3.335250377655,1.96474301815,1.544526934624],"stepParentName":"b_Head","rotationX":1.068287049637,"rotationY":179.455092516973,"rotationZ":-0.235389182892,"group":"eyewear-glasses2-dark","faces":{"north":{"texture":"#eyewear","uv":[14.0,60.0,12.0,61.0],"autoUv":false,"rotation":180},"east":{"texture":"#eyewear","uv":[12.0,60.0,10.0,61.0],"autoUv":false,"rotation":180},"south":{"texture":"#eyewear","uv":[10.0,60.0,8.0,61.0],"autoUv":false,"rotation":180},"west":{"texture":"#eyewear","uv":[16.0,60.0,14.0,61.0],"autoUv":false,"rotation":180},"up":{"texture":"#eyewear","uv":[12.0,61.0,10.0,62.0],"autoUv":false,"rotation":270},"down":{"texture":"#eyewear","uv":[10.0,60.0,12.0,59.0],"autoUv":false,"rotation":270}},"children":[]},{"name":"Frame.088","from":[-3.659817354036,2.637512863289,-0.501512380872],"to":[-3.53603132702,2.695770640605,0.016087205771],"rotationOrigin":[-3.455837726593,2.813524484634,1.25709092617],"stepParentName":"b_Head","rotationX":-3.520278004121,"rotationY":3.794982876453,"rotationZ":174.741674593395,"group":"eyewear-glasses2-dark","faces":{"north":{"texture":"#eyewear","uv":[14.0,60.0,12.0,61.0],"autoUv":false,"rotation":180},"east":{"texture":"#eyewear","uv":[12.0,60.0,10.0,61.0],"autoUv":false,"rotation":180},"south":{"texture":"#eyewear","uv":[10.0,60.0,8.0,61.0],"autoUv":false,"rotation":180},"west":{"texture":"#eyewear","uv":[16.0,60.0,14.0,61.0],"autoUv":false,"rotation":180},"up":{"texture":"#eyewear","uv":[12.0,61.0,10.0,62.0],"autoUv":false,"rotation":270},"down":{"texture":"#eyewear","uv":[10.0,60.0,12.0,59.0],"autoUv":false,"rotation":270}},"children":[]},{"name":"Dar.004","from":[-4.005044323416,3.010877638158,1.27530454564],"to":[-3.364480642137,3.092674156018,1.519131776465],"rotationOrigin":[-3.384620428085,3.077194452286,1.323839187622],"stepParentName":"b_Head","rotationX":95.005049015048,"rotationY":0.809943255131,"rotationZ":-91.246669122356,"group":"eyewear-glasses2-dark","faces":{"north":{"texture":"#eyewear","uv":[3.0,2.0,5.0,3.0],"autoUv":false},"east":{"texture":"#eyewear","uv":[1.0,3.0,3.0,4.0],"autoUv":false,"rotation":90},"south":{"texture":"#eyewear","uv":[7.0,4.0,9.0,5.0],"autoUv":false},"west":{"texture":"#eyewear","uv":[5.0,3.0,7.0,4.0],"autoUv":false,"rotation":270},"up":{"texture":"#eyewear","uv":[7.0,3.0,9.0,4.0],"autoUv":false},"down":{"texture":"#eyewear","uv":[5.0,4.0,3.0,3.0],"autoUv":false,"rotation":180}},"children":[]},{"name":"Dar.003","from":[-3.956885572544,2.377887077233,0.586835381865],"to":[-3.361852958,2.44173672838,0.775685047534],"rotationOrigin":[-3.377574443817,2.429653406143,0.653827309608],"stepParentName":"b_Head","rotationX":-0.210763469448,"rotationY":1.261764537595,"rotationZ":-89.121578705512,"group":"eyewear-glasses2-dark","faces":{"north":{"texture":"#eyewear","uv":[3.0,2.0,5.0,3.0],"autoUv":false},"east":{"texture":"#eyewear","uv":[1.0,3.0,3.0,4.0],"autoUv":false,"rotation":90},"south":{"texture":"#eyewear","uv":[7.0,4.0,9.0,5.0],"autoUv":false},"west":{"texture":"#eyewear","uv":[5.0,3.0,7.0,4.0],"autoUv":false,"rotation":270},"up":{"texture":"#eyewear","uv":[7.0,3.0,9.0,4.0],"autoUv":false},"down":{"texture":"#eyewear","uv":[5.0,4.0,3.0,3.0],"autoUv":false,"rotation":180}},"children":[]},{"name":"Dar.002","from":[-3.967731349119,2.394900341265,-0.054766626068],"to":[-3.367282612241,2.458854155092,0.709860485813],"rotationOrigin":[-3.377528429031,2.446932077408,0.645668625832],"stepParentName":"b_Head","rotationX":139.590133350681,"rotationY":2.541748818245,"rotationZ":-92.888284598801,"group":"eyewear-glasses2-dark","faces":{"north":{"texture":"#eyewear","uv":[3.0,2.0,5.0,3.0],"autoUv":false},"east":{"texture":"#eyewear","uv":[1.0,3.0,3.0,4.0],"autoUv":false,"rotation":90},"south":{"texture":"#eyewear","uv":[3.0,4.0,5.0,5.0],"autoUv":false},"west":{"texture":"#eyewear","uv":[5.0,3.0,7.0,4.0],"autoUv":false,"rotation":270},"up":{"texture":"#eyewear","uv":[7.0,3.0,9.0,4.0],"autoUv":false},"down":{"texture":"#eyewear","uv":[5.0,4.0,3.0,3.0],"autoUv":false,"rotation":180}},"children":[]},{"name":"Dar.001","from":[-3.970836338267,2.496099635798,1.897559577514],"to":[-3.402798286884,2.560026214711,2.335269831008],"rotationOrigin":[-3.380736589432,2.547928333282,1.980192780495],"stepParentName":"b_Head","rotationX":-155.871733388483,"rotationY":0.803521863455,"rotationZ":-93.284476551797,"group":"eyewear-glasses2-dark","faces":{"north":{"texture":"#eyewear","uv":[3.0,2.0,5.0,3.0],"autoUv":false},"east":{"texture":"#eyewear","uv":[1.0,3.0,3.0,4.0],"autoUv":false,"rotation":90},"south":{"texture":"#eyewear","uv":[3.0,4.0,5.0,5.0],"autoUv":false},"west":{"texture":"#eyewear","uv":[5.0,3.0,7.0,4.0],"autoUv":false,"rotation":270},"up":{"texture":"#eyewear","uv":[7.0,3.0,9.0,4.0],"autoUv":false},"down":{"texture":"#eyewear","uv":[5.0,4.0,3.0,3.0],"autoUv":false,"rotation":180}},"children":[]},{"name":"Dar","from":[-3.902025012543,1.986961988178,1.464883899448],"to":[-3.094859415293,2.044878931694,1.966030190487],"rotationOrigin":[-3.349421024323,2.02693605423,1.525147557259],"stepParentName":"b_Head","rotationX":-91.066044769755,"rotationY":-0.235376643092,"rotationZ":-89.455171974765,"group":"eyewear-glasses2-dark","faces":{"north":{"texture":"#eyewear","uv":[3.0,2.0,5.0,3.0],"autoUv":false},"east":{"texture":"#eyewear","uv":[1.0,3.0,3.0,4.0],"autoUv":false,"rotation":90},"south":{"texture":"#eyewear","uv":[3.0,4.0,5.0,5.0],"autoUv":false},"west":{"texture":"#eyewear","uv":[5.0,3.0,7.0,4.0],"autoUv":false,"rotation":270},"up":{"texture":"#eyewear","uv":[7.0,3.0,9.0,4.0],"autoUv":false},"down":{"texture":"#eyewear","uv":[5.0,4.0,3.0,3.0],"autoUv":false,"rotation":180}},"children":[]},{"name":"Frame.089","from":[-4.134868024345,3.06361978255,0.78480426553],"to":[-3.379977182338,3.145354265983,1.323865077147],"rotationOrigin":[-3.387464761734,3.127073526382,1.325233817101],"stepParentName":"b_Head","rotationX":-99.323039966816,"rotationY":1.777402732074,"rotationZ":-91.668324020578,"group":"eyewear-glasses2-dark","faces":{"north":{"texture":"#eyewear","uv":[3.0,2.0,5.0,3.0],"autoUv":false},"east":{"texture":"#eyewear","uv":[1.0,3.0,3.0,4.0],"autoUv":false,"rotation":90},"south":{"texture":"#eyewear","uv":[3.0,4.0,5.0,5.0],"autoUv":false},"west":{"texture":"#eyewear","uv":[5.0,3.0,7.0,4.0],"autoUv":false,"rotation":270},"up":{"texture":"#eyewear","uv":[7.0,3.0,9.0,4.0],"autoUv":false},"down":{"texture":"#eyewear","uv":[5.0,4.0,3.0,3.0],"autoUv":false,"rotation":180}},"children":[]},{"name":"Frame.090","from":[-3.970059947468,2.446830671505,1.388921027933],"to":[-3.369283053381,2.5106711965,2.050566763936],"rotationOrigin":[-3.379534482956,2.498770236969,1.986349105835],"stepParentName":"b_Head","rotationX":-12.458340178184,"rotationY":0.897255591003,"rotationZ":-89.204333277496,"group":"eyewear-glasses2-dark","faces":{"north":{"texture":"#eyewear","uv":[3.0,2.0,5.0,3.0],"autoUv":false},"east":{"texture":"#eyewear","uv":[1.0,3.0,3.0,4.0],"autoUv":false,"rotation":90},"south":{"texture":"#eyewear","uv":[3.0,4.0,5.0,5.0],"autoUv":false},"west":{"texture":"#eyewear","uv":[5.0,3.0,7.0,4.0],"autoUv":false,"rotation":270},"up":{"texture":"#eyewear","uv":[7.0,3.0,9.0,4.0],"autoUv":false},"down":{"texture":"#eyewear","uv":[5.0,4.0,3.0,3.0],"autoUv":false,"rotation":180}},"children":[]},{"name":"Dar.005","from":[-3.360780241939,3.670253810554,0.078880605378],"to":[-3.296883439004,3.859143556076,0.673913338712],"rotationOrigin":[-3.377574443817,2.429653406143,0.653827309608],"stepParentName":"b_Head","rotationX":-89.899728497273,"rotationY":177.438301579608,"rotationZ":1.770118762211,"group":"eyewear-glasses2-dark","faces":{"north":{"texture":"#eyewear","uv":[7.0,3.0,5.0,4.0],"autoUv":false,"rotation":180},"east":{"texture":"#eyewear","uv":[5.0,3.0,3.0,4.0],"autoUv":false,"rotation":180},"south":{"texture":"#eyewear","uv":[3.0,3.0,1.0,4.0],"autoUv":false,"rotation":180},"west":{"texture":"#eyewear","uv":[9.0,3.0,7.0,4.0],"autoUv":false,"rotation":180},"up":{"texture":"#eyewear","uv":[9.0,4.0,7.0,5.0],"autoUv":false,"rotation":270},"down":{"texture":"#eyewear","uv":[3.0,3.0,5.0,2.0],"autoUv":false,"rotation":270}},"children":[]},{"name":"Dar.006","from":[-3.345952703091,2.797688999319,-1.93420203535],"to":[-3.264104342705,3.041516620539,-1.293522988134],"rotationOrigin":[-3.384620428085,3.077194452286,1.323839187622],"stepParentName":"b_Head","rotationX":-4.993457813982,"rotationY":-1.724325972364,"rotationZ":-179.163183892225,"group":"eyewear-glasses2-dark","faces":{"north":{"texture":"#eyewear","uv":[7.0,3.0,5.0,4.0],"autoUv":false,"rotation":180},"east":{"texture":"#eyewear","uv":[5.0,3.0,3.0,4.0],"autoUv":false,"rotation":180},"south":{"texture":"#eyewear","uv":[3.0,3.0,1.0,4.0],"autoUv":false,"rotation":180},"west":{"texture":"#eyewear","uv":[9.0,3.0,7.0,4.0],"autoUv":false,"rotation":180},"up":{"texture":"#eyewear","uv":[9.0,4.0,7.0,5.0],"autoUv":false,"rotation":270},"down":{"texture":"#eyewear","uv":[3.0,3.0,5.0,2.0],"autoUv":false,"rotation":270}},"children":[]},{"name":"Dar.007","from":[-3.408085216257,0.764970144673,-0.783638933141],"to":[-3.344131301543,1.529597451693,-0.183190062463],"rotationOrigin":[-3.377528429031,2.446932077408,0.645668625832],"stepParentName":"b_Head","rotationX":-49.460285534987,"rotationY":-2.841087194706,"rotationZ":-177.460308449114,"group":"eyewear-glasses2-dark","faces":{"north":{"texture":"#eyewear","uv":[7.0,3.0,5.0,4.0],"autoUv":false,"rotation":180},"east":{"texture":"#eyewear","uv":[5.0,3.0,3.0,4.0],"autoUv":false,"rotation":180},"south":{"texture":"#eyewear","uv":[3.0,3.0,1.0,4.0],"autoUv":false,"rotation":180},"west":{"texture":"#eyewear","uv":[9.0,3.0,7.0,4.0],"autoUv":false,"rotation":180},"up":{"texture":"#eyewear","uv":[5.0,4.0,3.0,5.0],"autoUv":false,"rotation":270},"down":{"texture":"#eyewear","uv":[3.0,3.0,5.0,2.0],"autoUv":false,"rotation":270}},"children":[]},{"name":"Dar.008","from":[-3.608904227743,-1.153302554116,2.996467095244],"to":[-3.47255907417,-0.708655226875,3.572079678002],"rotationOrigin":[-3.380736589432,2.547928333282,1.980192780495],"stepParentName":"b_Head","rotationX":66.068160294345,"rotationY":-174.757425009621,"rotationZ":0.838456146625,"group":"eyewear-glasses2-dark","faces":{"north":{"texture":"#eyewear","uv":[7.0,3.0,5.0,4.0],"autoUv":false,"rotation":180},"east":{"texture":"#eyewear","uv":[5.0,3.0,3.0,4.0],"autoUv":false,"rotation":180},"south":{"texture":"#eyewear","uv":[3.0,3.0,1.0,4.0],"autoUv":false,"rotation":180},"west":{"texture":"#eyewear","uv":[9.0,3.0,7.0,4.0],"autoUv":false,"rotation":180},"up":{"texture":"#eyewear","uv":[5.0,4.0,3.0,5.0],"autoUv":false,"rotation":270},"down":{"texture":"#eyewear","uv":[3.0,3.0,5.0,2.0],"autoUv":false,"rotation":270}},"children":[]},{"name":"Dar.009","from":[-3.338126476015,1.909920145993,4.022271561364],"to":[-3.280201405384,2.411066496387,4.829469460806],"rotationOrigin":[-3.349421024323,2.02693605423,1.525147557259],"stepParentName":"b_Head","rotationX":1.067838391586,"rotationY":179.231308199006,"rotationZ":-0.232683334083,"group":"eyewear-glasses2-dark","faces":{"north":{"texture":"#eyewear","uv":[7.0,3.0,5.0,4.0],"autoUv":false,"rotation":180},"east":{"texture":"#eyewear","uv":[5.0,3.0,3.0,4.0],"autoUv":false,"rotation":180},"south":{"texture":"#eyewear","uv":[3.0,3.0,1.0,4.0],"autoUv":false,"rotation":180},"west":{"texture":"#eyewear","uv":[9.0,3.0,7.0,4.0],"autoUv":false,"rotation":180},"up":{"texture":"#eyewear","uv":[5.0,4.0,3.0,5.0],"autoUv":false,"rotation":270},"down":{"texture":"#eyewear","uv":[3.0,3.0,5.0,2.0],"autoUv":false,"rotation":270}},"children":[]},{"name":"Frame.091","from":[-3.558827989456,2.154698246287,3.189696375516],"to":[-3.426706247324,2.701557926963,3.947633451475],"rotationOrigin":[-3.387464761734,3.127073526382,1.325233817101],"stepParentName":"b_Head","rotationX":9.376995103008,"rotationY":-177.536533360251,"rotationZ":1.694790313403,"group":"eyewear-glasses2-dark","faces":{"north":{"texture":"#eyewear","uv":[7.0,3.0,5.0,4.0],"autoUv":false,"rotation":180},"east":{"texture":"#eyewear","uv":[5.0,3.0,3.0,4.0],"autoUv":false,"rotation":180},"south":{"texture":"#eyewear","uv":[3.0,3.0,1.0,4.0],"autoUv":false,"rotation":180},"west":{"texture":"#eyewear","uv":[9.0,3.0,7.0,4.0],"autoUv":false,"rotation":180},"up":{"texture":"#eyewear","uv":[5.0,4.0,3.0,5.0],"autoUv":false,"rotation":270},"down":{"texture":"#eyewear","uv":[3.0,3.0,5.0,2.0],"autoUv":false,"rotation":270}},"children":[]},{"name":"Frame.092","from":[-3.31876405477,5.780477243931,2.251923582426],"to":[-3.254891070407,6.442214740277,2.852704594011],"rotationOrigin":[-3.379534482956,2.498770236969,1.986349105835],"stepParentName":"b_Head","rotationX":-77.586386404979,"rotationY":178.014182149288,"rotationZ":1.05082044166,"group":"eyewear-glasses2-dark","faces":{"north":{"texture":"#eyewear","uv":[7.0,3.0,5.0,4.0],"autoUv":false,"rotation":180},"east":{"texture":"#eyewear","uv":[5.0,3.0,3.0,4.0],"autoUv":false,"rotation":180},"south":{"texture":"#eyewear","uv":[3.0,3.0,1.0,4.0],"autoUv":false,"rotation":180},"west":{"texture":"#eyewear","uv":[9.0,3.0,7.0,4.0],"autoUv":false,"rotation":180},"up":{"texture":"#eyewear","uv":[5.0,4.0,3.0,5.0],"autoUv":false,"rotation":270},"down":{"texture":"#eyewear","uv":[3.0,3.0,5.0,2.0],"autoUv":false,"rotation":270}},"children":[]}],"groups":[]}