{"textureWidth":64,"textureHeight":64,"textures":{},"textureSizes":{"head":[64,64]},"elements":[{"name":"EarShark.007","from":[-0.567355930805,-2.258168458939,0.177309315385],"to":[2.032516181469,0.000447034836,0.860337931929],"rotationOrigin":[0.732580125332,-1.128860473633,0.518823862076],"stepParentName":"b_EarR","rotationX":8.567705625047,"rotationY":20.186863148594,"rotationZ":105.933426819149,"group":"EarsDragon0R","faces":{"north":{"texture":"#head","uv":[10.0,45.0,9.0,51.0],"autoUv":false,"rotation":180},"east":{"texture":"#head","uv":[12.0,45.0,10.0,51.0],"autoUv":false,"rotation":180},"south":{"texture":"#head","uv":[13.0,45.0,12.0,51.0],"autoUv":false},"west":{"texture":"#head","uv":[9.0,45.0,7.0,51.0],"autoUv":false,"rotation":180},"up":{"texture":"#head","uv":[10.0,51.0,9.0,53.0],"autoUv":false},"down":{"texture":"#head","uv":[9.0,47.0,10.0,45.0],"autoUv":false}},"children":[]},{"name":"EarShark.008","from":[3.496973752975,-2.644067586561,-0.890083740053],"to":[4.078868091106,3.319280446668,-0.055039694014],"rotationOrigin":[3.787920951843,0.337606430054,-0.472561836243],"stepParentName":"b_EarR","rotationX":6.898939719764,"rotationY":18.528216595453,"rotationZ":135.86269421493,"group":"EarsDragon0R","faces":{"north":{"texture":"#head","uv":[9.0,34.0,8.0,45.0],"autoUv":false,"rotation":180},"east":{"texture":"#head","uv":[11.0,34.0,9.0,45.0],"autoUv":false,"rotation":180},"south":{"texture":"#head","uv":[12.0,34.0,11.0,45.0],"autoUv":false,"rotation":180},"west":{"texture":"#head","uv":[8.0,34.0,6.0,45.0],"autoUv":false,"rotation":180},"up":{"texture":"#head","uv":[9.0,45.0,8.0,46.0],"autoUv":false},"down":{"texture":"#head","uv":[8.0,34.0,9.0,33.0],"autoUv":false}},"children":[]},{"name":"EarShark.009","from":[0.388288989896,-1.248275109187,0.322631597519],"to":[0.896100744372,1.617465086833,1.188673496246],"rotationOrigin":[0.642194807529,0.184595108032,0.755652189255],"stepParentName":"b_EarR","rotationX":6.05269934528,"rotationY":20.720553639771,"rotationZ":102.685043491404,"group":"EarsDragon0R","faces":{"north":{"texture":"#head","uv":[8.0,47.0,6.0,53.0],"autoUv":false,"rotation":180},"east":{"texture":"#head","uv":[10.0,47.0,8.0,53.0],"autoUv":false,"rotation":180},"south":{"texture":"#head","uv":[10.0,47.0,12.0,53.0],"autoUv":false,"rotation":180},"west":{"texture":"#head","uv":[6.0,47.0,4.0,53.0],"autoUv":false,"rotation":180},"up":{"texture":"#head","uv":[8.0,53.0,6.0,55.0],"autoUv":false},"down":{"texture":"#head","uv":[6.0,47.0,8.0,45.0],"autoUv":false}},"children":[]},{"name":"EarShark.010","from":[1.1612637043,-1.446782469749,-0.203968029114],"to":[2.958486437798,0.71956384182,0.432962637039],"rotationOrigin":[2.059875011444,-0.363609313965,0.114497184753],"stepParentName":"b_EarR","rotationX":8.019117637516,"rotationY":18.915474661015,"rotationZ":128.14709396243,"group":"EarsDragon0R","faces":{"north":{"texture":"#head","uv":[10.0,45.0,9.0,51.0],"autoUv":false,"rotation":180},"east":{"texture":"#head","uv":[12.0,45.0,10.0,51.0],"autoUv":false,"rotation":180},"south":{"texture":"#head","uv":[13.0,45.0,12.0,51.0],"autoUv":false},"west":{"texture":"#head","uv":[9.0,45.0,7.0,51.0],"autoUv":false,"rotation":180},"up":{"texture":"#head","uv":[10.0,51.0,9.0,53.0],"autoUv":false},"down":{"texture":"#head","uv":[9.0,47.0,10.0,45.0],"autoUv":false}},"children":[]},{"name":"EarShark.011","from":[3.362145215273,-0.224879117531,-0.560713529587],"to":[4.264866054058,2.246408315224,-0.010158061981],"rotationOrigin":[3.813505649567,1.010765075684,-0.285435438156],"stepParentName":"b_EarR","rotationX":7.835828657365,"rotationY":17.814072506404,"rotationZ":123.432036793452,"group":"EarsDragon0R","faces":{"north":{"texture":"#head","uv":[10.0,45.0,9.0,51.0],"autoUv":false,"rotation":180},"east":{"texture":"#head","uv":[12.0,45.0,10.0,51.0],"autoUv":false,"rotation":180},"south":{"texture":"#head","uv":[13.0,45.0,12.0,51.0],"autoUv":false},"west":{"texture":"#head","uv":[9.0,45.0,7.0,51.0],"autoUv":false,"rotation":180},"up":{"texture":"#head","uv":[10.0,51.0,9.0,53.0],"autoUv":false},"down":{"texture":"#head","uv":[9.0,47.0,10.0,45.0],"autoUv":false}},"children":[]},{"name":"EarShark.012","from":[3.512683749199,-0.678140878677,-0.71628997149],"to":[4.029978632927,3.73119187355,0.143063996453],"rotationOrigin":[3.771331310272,1.526525497437,-0.286612987518],"stepParentName":"b_EarR","rotationX":6.052707883017,"rotationY":20.720557054866,"rotationZ":115.038950077179,"group":"EarsDragon0R","faces":{"north":{"texture":"#head","uv":[8.0,34.0,6.0,48.0],"autoUv":false,"rotation":180},"east":{"texture":"#head","uv":[10.0,34.0,8.0,48.0],"autoUv":false,"rotation":180},"south":{"texture":"#head","uv":[10.0,34.0,12.0,48.0],"autoUv":false,"rotation":180},"west":{"texture":"#head","uv":[6.0,34.0,4.0,48.0],"autoUv":false,"rotation":180},"up":{"texture":"#head","uv":[8.0,48.0,6.0,50.0],"autoUv":false},"down":{"texture":"#head","uv":[6.0,34.0,8.0,32.0],"autoUv":false}},"children":[]},{"name":"EarShark.013","from":[0.680950820446,-3.317549228668,-0.200810882664],"to":[1.234491169453,-1.027120113373,0.691988203144],"rotationOrigin":[0.957721054554,-2.172334671021,0.245588779449],"stepParentName":"b_EarR","rotationX":6.052710017451,"rotationY":20.720551932224,"rotationZ":106.661825512996,"group":"EarsDragon0R","faces":{"north":{"texture":"#head","uv":[8.0,47.0,6.0,53.0],"autoUv":false,"rotation":180},"east":{"texture":"#head","uv":[10.0,47.0,8.0,53.0],"autoUv":false,"rotation":180},"south":{"texture":"#head","uv":[10.0,47.0,12.0,53.0],"autoUv":false,"rotation":180},"west":{"texture":"#head","uv":[6.0,47.0,4.0,53.0],"autoUv":false,"rotation":180},"up":{"texture":"#head","uv":[8.0,53.0,6.0,55.0],"autoUv":false},"down":{"texture":"#head","uv":[6.0,47.0,8.0,45.0],"autoUv":false}},"children":[]},{"name":"EarShark.004","from":[2.093939725622,-0.879636436701,-4.522608863767],"to":[2.928983359498,-0.297742426395,1.440738573415],"rotationOrigin":[3.161682844162,-0.621664047241,-0.313549876213],"stepParentName":"b_EarL","rotationX":100.237875504248,"rotationY":-41.321613120012,"rotationZ":-64.968103687001,"group":"EarsDragon0L","faces":{"north":{"texture":"#head","uv":[8.0,33.0,9.0,34.0],"autoUv":false,"rotation":270},"east":{"texture":"#head","uv":[11.0,34.0,12.0,45.0],"autoUv":false,"rotation":90},"south":{"texture":"#head","uv":[8.0,45.0,9.0,46.0],"autoUv":false,"rotation":270},"west":{"texture":"#head","uv":[8.0,34.0,9.0,45.0],"autoUv":false,"rotation":270},"up":{"texture":"#head","uv":[6.0,34.0,8.0,45.0],"autoUv":false},"down":{"texture":"#head","uv":[11.0,45.0,9.0,34.0],"autoUv":false,"rotation":180}},"children":[]},{"name":"EarShark.002","from":[2.500518172979,-2.40630030632,-0.609240680933],"to":[3.008329927921,0.4594399333,0.256801128387],"rotationOrigin":[2.484808683395,0.836217880249,-0.873506069183],"stepParentName":"b_EarL","rotationX":-6.052707029243,"rotationY":-20.720551932224,"rotationZ":-77.314988838309,"group":"EarsDragon0L","faces":{"north":{"texture":"#head","uv":[12.0,47.0,10.0,53.0],"autoUv":false},"east":{"texture":"#head","uv":[4.0,47.0,6.0,53.0],"autoUv":false},"south":{"texture":"#head","uv":[6.0,47.0,8.0,53.0],"autoUv":false},"west":{"texture":"#head","uv":[8.0,47.0,10.0,53.0],"autoUv":false},"up":{"texture":"#head","uv":[6.0,45.0,8.0,47.0],"autoUv":false},"down":{"texture":"#head","uv":[8.0,55.0,6.0,53.0],"autoUv":false}},"children":[]},{"name":"EarShark","from":[-0.619893044233,-4.835418189293,-3.716409444809],"to":[0.063135504723,-2.673291071436,-0.88775036484],"rotationOrigin":[-0.074735432863,-2.541467666626,-0.7963078022],"stepParentName":"b_EarL","rotationX":134.959934451951,"rotationY":-64.109815285708,"rotationZ":-33.930119004008,"group":"EarsDragon0L","faces":{"north":{"texture":"#head","uv":[9.0,45.0,10.0,47.0],"autoUv":false,"rotation":270},"east":{"texture":"#head","uv":[12.0,45.0,13.0,51.0],"autoUv":false,"rotation":270},"south":{"texture":"#head","uv":[9.0,51.0,10.0,53.0],"autoUv":false,"rotation":270},"west":{"texture":"#head","uv":[9.0,45.0,10.0,51.0],"autoUv":false,"rotation":270},"up":{"texture":"#head","uv":[7.0,45.0,9.0,51.0],"autoUv":false},"down":{"texture":"#head","uv":[12.0,51.0,10.0,45.0],"autoUv":false,"rotation":180}},"children":[]},{"name":"EarShark.001","from":[1.428039193153,-3.50664639473,-2.938797473907],"to":[2.117406651378,-2.100530803204,-0.00112593919],"rotationOrigin":[1.942870974541,-1.831609725952,-0.10408115387],"stepParentName":"b_EarL","rotationX":107.260047631451,"rotationY":-48.395336099977,"rotationZ":-58.843746265817,"group":"EarsDragon0L","faces":{"north":{"texture":"#head","uv":[9.0,45.0,10.0,47.0],"autoUv":false,"rotation":270},"east":{"texture":"#head","uv":[12.0,45.0,13.0,51.0],"autoUv":false,"rotation":270},"south":{"texture":"#head","uv":[9.0,51.0,10.0,53.0],"autoUv":false,"rotation":270},"west":{"texture":"#head","uv":[9.0,45.0,10.0,51.0],"autoUv":false,"rotation":270},"up":{"texture":"#head","uv":[7.0,45.0,9.0,51.0],"autoUv":false},"down":{"texture":"#head","uv":[12.0,51.0,10.0,45.0],"autoUv":false,"rotation":180}},"children":[]},{"name":"EarShark.003","from":[1.496664822102,-2.967683672905,-4.609505384837],"to":[2.058031447232,-1.87824279815,-2.136933443972],"rotationOrigin":[1.942870974541,-1.831609725952,-0.10408115387],"stepParentName":"b_EarL","rotationX":104.392775199015,"rotationY":-44.351495281114,"rotationZ":-60.373893055008,"group":"EarsDragon0L","faces":{"north":{"texture":"#head","uv":[9.0,45.0,10.0,47.0],"autoUv":false,"rotation":270},"east":{"texture":"#head","uv":[12.0,45.0,13.0,51.0],"autoUv":false,"rotation":270},"south":{"texture":"#head","uv":[9.0,51.0,10.0,53.0],"autoUv":false,"rotation":270},"west":{"texture":"#head","uv":[9.0,45.0,10.0,51.0],"autoUv":false,"rotation":270},"up":{"texture":"#head","uv":[7.0,45.0,9.0,51.0],"autoUv":false},"down":{"texture":"#head","uv":[12.0,51.0,10.0,45.0],"autoUv":false,"rotation":180}},"children":[]},{"name":"EarShark.005","from":[2.518716797233,0.521474212408,-0.657976835966],"to":[3.036011695862,4.93080663681,0.201377391815],"rotationOrigin":[2.408103466034,1.000215530396,-0.92224240303],"stepParentName":"b_EarL","rotationX":-6.052705748582,"rotationY":-20.720550224676,"rotationZ":-64.961041271399,"group":"EarsDragon0L","faces":{"north":{"texture":"#head","uv":[12.0,34.0,10.0,48.0],"autoUv":false},"east":{"texture":"#head","uv":[4.0,34.0,6.0,48.0],"autoUv":false},"south":{"texture":"#head","uv":[6.0,34.0,8.0,48.0],"autoUv":false},"west":{"texture":"#head","uv":[8.0,34.0,10.0,48.0],"autoUv":false},"up":{"texture":"#head","uv":[6.0,32.0,8.0,34.0],"autoUv":false},"down":{"texture":"#head","uv":[8.0,50.0,6.0,48.0],"autoUv":false}},"children":[]},{"name":"EarShark.006","from":[2.860817812383,-4.517609119415,-0.082229942083],"to":[3.414358139038,-2.227180182934,0.810569167137],"rotationOrigin":[2.912973880768,-1.393129348755,-0.319738030434],"stepParentName":"b_EarL","rotationX":-6.052709590564,"rotationY":-20.720557054866,"rotationZ":-73.338193156339,"group":"EarsDragon0L","faces":{"north":{"texture":"#head","uv":[12.0,47.0,10.0,53.0],"autoUv":false},"east":{"texture":"#head","uv":[4.0,47.0,6.0,53.0],"autoUv":false},"south":{"texture":"#head","uv":[6.0,47.0,8.0,53.0],"autoUv":false},"west":{"texture":"#head","uv":[8.0,47.0,10.0,53.0],"autoUv":false},"up":{"texture":"#head","uv":[6.0,45.0,8.0,47.0],"autoUv":false},"down":{"texture":"#head","uv":[8.0,55.0,6.0,53.0],"autoUv":false}},"children":[]}],"groups":[]}