{"textureWidth":64,"textureHeight":64,"textures":{},"textureSizes":{"head":[64,64]},"elements":[{"name":"EarShark.076","from":[-0.030749616311,3.776385958738,0.482483699918],"to":[0.264475953864,5.705494229251,0.841904953122],"rotationOrigin":[0.116863191128,4.740940093994,0.662194609642],"stepParentName":"b_EarR","rotationX":2.752384595172,"rotationY":-2.082357551746,"rotationZ":-178.965518217645,"group":"EarsDragon0R.001","faces":{"north":{"texture":"#head","uv":[8.0,46.0,6.0,54.0],"autoUv":false,"rotation":180},"east":{"texture":"#head","uv":[10.0,46.0,8.0,54.0],"autoUv":false,"rotation":180},"south":{"texture":"#head","uv":[10.0,46.0,12.0,54.0],"autoUv":false,"rotation":180},"west":{"texture":"#head","uv":[6.0,46.0,4.0,54.0],"autoUv":false,"rotation":180},"up":{"texture":"#head","uv":[8.0,54.0,6.0,55.0],"autoUv":false},"down":{"texture":"#head","uv":[6.0,46.0,8.0,45.0],"autoUv":false}},"children":[]},{"name":"EarShark.077","from":[-0.258583664894,-0.177797317505,0.740939151062],"to":[0.029018163681,2.177743911743,1.101393226968],"rotationOrigin":[-0.114782750607,0.999973297119,0.921166181564],"stepParentName":"b_EarR","rotationX":-9.782517948183,"rotationY":-0.521611034826,"rotationZ":167.926361575395,"group":"EarsDragon0R.001","faces":{"north":{"texture":"#head","uv":[8.0,47.0,6.0,53.0],"autoUv":false,"rotation":180},"east":{"texture":"#head","uv":[10.0,47.0,8.0,53.0],"autoUv":false,"rotation":180},"south":{"texture":"#head","uv":[10.0,47.0,12.0,53.0],"autoUv":false,"rotation":180},"west":{"texture":"#head","uv":[6.0,47.0,4.0,53.0],"autoUv":false,"rotation":180},"up":{"texture":"#head","uv":[8.0,53.0,6.0,55.0],"autoUv":false},"down":{"texture":"#head","uv":[6.0,47.0,8.0,45.0],"autoUv":false}},"children":[]},{"name":"EarShark.078","from":[0.007546523071,1.957720756531,0.483792126179],"to":[0.302773004913,3.888538837433,0.843009755015],"rotationOrigin":[0.155159771442,2.9231300354,0.663400888443],"stepParentName":"b_EarR","rotationX":-4.215510793462,"rotationY":-1.655069988615,"rotationZ":-179.216896499858,"group":"EarsDragon0R.001","faces":{"north":{"texture":"#head","uv":[8.0,46.0,6.0,54.0],"autoUv":false,"rotation":180},"east":{"texture":"#head","uv":[10.0,46.0,8.0,54.0],"autoUv":false,"rotation":180},"south":{"texture":"#head","uv":[10.0,46.0,12.0,54.0],"autoUv":false,"rotation":180},"west":{"texture":"#head","uv":[6.0,46.0,4.0,54.0],"autoUv":false,"rotation":180},"up":{"texture":"#head","uv":[8.0,54.0,6.0,55.0],"autoUv":false},"down":{"texture":"#head","uv":[6.0,46.0,8.0,45.0],"autoUv":false}},"children":[]},{"name":"EarShark.079","from":[-0.048955738544,5.53326022625,0.322157363233],"to":[0.246269777417,6.529519349337,0.660071929159],"rotationOrigin":[0.098657011986,6.031391143799,0.491115093231],"stepParentName":"b_EarR","rotationX":-30.072045670191,"rotationY":-2.310598354702,"rotationZ":179.741072537521,"group":"EarsDragon0R.001","faces":{"north":{"texture":"#head","uv":[8.0,46.0,6.0,54.0],"autoUv":false,"rotation":180},"east":{"texture":"#head","uv":[10.0,46.0,8.0,54.0],"autoUv":false,"rotation":180},"south":{"texture":"#head","uv":[10.0,46.0,12.0,54.0],"autoUv":false,"rotation":180},"west":{"texture":"#head","uv":[6.0,46.0,4.0,54.0],"autoUv":false,"rotation":180},"up":{"texture":"#head","uv":[8.0,54.0,6.0,55.0],"autoUv":false},"down":{"texture":"#head","uv":[6.0,46.0,8.0,45.0],"autoUv":false}},"children":[]},{"name":"EarShark.080","from":[-0.251814261079,0.612764805224,-0.251624193898],"to":[-0.065166316926,0.851651691232,0.844665375462],"rotationOrigin":[-0.158490285277,0.732208251953,0.296520590782],"stepParentName":"b_EarR","rotationX":-7.231282637512,"rotationY":-4.513727951682,"rotationZ":166.344148254161,"group":"EarsDragon0R.001","faces":{"north":{"texture":"#head","uv":[27.0,34.0,21.0,36.0],"autoUv":false,"rotation":270},"east":{"texture":"#head","uv":[27.0,35.0,22.0,37.0],"autoUv":false,"rotation":270},"south":{"texture":"#head","uv":[21.0,38.0,27.0,39.0],"autoUv":false,"rotation":90},"west":{"texture":"#head","uv":[27.0,34.0,22.0,36.0],"autoUv":false,"rotation":90},"up":{"texture":"#head","uv":[21.0,34.0,20.0,36.0],"autoUv":false,"rotation":90},"down":{"texture":"#head","uv":[27.0,36.0,28.0,34.0],"autoUv":false,"rotation":90}},"children":[]},{"name":"EarShark.081","from":[0.118456391749,2.026488541664,-0.969723284245],"to":[0.310357631984,2.261503935753,0.658896923065],"rotationOrigin":[0.214407026768,2.143997192383,-0.155413150787],"stepParentName":"b_EarR","rotationX":-2.858793606355,"rotationY":-4.174305115973,"rotationZ":-179.306153411931,"group":"EarsDragon0R.001","faces":{"north":{"texture":"#head","uv":[27.0,34.0,21.0,36.0],"autoUv":false,"rotation":270},"east":{"texture":"#head","uv":[27.0,36.0,21.0,38.0],"autoUv":false,"rotation":270},"south":{"texture":"#head","uv":[21.0,38.0,27.0,39.0],"autoUv":false,"rotation":90},"west":{"texture":"#head","uv":[27.0,33.0,21.0,34.0],"autoUv":false,"rotation":270},"up":{"texture":"#head","uv":[21.0,34.0,20.0,36.0],"autoUv":false,"rotation":90},"down":{"texture":"#head","uv":[27.0,36.0,28.0,34.0],"autoUv":false,"rotation":90}},"children":[]},{"name":"EarShark.082","from":[0.096730515361,3.817631825805,-1.04885071516],"to":[0.288631238043,4.02718628943,0.579810321331],"rotationOrigin":[0.192680895329,3.922409057617,-0.234519958496],"stepParentName":"b_EarR","rotationX":2.77528066993,"rotationY":-3.314586857266,"rotationZ":-178.909715572126,"group":"EarsDragon0R.001","faces":{"north":{"texture":"#head","uv":[27.0,34.0,21.0,36.0],"autoUv":false,"rotation":270},"east":{"texture":"#head","uv":[27.0,36.0,21.0,38.0],"autoUv":false,"rotation":270},"south":{"texture":"#head","uv":[21.0,38.0,27.0,39.0],"autoUv":false,"rotation":90},"west":{"texture":"#head","uv":[27.0,33.0,21.0,34.0],"autoUv":false,"rotation":270},"up":{"texture":"#head","uv":[21.0,34.0,20.0,36.0],"autoUv":false,"rotation":90},"down":{"texture":"#head","uv":[27.0,36.0,28.0,34.0],"autoUv":false,"rotation":90}},"children":[]},{"name":"EarShark.083","from":[0.085598871112,4.171660098083,-0.982269737542],"to":[0.277499616146,4.381218281739,0.646391305745],"rotationOrigin":[0.18154925108,4.276439666748,-0.167939186096],"stepParentName":"b_EarR","rotationX":2.77526252724,"rotationY":-3.314534777073,"rotationZ":-178.909442364559,"group":"EarsDragon0R.001","faces":{"north":{"texture":"#head","uv":[27.0,34.0,21.0,36.0],"autoUv":false,"rotation":270},"east":{"texture":"#head","uv":[27.0,36.0,21.0,38.0],"autoUv":false,"rotation":270},"south":{"texture":"#head","uv":[21.0,38.0,27.0,39.0],"autoUv":false,"rotation":90},"west":{"texture":"#head","uv":[27.0,33.0,21.0,34.0],"autoUv":false,"rotation":270},"up":{"texture":"#head","uv":[21.0,34.0,20.0,36.0],"autoUv":false,"rotation":90},"down":{"texture":"#head","uv":[27.0,36.0,28.0,34.0],"autoUv":false,"rotation":90}},"children":[]},{"name":"EarShark.084","from":[0.077274009585,4.520201350398,-0.961543056787],"to":[0.26917475462,4.729759548955,0.667117986501],"rotationOrigin":[0.173224389553,4.624980926514,-0.147212505341],"stepParentName":"b_EarR","rotationX":2.775262100353,"rotationY":-3.314534136743,"rotationZ":-178.909442364559,"group":"EarsDragon0R.001","faces":{"north":{"texture":"#head","uv":[27.0,34.0,21.0,36.0],"autoUv":false,"rotation":270},"east":{"texture":"#head","uv":[27.0,36.0,21.0,38.0],"autoUv":false,"rotation":270},"south":{"texture":"#head","uv":[21.0,38.0,27.0,39.0],"autoUv":false,"rotation":90},"west":{"texture":"#head","uv":[27.0,33.0,21.0,34.0],"autoUv":false,"rotation":270},"up":{"texture":"#head","uv":[21.0,34.0,20.0,36.0],"autoUv":false,"rotation":90},"down":{"texture":"#head","uv":[27.0,36.0,28.0,34.0],"autoUv":false,"rotation":90}},"children":[]},{"name":"EarShark.085","from":[0.068023353815,4.907507545041,-0.938510894775],"to":[0.25992411375,5.11706578107,0.690150141716],"rotationOrigin":[0.163973748684,5.012287139893,-0.124180316925],"stepParentName":"b_EarR","rotationX":2.775275974175,"rotationY":-3.314549077782,"rotationZ":-178.90942870418,"group":"EarsDragon0R.001","faces":{"north":{"texture":"#head","uv":[27.0,34.0,21.0,36.0],"autoUv":false,"rotation":270},"east":{"texture":"#head","uv":[27.0,36.0,21.0,38.0],"autoUv":false,"rotation":270},"south":{"texture":"#head","uv":[21.0,38.0,27.0,39.0],"autoUv":false,"rotation":90},"west":{"texture":"#head","uv":[27.0,33.0,21.0,34.0],"autoUv":false,"rotation":270},"up":{"texture":"#head","uv":[21.0,34.0,20.0,36.0],"autoUv":false,"rotation":90},"down":{"texture":"#head","uv":[27.0,36.0,28.0,34.0],"autoUv":false,"rotation":90}},"children":[]},{"name":"EarShark.086","from":[0.059257142246,5.270527921617,-0.916685163975],"to":[0.251157850027,5.480082400143,0.711976110935],"rotationOrigin":[0.155207514763,5.375305175781,-0.102354764938],"stepParentName":"b_EarR","rotationX":2.775264875118,"rotationY":-3.314569568349,"rotationZ":-178.909715572126,"group":"EarsDragon0R.001","faces":{"north":{"texture":"#head","uv":[27.0,34.0,21.0,36.0],"autoUv":false,"rotation":270},"east":{"texture":"#head","uv":[27.0,36.0,21.0,38.0],"autoUv":false,"rotation":270},"south":{"texture":"#head","uv":[21.0,38.0,27.0,39.0],"autoUv":false,"rotation":90},"west":{"texture":"#head","uv":[27.0,33.0,21.0,34.0],"autoUv":false,"rotation":270},"up":{"texture":"#head","uv":[21.0,34.0,20.0,36.0],"autoUv":false,"rotation":90},"down":{"texture":"#head","uv":[27.0,36.0,28.0,34.0],"autoUv":false,"rotation":90}},"children":[]},{"name":"EarShark.087","from":[0.105948753655,3.477355383337,-1.087445557117],"to":[0.297849468887,3.686913110316,0.541195690632],"rotationOrigin":[0.201899111271,3.582134246826,-0.273124933243],"stepParentName":"b_EarR","rotationX":-2.81532521526,"rotationY":-3.40489049583,"rotationZ":-179.237045557909,"group":"EarsDragon0R.001","faces":{"north":{"texture":"#head","uv":[27.0,34.0,21.0,36.0],"autoUv":false,"rotation":270},"east":{"texture":"#head","uv":[27.0,36.0,21.0,38.0],"autoUv":false,"rotation":270},"south":{"texture":"#head","uv":[21.0,38.0,27.0,39.0],"autoUv":false,"rotation":90},"west":{"texture":"#head","uv":[27.0,33.0,21.0,34.0],"autoUv":false,"rotation":270},"up":{"texture":"#head","uv":[21.0,34.0,20.0,36.0],"autoUv":false,"rotation":90},"down":{"texture":"#head","uv":[27.0,36.0,28.0,34.0],"autoUv":false,"rotation":90}},"children":[]},{"name":"EarShark.088","from":[0.112919358668,2.391169763655,-0.992989182472],"to":[0.304820598903,2.626185201555,0.635631024837],"rotationOrigin":[0.208869993687,2.508678436279,-0.17867898941],"stepParentName":"b_EarR","rotationX":-2.858780586307,"rotationY":-4.174287186726,"rotationZ":-179.306153411931,"group":"EarsDragon0R.001","faces":{"north":{"texture":"#head","uv":[27.0,34.0,21.0,36.0],"autoUv":false,"rotation":270},"east":{"texture":"#head","uv":[27.0,36.0,21.0,38.0],"autoUv":false,"rotation":270},"south":{"texture":"#head","uv":[21.0,38.0,27.0,39.0],"autoUv":false,"rotation":90},"west":{"texture":"#head","uv":[27.0,33.0,21.0,34.0],"autoUv":false,"rotation":270},"up":{"texture":"#head","uv":[21.0,34.0,20.0,36.0],"autoUv":false,"rotation":90},"down":{"texture":"#head","uv":[27.0,36.0,28.0,34.0],"autoUv":false,"rotation":90}},"children":[]},{"name":"EarShark.089","from":[0.106962828097,2.783473230452,-1.018016934395],"to":[0.298864068332,3.018488668352,0.610603272915],"rotationOrigin":[0.202913463116,2.900981903076,-0.203706741333],"stepParentName":"b_EarR","rotationX":-2.858780586307,"rotationY":-4.174287186726,"rotationZ":-179.306153411931,"group":"EarsDragon0R.001","faces":{"north":{"texture":"#head","uv":[27.0,34.0,21.0,36.0],"autoUv":false,"rotation":270},"east":{"texture":"#head","uv":[27.0,36.0,21.0,38.0],"autoUv":false,"rotation":270},"south":{"texture":"#head","uv":[21.0,38.0,27.0,39.0],"autoUv":false,"rotation":90},"west":{"texture":"#head","uv":[27.0,33.0,21.0,34.0],"autoUv":false,"rotation":270},"up":{"texture":"#head","uv":[21.0,34.0,20.0,36.0],"autoUv":false,"rotation":90},"down":{"texture":"#head","uv":[27.0,36.0,28.0,34.0],"autoUv":false,"rotation":90}},"children":[]},{"name":"EarShark.090","from":[0.10173460668,3.127818323225,-1.03998529911],"to":[0.293635846916,3.362833761125,0.588634908199],"rotationOrigin":[0.197685241699,3.24532699585,-0.225675106049],"stepParentName":"b_EarR","rotationX":-2.858780586307,"rotationY":-4.174287186726,"rotationZ":-179.306153411931,"group":"EarsDragon0R.001","faces":{"north":{"texture":"#head","uv":[27.0,34.0,21.0,36.0],"autoUv":false,"rotation":270},"east":{"texture":"#head","uv":[27.0,36.0,21.0,38.0],"autoUv":false,"rotation":270},"south":{"texture":"#head","uv":[21.0,38.0,27.0,39.0],"autoUv":false,"rotation":90},"west":{"texture":"#head","uv":[27.0,33.0,21.0,34.0],"autoUv":false,"rotation":270},"up":{"texture":"#head","uv":[21.0,34.0,20.0,36.0],"autoUv":false,"rotation":90},"down":{"texture":"#head","uv":[27.0,36.0,28.0,34.0],"autoUv":false,"rotation":90}},"children":[]},{"name":"EarShark.091","from":[-0.025041043758,1.269709363252,-0.858682394028],"to":[0.161606661975,1.5087091479,0.696138501167],"rotationOrigin":[0.068282783031,1.389209747314,-0.081271648407],"stepParentName":"b_EarR","rotationX":-7.612662471519,"rotationY":-4.421260850698,"rotationZ":166.314587195434,"group":"EarsDragon0R.001","faces":{"north":{"texture":"#head","uv":[27.0,34.0,21.0,36.0],"autoUv":false,"rotation":270},"east":{"texture":"#head","uv":[27.0,35.0,22.0,37.0],"autoUv":false,"rotation":270},"south":{"texture":"#head","uv":[21.0,38.0,27.0,39.0],"autoUv":false,"rotation":90},"west":{"texture":"#head","uv":[27.0,34.0,22.0,36.0],"autoUv":false,"rotation":90},"up":{"texture":"#head","uv":[21.0,34.0,20.0,36.0],"autoUv":false,"rotation":90},"down":{"texture":"#head","uv":[27.0,36.0,28.0,34.0],"autoUv":false,"rotation":90}},"children":[]},{"name":"EarShark.092","from":[0.063812850018,1.650621875773,-0.960605404391],"to":[0.250460760693,1.888966516008,0.679154238715],"rotationOrigin":[0.157136917114,1.769794464111,-0.140725135803],"stepParentName":"b_EarR","rotationX":-5.014644207014,"rotationY":-5.046698711675,"rotationZ":166.529041474994,"group":"EarsDragon0R.001","faces":{"north":{"texture":"#head","uv":[27.0,34.0,21.0,36.0],"autoUv":false,"rotation":270},"east":{"texture":"#head","uv":[27.0,35.0,22.0,37.0],"autoUv":false,"rotation":270},"south":{"texture":"#head","uv":[21.0,38.0,27.0,39.0],"autoUv":false,"rotation":90},"west":{"texture":"#head","uv":[27.0,34.0,22.0,36.0],"autoUv":false,"rotation":90},"up":{"texture":"#head","uv":[21.0,34.0,20.0,36.0],"autoUv":false,"rotation":90},"down":{"texture":"#head","uv":[27.0,36.0,28.0,34.0],"autoUv":false,"rotation":90}},"children":[]},{"name":"EarShark.093","from":[0.050447221583,5.557067882393,-0.754574418068],"to":[0.242348026747,5.766775119927,0.644783616066],"rotationOrigin":[0.146397650242,5.661922454834,-0.054895401001],"stepParentName":"b_EarR","rotationX":0.391169229315,"rotationY":-3.356994007718,"rotationZ":-179.047890299035,"group":"EarsDragon0R.001","faces":{"north":{"texture":"#head","uv":[27.0,34.0,21.0,36.0],"autoUv":false,"rotation":270},"east":{"texture":"#head","uv":[27.0,36.0,21.0,38.0],"autoUv":false,"rotation":270},"south":{"texture":"#head","uv":[21.0,38.0,27.0,39.0],"autoUv":false,"rotation":90},"west":{"texture":"#head","uv":[27.0,33.0,21.0,34.0],"autoUv":false,"rotation":270},"up":{"texture":"#head","uv":[21.0,34.0,20.0,36.0],"autoUv":false,"rotation":90},"down":{"texture":"#head","uv":[27.0,36.0,28.0,34.0],"autoUv":false,"rotation":90}},"children":[]},{"name":"EarShark.094","from":[0.049603156745,5.928330041468,-0.635054179237],"to":[0.24150390178,6.141226172447,0.310238309906],"rotationOrigin":[0.145553529263,6.034778594971,-0.162407636642],"stepParentName":"b_EarR","rotationX":-6.924299785265,"rotationY":-3.450757777427,"rotationZ":-179.483109952948,"group":"EarsDragon0R.001","faces":{"north":{"texture":"#head","uv":[27.0,34.0,21.0,36.0],"autoUv":false,"rotation":270},"east":{"texture":"#head","uv":[27.0,36.0,21.0,38.0],"autoUv":false,"rotation":270},"south":{"texture":"#head","uv":[21.0,38.0,27.0,39.0],"autoUv":false,"rotation":90},"west":{"texture":"#head","uv":[27.0,33.0,21.0,34.0],"autoUv":false,"rotation":270},"up":{"texture":"#head","uv":[21.0,34.0,20.0,36.0],"autoUv":false,"rotation":90},"down":{"texture":"#head","uv":[27.0,36.0,28.0,34.0],"autoUv":false,"rotation":90}},"children":[]},{"name":"EarShark.095","from":[-0.139359580378,0.939491473138,-0.581147313118],"to":[0.047288322847,1.178378395736,0.801582872868],"rotationOrigin":[-0.046035468578,1.058935165405,0.110217809677],"stepParentName":"b_EarR","rotationX":-7.231313373363,"rotationY":-4.51371343753,"rotationZ":166.344312178701,"group":"EarsDragon0R.001","faces":{"north":{"texture":"#head","uv":[27.0,34.0,21.0,36.0],"autoUv":false,"rotation":270},"east":{"texture":"#head","uv":[27.0,35.0,22.0,37.0],"autoUv":false,"rotation":270},"south":{"texture":"#head","uv":[21.0,38.0,27.0,39.0],"autoUv":false,"rotation":90},"west":{"texture":"#head","uv":[27.0,34.0,22.0,36.0],"autoUv":false,"rotation":90},"up":{"texture":"#head","uv":[21.0,34.0,20.0,36.0],"autoUv":false,"rotation":90},"down":{"texture":"#head","uv":[27.0,36.0,28.0,34.0],"autoUv":false,"rotation":90}},"children":[]},{"name":"EarShark.022","from":[-0.295009806752,0.856172412634,-2.098936606778],"to":[0.06544418633,1.143774181604,0.25660424365],"rotationOrigin":[-0.114782750607,0.999973297119,-0.921166181564],"stepParentName":"b_EarL","rotationX":99.670997123893,"rotationY":-12.073038108046,"rotationZ":-90.533194391846,"group":"EarsDragon0L.001","faces":{"north":{"texture":"#head","uv":[6.0,45.0,8.0,47.0],"autoUv":false,"rotation":270},"east":{"texture":"#head","uv":[12.0,47.0,10.0,53.0],"autoUv":false,"rotation":90},"south":{"texture":"#head","uv":[6.0,53.0,8.0,55.0],"autoUv":false,"rotation":270},"west":{"texture":"#head","uv":[6.0,47.0,8.0,53.0],"autoUv":false,"rotation":270},"up":{"texture":"#head","uv":[4.0,47.0,6.0,53.0],"autoUv":false},"down":{"texture":"#head","uv":[10.0,53.0,8.0,47.0],"autoUv":false,"rotation":180}},"children":[]},{"name":"EarShark.026","from":[-0.024449065328,2.775516787029,-1.628810286522],"to":[0.33476857841,3.070743268871,0.30200779438],"rotationOrigin":[0.155159771442,2.9231300354,-0.663401007652],"stepParentName":"b_EarL","rotationX":94.238073412769,"rotationY":0.78285018921,"rotationZ":-91.65538764229,"group":"EarsDragon0L.001","faces":{"north":{"texture":"#head","uv":[6.0,45.0,8.0,46.0],"autoUv":false,"rotation":270},"east":{"texture":"#head","uv":[12.0,46.0,10.0,54.0],"autoUv":false,"rotation":90},"south":{"texture":"#head","uv":[6.0,54.0,8.0,55.0],"autoUv":false,"rotation":270},"west":{"texture":"#head","uv":[6.0,46.0,8.0,54.0],"autoUv":false,"rotation":270},"up":{"texture":"#head","uv":[4.0,46.0,6.0,54.0],"autoUv":false},"down":{"texture":"#head","uv":[10.0,54.0,8.0,46.0],"autoUv":false,"rotation":180}},"children":[]},{"name":"EarShark.014","from":[-0.062847495079,4.593327254057,-1.626748742786],"to":[0.296573728323,4.888552904129,0.30235976192],"rotationOrigin":[0.116863191128,4.740940093994,-0.662194490433],"stepParentName":"b_EarL","rotationX":87.285050120722,"rotationY":1.033807080768,"rotationZ":-92.08002050299,"group":"EarsDragon0L.001","faces":{"north":{"texture":"#head","uv":[6.0,45.0,8.0,46.0],"autoUv":false,"rotation":270},"east":{"texture":"#head","uv":[12.0,46.0,10.0,54.0],"autoUv":false,"rotation":90},"south":{"texture":"#head","uv":[6.0,54.0,8.0,55.0],"autoUv":false,"rotation":270},"west":{"texture":"#head","uv":[6.0,46.0,8.0,54.0],"autoUv":false,"rotation":270},"up":{"texture":"#head","uv":[4.0,46.0,6.0,54.0],"autoUv":false},"down":{"texture":"#head","uv":[10.0,54.0,8.0,46.0],"autoUv":false,"rotation":180}},"children":[]},{"name":"EarShark.015","from":[-0.070300464692,5.883778393269,-0.989245653152],"to":[0.267614116135,6.179003864527,0.007013469934],"rotationOrigin":[0.098657011986,6.031391143799,-0.491114854813],"stepParentName":"b_EarL","rotationX":120.061625305996,"rotationY":-0.258886154215,"rotationZ":-92.310102255371,"group":"EarsDragon0L.001","faces":{"north":{"texture":"#head","uv":[6.0,45.0,8.0,46.0],"autoUv":false,"rotation":270},"east":{"texture":"#head","uv":[12.0,46.0,10.0,54.0],"autoUv":false,"rotation":90},"south":{"texture":"#head","uv":[6.0,54.0,8.0,55.0],"autoUv":false,"rotation":270},"west":{"texture":"#head","uv":[6.0,46.0,8.0,54.0],"autoUv":false,"rotation":270},"up":{"texture":"#head","uv":[4.0,46.0,6.0,54.0],"autoUv":false},"down":{"texture":"#head","uv":[10.0,54.0,8.0,46.0],"autoUv":false,"rotation":180}},"children":[]},{"name":"EarShark.016","from":[-0.706635189167,0.638884268701,-0.415964052081],"to":[0.389654618612,0.825532220304,-0.177077136934],"rotationOrigin":[-0.158490285277,0.732208251953,-0.296520590782],"stepParentName":"b_EarL","rotationX":96.135882454792,"rotationY":-13.612731794149,"rotationZ":-94.644189630628,"group":"EarsDragon0L.001","faces":{"north":{"texture":"#head","uv":[27.0,34.0,28.0,36.0],"autoUv":false,"rotation":180},"east":{"texture":"#head","uv":[27.0,38.0,21.0,39.0],"autoUv":false,"rotation":180},"south":{"texture":"#head","uv":[20.0,34.0,21.0,36.0],"autoUv":false,"rotation":180},"west":{"texture":"#head","uv":[21.0,34.0,27.0,36.0],"autoUv":false,"rotation":180},"up":{"texture":"#head","uv":[22.0,34.0,27.0,36.0],"autoUv":false,"rotation":90},"down":{"texture":"#head","uv":[27.0,37.0,22.0,35.0],"autoUv":false,"rotation":90}},"children":[]},{"name":"EarShark.017","from":[-0.599903106689,2.048046544194,0.037904500068],"to":[1.028717041016,2.23994781822,0.272919894158],"rotationOrigin":[0.214407026768,2.143997192383,0.155413150787],"stepParentName":"b_EarL","rotationX":92.909287430499,"rotationY":0.692031244889,"rotationZ":-94.175638653565,"group":"EarsDragon0L.001","faces":{"north":{"texture":"#head","uv":[27.0,34.0,28.0,36.0],"autoUv":false,"rotation":180},"east":{"texture":"#head","uv":[27.0,38.0,21.0,39.0],"autoUv":false,"rotation":180},"south":{"texture":"#head","uv":[20.0,34.0,21.0,36.0],"autoUv":false,"rotation":180},"west":{"texture":"#head","uv":[21.0,34.0,27.0,36.0],"autoUv":false,"rotation":180},"up":{"texture":"#head","uv":[21.0,33.0,27.0,34.0],"autoUv":false,"rotation":270},"down":{"texture":"#head","uv":[27.0,38.0,21.0,36.0],"autoUv":false,"rotation":90}},"children":[]},{"name":"EarShark.018","from":[-0.621649622917,3.826458707452,0.129742726684],"to":[1.007011413574,4.018359407783,0.339297190309],"rotationOrigin":[0.192680895329,3.922409057617,0.234519958496],"stepParentName":"b_EarL","rotationX":87.287768536012,"rotationY":1.088485306395,"rotationZ":-93.306831760951,"group":"EarsDragon0L.001","faces":{"north":{"texture":"#head","uv":[27.0,34.0,28.0,36.0],"autoUv":false,"rotation":180},"east":{"texture":"#head","uv":[27.0,38.0,21.0,39.0],"autoUv":false,"rotation":180},"south":{"texture":"#head","uv":[20.0,34.0,21.0,36.0],"autoUv":false,"rotation":180},"west":{"texture":"#head","uv":[21.0,34.0,27.0,36.0],"autoUv":false,"rotation":180},"up":{"texture":"#head","uv":[21.0,33.0,27.0,34.0],"autoUv":false,"rotation":270},"down":{"texture":"#head","uv":[27.0,38.0,21.0,36.0],"autoUv":false,"rotation":90}},"children":[]},{"name":"EarShark.019","from":[-0.63278144598,4.180489294231,0.06315960253],"to":[0.995879769325,4.372390024364,0.272717815988],"rotationOrigin":[0.18154925108,4.276439666748,0.167939186096],"stepParentName":"b_EarL","rotationX":87.287816347336,"rotationY":1.088729378936,"rotationZ":-93.314946025685,"group":"EarsDragon0L.001","faces":{"north":{"texture":"#head","uv":[27.0,34.0,28.0,36.0],"autoUv":false,"rotation":180},"east":{"texture":"#head","uv":[27.0,38.0,21.0,39.0],"autoUv":false,"rotation":180},"south":{"texture":"#head","uv":[20.0,34.0,21.0,36.0],"autoUv":false,"rotation":180},"west":{"texture":"#head","uv":[21.0,34.0,27.0,36.0],"autoUv":false,"rotation":180},"up":{"texture":"#head","uv":[21.0,33.0,27.0,34.0],"autoUv":false,"rotation":270},"down":{"texture":"#head","uv":[27.0,38.0,21.0,36.0],"autoUv":false,"rotation":90}},"children":[]},{"name":"EarShark.020","from":[-0.641106307507,4.529030553997,0.042432921774],"to":[0.987554907799,4.72093128413,0.251991135233],"rotationOrigin":[0.173224389553,4.624980926514,0.147212505341],"stepParentName":"b_EarL","rotationX":87.287816347336,"rotationY":1.088729378936,"rotationZ":-93.314946025685,"group":"EarsDragon0L.001","faces":{"north":{"texture":"#head","uv":[27.0,34.0,28.0,36.0],"autoUv":false,"rotation":180},"east":{"texture":"#head","uv":[27.0,38.0,21.0,39.0],"autoUv":false,"rotation":180},"south":{"texture":"#head","uv":[20.0,34.0,21.0,36.0],"autoUv":false,"rotation":180},"west":{"texture":"#head","uv":[21.0,34.0,27.0,36.0],"autoUv":false,"rotation":180},"up":{"texture":"#head","uv":[21.0,33.0,27.0,34.0],"autoUv":false,"rotation":270},"down":{"texture":"#head","uv":[27.0,38.0,21.0,36.0],"autoUv":false,"rotation":90}},"children":[]},{"name":"EarShark.021","from":[-0.650356709957,4.916336749011,0.019400734564],"to":[0.97830426693,5.10823748607,0.228958945612],"rotationOrigin":[0.163973748684,5.012287139893,0.124180316925],"stepParentName":"b_EarL","rotationX":87.287823177525,"rotationY":1.088685516315,"rotationZ":-93.315471950251,"group":"EarsDragon0L.001","faces":{"north":{"texture":"#head","uv":[27.0,34.0,28.0,36.0],"autoUv":false,"rotation":180},"east":{"texture":"#head","uv":[27.0,38.0,21.0,39.0],"autoUv":false,"rotation":180},"south":{"texture":"#head","uv":[20.0,34.0,21.0,36.0],"autoUv":false,"rotation":180},"west":{"texture":"#head","uv":[21.0,34.0,27.0,36.0],"autoUv":false,"rotation":180},"up":{"texture":"#head","uv":[21.0,33.0,27.0,34.0],"autoUv":false,"rotation":270},"down":{"texture":"#head","uv":[27.0,38.0,21.0,36.0],"autoUv":false,"rotation":90}},"children":[]},{"name":"EarShark.023","from":[-0.65912301455,5.279354818165,-0.002422712743],"to":[0.969537924866,5.471255533397,0.207131765783],"rotationOrigin":[0.155207514763,5.375305175781,0.10235452652],"stepParentName":"b_EarL","rotationX":87.287768536012,"rotationY":1.088484345899,"rotationZ":-93.306790779816,"group":"EarsDragon0L.001","faces":{"north":{"texture":"#head","uv":[27.0,34.0,28.0,36.0],"autoUv":false,"rotation":180},"east":{"texture":"#head","uv":[27.0,38.0,21.0,39.0],"autoUv":false,"rotation":180},"south":{"texture":"#head","uv":[20.0,34.0,21.0,36.0],"autoUv":false,"rotation":180},"west":{"texture":"#head","uv":[21.0,34.0,27.0,36.0],"autoUv":false,"rotation":180},"up":{"texture":"#head","uv":[21.0,33.0,27.0,34.0],"autoUv":false,"rotation":270},"down":{"texture":"#head","uv":[27.0,38.0,21.0,36.0],"autoUv":false,"rotation":90}},"children":[]},{"name":"EarShark.024","from":[-0.612421285253,3.48618388921,0.168346077204],"to":[1.016219507794,3.678084604442,0.377903796732],"rotationOrigin":[0.201899111271,3.582134246826,0.273124933243],"stepParentName":"b_EarL","rotationX":92.860581351528,"rotationY":0.76165765968,"rotationZ":-93.402727616898,"group":"EarsDragon0L.001","faces":{"north":{"texture":"#head","uv":[27.0,34.0,28.0,36.0],"autoUv":false,"rotation":180},"east":{"texture":"#head","uv":[27.0,38.0,21.0,39.0],"autoUv":false,"rotation":180},"south":{"texture":"#head","uv":[20.0,34.0,21.0,36.0],"autoUv":false,"rotation":180},"west":{"texture":"#head","uv":[21.0,34.0,27.0,36.0],"autoUv":false,"rotation":180},"up":{"texture":"#head","uv":[21.0,33.0,27.0,34.0],"autoUv":false,"rotation":270},"down":{"texture":"#head","uv":[27.0,38.0,21.0,36.0],"autoUv":false,"rotation":90}},"children":[]},{"name":"EarShark.025","from":[-0.605440139771,2.412727788091,0.061170338691],"to":[1.023180007935,2.604629062116,0.296185732781],"rotationOrigin":[0.208869993687,2.508678436279,0.17867898941],"stepParentName":"b_EarL","rotationX":92.909287430499,"rotationY":0.692031244889,"rotationZ":-94.175638653565,"group":"EarsDragon0L.001","faces":{"north":{"texture":"#head","uv":[27.0,34.0,28.0,36.0],"autoUv":false,"rotation":180},"east":{"texture":"#head","uv":[27.0,38.0,21.0,39.0],"autoUv":false,"rotation":180},"south":{"texture":"#head","uv":[20.0,34.0,21.0,36.0],"autoUv":false,"rotation":180},"west":{"texture":"#head","uv":[21.0,34.0,27.0,36.0],"autoUv":false,"rotation":180},"up":{"texture":"#head","uv":[21.0,33.0,27.0,34.0],"autoUv":false,"rotation":270},"down":{"texture":"#head","uv":[27.0,38.0,21.0,36.0],"autoUv":false,"rotation":90}},"children":[]},{"name":"EarShark.027","from":[-0.611396670341,2.805031254888,0.086198090614],"to":[1.017223477364,2.996932528913,0.321213484704],"rotationOrigin":[0.202913463116,2.900981903076,0.203706741333],"stepParentName":"b_EarL","rotationX":92.909287430499,"rotationY":0.692031244889,"rotationZ":-94.175638653565,"group":"EarsDragon0L.001","faces":{"north":{"texture":"#head","uv":[27.0,34.0,28.0,36.0],"autoUv":false,"rotation":180},"east":{"texture":"#head","uv":[27.0,38.0,21.0,39.0],"autoUv":false,"rotation":180},"south":{"texture":"#head","uv":[20.0,34.0,21.0,36.0],"autoUv":false,"rotation":180},"west":{"texture":"#head","uv":[21.0,34.0,27.0,36.0],"autoUv":false,"rotation":180},"up":{"texture":"#head","uv":[21.0,33.0,27.0,34.0],"autoUv":false,"rotation":270},"down":{"texture":"#head","uv":[27.0,38.0,21.0,36.0],"autoUv":false,"rotation":90}},"children":[]},{"name":"EarShark.028","from":[-0.616624891758,3.149376347661,0.108166455329],"to":[1.011995255947,3.341277621686,0.343181849419],"rotationOrigin":[0.197685241699,3.24532699585,0.225675106049],"stepParentName":"b_EarL","rotationX":92.909287430499,"rotationY":0.692031244889,"rotationZ":-94.175638653565,"group":"EarsDragon0L.001","faces":{"north":{"texture":"#head","uv":[27.0,34.0,28.0,36.0],"autoUv":false,"rotation":180},"east":{"texture":"#head","uv":[27.0,38.0,21.0,39.0],"autoUv":false,"rotation":180},"south":{"texture":"#head","uv":[20.0,34.0,21.0,36.0],"autoUv":false,"rotation":180},"west":{"texture":"#head","uv":[21.0,34.0,27.0,36.0],"autoUv":false,"rotation":180},"up":{"texture":"#head","uv":[21.0,33.0,27.0,34.0],"autoUv":false,"rotation":270},"down":{"texture":"#head","uv":[27.0,38.0,21.0,36.0],"autoUv":false,"rotation":90}},"children":[]},{"name":"EarShark.029","from":[-0.709127545357,1.295885853469,-0.038228511155],"to":[0.84569311142,1.482533603907,0.200771353483],"rotationOrigin":[0.068282783031,1.389209747314,0.081271886826],"stepParentName":"b_EarL","rotationX":96.537231200611,"rotationY":-13.643958565261,"rotationZ":-94.550103774811,"group":"EarsDragon0L.001","faces":{"north":{"texture":"#head","uv":[27.0,34.0,28.0,36.0],"autoUv":false,"rotation":180},"east":{"texture":"#head","uv":[27.0,38.0,21.0,39.0],"autoUv":false,"rotation":180},"south":{"texture":"#head","uv":[20.0,34.0,21.0,36.0],"autoUv":false,"rotation":180},"west":{"texture":"#head","uv":[21.0,34.0,27.0,36.0],"autoUv":false,"rotation":180},"up":{"texture":"#head","uv":[22.0,34.0,27.0,36.0],"autoUv":false,"rotation":90},"down":{"texture":"#head","uv":[27.0,37.0,22.0,35.0],"autoUv":false,"rotation":90}},"children":[]},{"name":"EarShark.030","from":[-0.662742934241,1.676470465958,0.021553061903],"to":[0.977016708865,1.863118372858,0.259897693992],"rotationOrigin":[0.157136917114,1.769794464111,0.14072561264],"stepParentName":"b_EarL","rotationX":93.807470966734,"rotationY":-13.417724770703,"rotationZ":-95.188583028235,"group":"EarsDragon0L.001","faces":{"north":{"texture":"#head","uv":[27.0,34.0,28.0,36.0],"autoUv":false,"rotation":180},"east":{"texture":"#head","uv":[27.0,38.0,21.0,39.0],"autoUv":false,"rotation":180},"south":{"texture":"#head","uv":[20.0,34.0,21.0,36.0],"autoUv":false,"rotation":180},"west":{"texture":"#head","uv":[21.0,34.0,27.0,36.0],"autoUv":false,"rotation":180},"up":{"texture":"#head","uv":[22.0,34.0,27.0,36.0],"autoUv":false,"rotation":90},"down":{"texture":"#head","uv":[27.0,37.0,22.0,35.0],"autoUv":false,"rotation":90}},"children":[]},{"name":"EarShark.031","from":[-0.553281182108,5.565972074866,-0.04995919019],"to":[0.846076363383,5.75787281245,0.159748084843],"rotationOrigin":[0.146397650242,5.661922454834,0.054895401001],"stepParentName":"b_EarL","rotationX":89.664571914339,"rotationY":0.950527864878,"rotationZ":-93.371663916552,"group":"EarsDragon0L.001","faces":{"north":{"texture":"#head","uv":[27.0,34.0,28.0,36.0],"autoUv":false,"rotation":180},"east":{"texture":"#head","uv":[27.0,38.0,21.0,39.0],"autoUv":false,"rotation":180},"south":{"texture":"#head","uv":[20.0,34.0,21.0,36.0],"autoUv":false,"rotation":180},"west":{"texture":"#head","uv":[21.0,34.0,27.0,36.0],"autoUv":false,"rotation":180},"up":{"texture":"#head","uv":[21.0,33.0,27.0,34.0],"autoUv":false,"rotation":270},"down":{"texture":"#head","uv":[27.0,38.0,21.0,36.0],"autoUv":false,"rotation":90}},"children":[]},{"name":"EarShark.032","from":[-0.327092685507,5.938828220722,0.055959349149],"to":[0.618199446009,6.130728924516,0.268855454749],"rotationOrigin":[0.145553529263,6.034778594971,0.162407875061],"stepParentName":"b_EarL","rotationX":96.955423192923,"rotationY":0.516009639376,"rotationZ":-93.451440526058,"group":"EarsDragon0L.001","faces":{"north":{"texture":"#head","uv":[27.0,34.0,28.0,36.0],"autoUv":false,"rotation":180},"east":{"texture":"#head","uv":[27.0,38.0,21.0,39.0],"autoUv":false,"rotation":180},"south":{"texture":"#head","uv":[20.0,34.0,21.0,36.0],"autoUv":false,"rotation":180},"west":{"texture":"#head","uv":[21.0,34.0,27.0,36.0],"autoUv":false,"rotation":180},"up":{"texture":"#head","uv":[21.0,33.0,27.0,34.0],"autoUv":false,"rotation":270},"down":{"texture":"#head","uv":[27.0,38.0,21.0,36.0],"autoUv":false,"rotation":90}},"children":[]},{"name":"EarShark.033","from":[-0.737400550165,0.965611157913,-0.229661501944],"to":[0.645329613008,1.152259068589,0.009225420654],"rotationOrigin":[-0.046035468578,1.058935165405,-0.110217809677],"stepParentName":"b_EarL","rotationX":96.135916605737,"rotationY":-13.612605435649,"rotationZ":-94.644715555194,"group":"EarsDragon0L.001","faces":{"north":{"texture":"#head","uv":[27.0,34.0,28.0,36.0],"autoUv":false,"rotation":180},"east":{"texture":"#head","uv":[27.0,38.0,21.0,39.0],"autoUv":false,"rotation":180},"south":{"texture":"#head","uv":[20.0,34.0,21.0,36.0],"autoUv":false,"rotation":180},"west":{"texture":"#head","uv":[21.0,34.0,27.0,36.0],"autoUv":false,"rotation":180},"up":{"texture":"#head","uv":[22.0,34.0,27.0,36.0],"autoUv":false,"rotation":90},"down":{"texture":"#head","uv":[27.0,37.0,22.0,35.0],"autoUv":false,"rotation":90}},"children":[]}],"groups":[]}