{"textureWidth":64,"textureHeight":64,"textures":{},"textureSizes":{"head":[64,64]},"elements":[{"name":"EarShark.106","from":[4.603020835995,-3.545751667971,3.700013642647],"to":[5.184915199047,-1.462537514111,5.789370173629],"rotationOrigin":[-0.078993350267,-2.353708267212,4.742834091187],"stepParentName":"b_EarR","rotationX":-90.114496965535,"rotationY":-79.231587730739,"rotationZ":91.620205337875,"group":"EarsDragon0R.004","faces":{"north":{"texture":"#head","uv":[57.0,22.0,56.0,26.0],"autoUv":false,"rotation":180},"east":{"texture":"#head","uv":[61.0,22.0,56.0,26.0],"autoUv":false,"rotation":180},"south":{"texture":"#head","uv":[60.0,22.0,59.0,26.0],"autoUv":false,"rotation":180},"west":{"texture":"#head","uv":[58.0,22.0,53.0,26.0],"autoUv":false,"rotation":180},"up":{"texture":"#head","uv":[57.0,23.0,56.0,25.0],"autoUv":false},"down":{"texture":"#head","uv":[51.0,25.0,52.0,22.0],"autoUv":false}},"children":[]},{"name":"EarShark.108","from":[5.476029056961,-1.554138021723,4.451500290546],"to":[6.057922873809,3.563492870218,5.25248894677],"rotationOrigin":[0.579669058323,1.161598205566,4.850056171417],"stepParentName":"b_EarR","rotationX":-90.114503795724,"rotationY":-79.231587730739,"rotationZ":91.620212168064,"group":"EarsDragon0R.004","faces":{"north":{"texture":"#head","uv":[9.0,34.0,8.0,43.439990997314],"autoUv":false,"rotation":180},"east":{"texture":"#head","uv":[11.000000953674,34.0,9.0,43.439990997314],"autoUv":false,"rotation":180},"south":{"texture":"#head","uv":[12.0,34.0,11.0,43.439990997314],"autoUv":false,"rotation":180},"west":{"texture":"#head","uv":[8.0,34.0,6.0,43.439990997314],"autoUv":false,"rotation":180},"up":{"texture":"#head","uv":[9.0,45.0,8.0,46.0],"autoUv":false},"down":{"texture":"#head","uv":[8.0,34.0,9.0,33.0],"autoUv":false}},"children":[]},{"name":"EarShark.107","from":[0.179174768984,0.870651249998,-2.219190445017],"to":[0.980163437069,1.452545131332,2.898440208506],"rotationOrigin":[0.579669058323,1.161598205566,0.339624881744],"stepParentName":"b_EarL","rotationX":-88.236249585295,"rotationY":-169.235941065718,"rotationZ":0.308149187088,"group":"EarsDragon0L.004","faces":{"north":{"texture":"#head","uv":[8.0,33.0,9.0,34.0],"autoUv":false,"rotation":270},"east":{"texture":"#head","uv":[11.0,34.0,12.0,43.439990997314],"autoUv":false,"rotation":90},"south":{"texture":"#head","uv":[8.0,45.0,9.0,46.0],"autoUv":false,"rotation":270},"west":{"texture":"#head","uv":[8.0,34.0,9.0,43.439990997314],"autoUv":false,"rotation":270},"up":{"texture":"#head","uv":[6.0,34.0,8.0,43.439990997314],"autoUv":false},"down":{"texture":"#head","uv":[11.000000953674,43.439990997314,9.0,34.0],"autoUv":false,"rotation":180}},"children":[]},{"name":"EarShark.100","from":[-1.123671794572,-2.64465522278,-0.809204754734],"to":[0.965684974828,-2.062761341446,1.274009642505],"rotationOrigin":[-0.078993350267,-2.353708267212,0.232402563095],"stepParentName":"b_EarL","rotationX":-88.236249585295,"rotationY":-169.235941065718,"rotationZ":0.308149187088,"group":"EarsDragon0L.004","faces":{"north":{"texture":"#head","uv":[51.0,22.0,52.0,25.0],"autoUv":false,"rotation":270},"east":{"texture":"#head","uv":[59.0,22.0,60.0,26.0],"autoUv":false,"rotation":90},"south":{"texture":"#head","uv":[56.0,23.0,57.0,25.0],"autoUv":false,"rotation":270},"west":{"texture":"#head","uv":[56.0,22.0,57.0,26.0],"autoUv":false,"rotation":270},"up":{"texture":"#head","uv":[53.0,22.0,58.0,26.0],"autoUv":false},"down":{"texture":"#head","uv":[61.0,26.0,56.0,22.0],"autoUv":false,"rotation":180}},"children":[]}],"groups":[]}