{"textureWidth":64,"textureHeight":64,"textures":{},"textureSizes":{"head":[64,64]},"elements":[{"name":"Back.003","from":[-0.614914671159,-1.007007010844,-0.317335636153],"to":[0.639219389388,1.666045554545,0.283444101278],"rotationOrigin":[0.012152493,0.329519271851,-0.046850681305],"stepParentName":"b_EarR","rotationX":-146.911618027693,"rotationY":84.159118424418,"rotationZ":-31.987442449327,"group":"EarsWolf0R.003","faces":{"north":{"texture":"#head","uv":[9.0,38.0,6.0,48.0],"autoUv":false,"rotation":180},"east":{"texture":"#head","uv":[6.0,36.0,4.0,48.0],"autoUv":false,"rotation":180},"south":{"texture":"#head","uv":[6.0,36.0,9.0,48.0],"autoUv":false,"rotation":180},"west":{"texture":"#head","uv":[11.0,36.0,9.0,48.0],"autoUv":false,"rotation":180},"up":{"texture":"#head","uv":[9.0,48.0,6.0,50.0],"autoUv":false},"down":{"texture":"#head","uv":[6.0,36.0,9.0,34.0],"autoUv":false}},"children":[]},{"name":"Back.004","from":[-0.588328764323,1.391980981362,-0.395996246891],"to":[0.236672959612,2.719335770872,0.1093835949],"rotationOrigin":[-0.17582783103,2.055658340454,-0.175023794174],"stepParentName":"b_EarR","rotationX":45.141150526532,"rotationY":93.127593936751,"rotationZ":103.656986240486,"group":"EarsWolf0R.003","faces":{"north":{"texture":"#head","uv":[9.0,38.0,6.0,48.0],"autoUv":false,"rotation":180},"east":{"texture":"#head","uv":[6.0,35.0,4.0,36.0],"autoUv":false,"rotation":180},"south":{"texture":"#head","uv":[6.0,35.0,9.0,36.0],"autoUv":false,"rotation":180},"west":{"texture":"#head","uv":[11.0,35.0,9.0,36.0],"autoUv":false,"rotation":180},"up":{"texture":"#head","uv":[9.0,36.0,6.0,38.0],"autoUv":false},"down":{"texture":"#head","uv":[6.0,35.0,9.0,33.0],"autoUv":false}},"children":[]},{"name":"Back.005","from":[-1.224331549233,-0.324272785129,0.225755428786],"to":[1.296253067622,1.278560960775,0.869006537829],"rotationOrigin":[0.035960912704,0.477144241333,0.510557889938],"stepParentName":"b_EarR","rotationX":-118.925054507349,"rotationY":84.956338104341,"rotationZ":-3.868789473738,"group":"EarsWolf0R.003","faces":{"north":{"texture":"#head","uv":[9.0,38.0,6.0,48.0],"autoUv":false,"rotation":90},"east":{"texture":"#head","uv":[9.0,47.0,6.0,49.0],"autoUv":false,"rotation":90},"south":{"texture":"#head","uv":[9.0,35.0,6.0,47.0],"autoUv":false,"rotation":270},"west":{"texture":"#head","uv":[9.0,33.0,6.0,35.0],"autoUv":false,"rotation":90},"up":{"texture":"#head","uv":[11.0,35.0,9.0,47.0],"autoUv":false,"rotation":270},"down":{"texture":"#head","uv":[4.0,47.0,6.0,35.0],"autoUv":false,"rotation":270}},"children":[]},{"name":"Border","from":[-0.713567546543,-1.221498065737,-0.940841395159],"to":[-0.284637128212,3.490547133212,-0.336630639948],"rotationOrigin":[-0.508401930332,0.9817943573,-0.6431620121],"stepParentName":"b_EarR","rotationX":153.399054644776,"rotationY":85.339388773374,"rotationZ":25.519386494014,"group":"EarsWolf0R.003","faces":{"north":{"texture":"#head","uv":[11.0,36.0,10.0,48.0],"autoUv":false,"rotation":180},"east":{"texture":"#head","uv":[13.0,36.0,11.0,48.0],"autoUv":false,"rotation":180},"south":{"texture":"#head","uv":[13.0,36.0,14.0,48.0],"autoUv":false,"rotation":180},"west":{"texture":"#head","uv":[10.0,36.0,8.0,48.0],"autoUv":false,"rotation":180},"up":{"texture":"#head","uv":[13.0,48.0,11.0,49.0],"autoUv":false},"down":{"texture":"#head","uv":[11.0,36.0,13.0,35.0],"autoUv":false}},"children":[]},{"name":"Border.001","from":[-0.616486188786,-0.267633281831,0.201040420592],"to":[-0.107281527348,3.740426530684,0.802966618545],"rotationOrigin":[-0.361883878708,1.736396789551,0.502003550529],"stepParentName":"b_EarR","rotationX":144.35134893807,"rotationY":85.284590165663,"rotationZ":-1.123748719306,"group":"EarsWolf0R.003","faces":{"north":{"texture":"#head","uv":[12.0,35.0,11.0,47.0],"autoUv":false,"rotation":180},"east":{"texture":"#head","uv":[14.0,35.0,12.0,47.0],"autoUv":false,"rotation":180},"south":{"texture":"#head","uv":[14.0,35.0,15.0,47.0],"autoUv":false,"rotation":180},"west":{"texture":"#head","uv":[11.0,35.0,9.0,47.0],"autoUv":false,"rotation":180},"up":{"texture":"#head","uv":[14.0,47.0,12.0,48.0],"autoUv":false},"down":{"texture":"#head","uv":[12.0,35.0,14.0,34.0],"autoUv":false}},"children":[]},{"name":"Fluff.002","from":[-1.148966236197,0.413578253533,-0.3506258615],"to":[-0.01143767239,0.761398124503,0.389521887015],"rotationOrigin":[-0.580201983452,0.587488174438,0.019448041916],"stepParentName":"b_EarR","rotationX":-0.557525236699,"rotationY":13.698251738973,"rotationZ":108.104730295918,"group":"EarsWolf0R.003","faces":{"north":{"texture":"#head","uv":[22.0,36.0,21.0,43.0],"autoUv":false,"glow":128,"rotation":90},"east":{"texture":"head","uv":[49.0,57.0,55.0,63.0],"autoUv":false,"glow":128,"rotation":90,"enabled":false},"south":{"texture":"#head","uv":[20.0,36.0,21.0,42.0],"autoUv":false,"glow":128,"rotation":270},"west":{"texture":"#head","uv":[17.0,34.0,18.0,37.0],"autoUv":false,"glow":128,"rotation":270},"up":{"texture":"#head","uv":[26.0,37.0,29.0,43.0],"autoUv":false,"glow":128,"rotation":270},"down":{"texture":"#head","uv":[19.0,43.0,22.0,37.0],"autoUv":false,"glow":128,"rotation":270}},"children":[]},{"name":"Fluff","from":[-1.364977191267,0.933837744422,-0.25153298021],"to":[0.111532758055,1.366386539137,0.413790195369],"rotationOrigin":[-0.626722216606,1.1501121521,0.08112859726],"stepParentName":"b_EarR","rotationX":-20.695032637937,"rotationY":14.236604688033,"rotationZ":111.053760092719,"group":"EarsWolf0R.003","faces":{"north":{"texture":"#head","uv":[21.0,36.0,20.0,43.0],"autoUv":false,"glow":128,"rotation":90},"east":{"texture":"head","uv":[49.0,57.0,55.0,63.0],"autoUv":false,"glow":128,"rotation":90,"enabled":false},"south":{"texture":"#head","uv":[19.0,36.0,20.0,42.0],"autoUv":false,"glow":128,"rotation":270},"west":{"texture":"#head","uv":[17.0,34.0,18.0,37.0],"autoUv":false,"glow":128,"rotation":270},"up":{"texture":"#head","uv":[27.0,37.0,29.0,43.0],"autoUv":false,"glow":128,"rotation":270},"down":{"texture":"#head","uv":[18.0,42.0,20.0,36.0],"autoUv":false,"glow":128,"rotation":270}},"children":[]},{"name":"Fluff.001","from":[-1.191460349514,0.701378085085,0.281025826035],"to":[-0.082737705754,1.040389826636,1.002430976333],"rotationOrigin":[-0.637099027634,0.87088394165,0.641728401184],"stepParentName":"b_EarR","rotationX":-26.469308713212,"rotationY":5.873887127243,"rotationZ":108.951161488811,"group":"EarsWolf0R.003","faces":{"north":{"texture":"#head","uv":[22.0,36.0,21.0,43.0],"autoUv":false,"glow":128,"rotation":90},"east":{"texture":"head","uv":[49.0,57.0,55.0,63.0],"autoUv":false,"glow":128,"rotation":90,"enabled":false},"south":{"texture":"#head","uv":[20.0,36.0,21.0,42.0],"autoUv":false,"glow":128,"rotation":270},"west":{"texture":"#head","uv":[17.0,34.0,18.0,37.0],"autoUv":false,"glow":128,"rotation":270},"up":{"texture":"#head","uv":[26.0,37.0,29.0,43.0],"autoUv":false,"glow":128,"rotation":270},"down":{"texture":"#head","uv":[19.0,43.0,22.0,37.0],"autoUv":false,"glow":128,"rotation":270}},"children":[]},{"name":"Front","from":[-0.614914671159,-1.007007010844,-0.377145463888],"to":[0.639219389388,1.666045554545,-0.30714898649],"rotationOrigin":[0.012152493,0.329519271851,-0.046850681305],"stepParentName":"b_EarR","rotationX":-146.911618027693,"rotationY":84.159118424418,"rotationZ":-31.987442449327,"group":"EarsWolf0R.003","faces":{"north":{"texture":"#head","uv":[24.0,32.0,21.0,42.0],"autoUv":false,"glow":128,"rotation":180},"east":{"texture":"#head","uv":[6.0,36.0,4.0,48.0],"autoUv":false,"glow":128,"rotation":180},"south":{"texture":"#head","uv":[6.0,36.0,9.0,48.0],"autoUv":false,"glow":128,"rotation":180},"west":{"texture":"#head","uv":[11.0,36.0,9.0,48.0],"autoUv":false,"glow":128,"rotation":180},"up":{"texture":"#head","uv":[9.0,48.0,6.0,50.0],"autoUv":false,"glow":128},"down":{"texture":"#head","uv":[6.0,36.0,9.0,34.0],"autoUv":false,"glow":128}},"children":[]},{"name":"Front.001","from":[-0.551907018307,1.394033288491,-0.461429202267],"to":[0.273094705627,2.721388078001,-0.392614242832],"rotationOrigin":[-0.139406085014,2.057710647583,-0.177021741867],"stepParentName":"b_EarR","rotationX":32.475360427782,"rotationY":94.991511580113,"rotationZ":116.277126769919,"group":"EarsWolf0R.003","faces":{"north":{"texture":"#head","uv":[24.0,32.0,21.0,42.0],"autoUv":false,"glow":128,"rotation":180},"east":{"texture":"#head","uv":[6.0,35.0,4.0,36.0],"autoUv":false,"glow":128,"rotation":180},"south":{"texture":"#head","uv":[6.0,35.0,9.0,36.0],"autoUv":false,"glow":128,"rotation":180},"west":{"texture":"#head","uv":[11.0,35.0,9.0,36.0],"autoUv":false,"glow":128,"rotation":180},"up":{"texture":"#head","uv":[9.0,36.0,6.0,38.0],"autoUv":false,"glow":128},"down":{"texture":"#head","uv":[6.0,35.0,9.0,33.0],"autoUv":false,"glow":128}},"children":[]},{"name":"Front.002","from":[-1.187503984994,-0.322008762302,0.149596199168],"to":[1.333080631861,1.280824983602,0.226055384089],"rotationOrigin":[0.072788476944,0.47940826416,0.508045077324],"stepParentName":"b_EarR","rotationX":-144.535354234311,"rotationY":84.494139203207,"rotationZ":21.637866828324,"group":"EarsWolf0R.003","faces":{"north":{"texture":"#head","uv":[24.0,32.0,21.0,42.0],"autoUv":false,"glow":128,"rotation":90},"east":{"texture":"#head","uv":[9.0,47.0,6.0,49.0],"autoUv":false,"glow":128,"rotation":90},"south":{"texture":"#head","uv":[9.0,35.0,6.0,47.0],"autoUv":false,"glow":128,"rotation":270},"west":{"texture":"#head","uv":[9.0,33.0,6.0,35.0],"autoUv":false,"glow":128,"rotation":90},"up":{"texture":"#head","uv":[11.0,35.0,9.0,47.0],"autoUv":false,"glow":128,"rotation":270},"down":{"texture":"#head","uv":[4.0,47.0,6.0,35.0],"autoUv":false,"glow":128,"rotation":270}},"children":[]},{"name":"Back","from":[-0.41027227451,1.644120582558,-0.416744908226],"to":[0.108542398757,2.469122484807,0.910609921348],"rotationOrigin":[-0.150864928961,2.056621551514,0.246932506561],"stepParentName":"b_EarL","rotationX":121.181967575175,"rotationY":3.039056385817,"rotationZ":0.739147117084,"group":"EarsWolf0L.003","faces":{"north":{"texture":"#head","uv":[6.0,33.0,9.0,35.0],"autoUv":false,"rotation":270},"east":{"texture":"#head","uv":[9.0,35.0,6.0,36.0],"autoUv":false,"rotation":90},"south":{"texture":"#head","uv":[6.0,36.0,9.0,38.0],"autoUv":false,"rotation":270},"west":{"texture":"#head","uv":[6.0,38.0,9.0,48.0],"autoUv":false,"rotation":270},"up":{"texture":"#head","uv":[9.0,35.0,11.0,36.0],"autoUv":false},"down":{"texture":"#head","uv":[6.0,36.0,4.0,35.0],"autoUv":false,"rotation":180}},"children":[]},{"name":"Back.001","from":[-0.120726205604,-0.775349072045,-1.237408832985],"to":[0.376171613272,1.745235468054,0.365424912919],"rotationOrigin":[0.127722799778,0.484943389893,-0.435991883278],"stepParentName":"b_EarL","rotationX":32.303284056927,"rotationY":0.697761506799,"rotationZ":4.902463472538,"group":"EarsWolf0L.003","faces":{"north":{"texture":"#head","uv":[4.0,35.0,6.0,47.0],"autoUv":false},"east":{"texture":"#head","uv":[6.0,35.0,9.0,47.0],"autoUv":false},"south":{"texture":"#head","uv":[9.0,35.0,11.0,47.0],"autoUv":false},"west":{"texture":"#head","uv":[6.0,38.0,9.0,48.0],"autoUv":false},"up":{"texture":"#head","uv":[6.0,33.0,9.0,35.0],"autoUv":false,"rotation":90},"down":{"texture":"#head","uv":[9.0,49.0,6.0,47.0],"autoUv":false,"rotation":270}},"children":[]},{"name":"Border.002","from":[-0.11633261494,-0.155937747476,-0.60608639202],"to":[0.39287198966,3.852121540285,-0.004160214707],"rotationOrigin":[0.133653849363,1.181085586548,-0.800884008408],"stepParentName":"b_EarL","rotationX":35.648563863332,"rotationY":-94.715408013104,"rotationZ":-1.123835163887,"group":"EarsWolf0L.003","faces":{"north":{"texture":"#head","uv":[15.0,35.0,14.0,47.0],"autoUv":false},"east":{"texture":"#head","uv":[9.0,35.0,11.0,47.0],"autoUv":false},"south":{"texture":"#head","uv":[11.0,35.0,12.0,47.0],"autoUv":false},"west":{"texture":"#head","uv":[12.0,35.0,14.0,47.0],"autoUv":false},"up":{"texture":"#head","uv":[12.0,34.0,14.0,35.0],"autoUv":false},"down":{"texture":"#head","uv":[14.0,48.0,12.0,47.0],"autoUv":false}},"children":[]},{"name":"Fluff.005","from":[-0.558641627543,-0.394603250449,0.165369486737],"to":[-0.210821971185,0.345544394658,1.302897436376],"rotationOrigin":[-0.384731799364,-0.081714630127,0.165369510651],"stepParentName":"b_EarL","rotationX":-93.869632518371,"rotationY":-17.572715819251,"rotationZ":-14.382860382504,"group":"EarsWolf0L.003","faces":{"north":{"texture":"#head","uv":[18.0,34.0,17.0,37.0],"autoUv":false,"glow":128,"rotation":180},"east":{"texture":"#head","uv":[19.0,37.0,22.0,43.0],"autoUv":false,"glow":128,"rotation":90},"south":{"texture":"head","uv":[55.0,57.0,49.0,63.0],"autoUv":false,"glow":128,"rotation":180,"enabled":false},"west":{"texture":"#head","uv":[29.0,37.0,26.0,43.0],"autoUv":false,"glow":128,"rotation":270},"up":{"texture":"#head","uv":[21.0,36.0,20.0,42.0],"autoUv":false,"glow":128},"down":{"texture":"#head","uv":[22.0,43.0,21.0,36.0],"autoUv":false,"glow":128,"rotation":180}},"children":[]},{"name":"Fluff.004","from":[-0.560724374824,0.138332547763,-0.378244907902],"to":[-0.128175559468,0.803655698038,1.098265034406],"rotationOrigin":[-0.344449967146,0.419589996338,-0.378244876862],"stepParentName":"b_EarL","rotationX":-74.71288484002,"rotationY":-20.37791549251,"rotationZ":-15.209265460751,"group":"EarsWolf0L.003","faces":{"north":{"texture":"#head","uv":[18.0,34.0,17.0,37.0],"autoUv":false,"glow":128,"rotation":180},"east":{"texture":"#head","uv":[18.0,36.0,20.0,42.0],"autoUv":false,"glow":128,"rotation":90},"south":{"texture":"head","uv":[55.0,57.0,49.0,63.0],"autoUv":false,"glow":128,"rotation":180,"enabled":false},"west":{"texture":"#head","uv":[29.0,37.0,27.0,43.0],"autoUv":false,"glow":128,"rotation":270},"up":{"texture":"#head","uv":[20.0,36.0,19.0,42.0],"autoUv":false,"glow":128},"down":{"texture":"#head","uv":[21.0,43.0,20.0,36.0],"autoUv":false,"glow":128,"rotation":180}},"children":[]},{"name":"Back.002","from":[-0.149653183937,-0.294982508013,-1.212685623663],"to":[0.340936393215,0.959151752594,1.4603672414],"rotationOrigin":[0.095641613007,0.332084655762,0.123840808868],"stepParentName":"b_EarL","rotationX":89.353654873131,"rotationY":3.201719902222,"rotationZ":5.526392715482,"group":"EarsWolf0L.003","faces":{"north":{"texture":"#head","uv":[6.0,34.0,9.0,36.0],"autoUv":false,"rotation":270},"east":{"texture":"#head","uv":[9.0,36.0,6.0,48.0],"autoUv":false,"rotation":90},"south":{"texture":"#head","uv":[6.0,48.0,9.0,50.0],"autoUv":false,"rotation":270},"west":{"texture":"#head","uv":[6.0,38.0,9.0,48.0],"autoUv":false,"rotation":270},"up":{"texture":"#head","uv":[9.0,36.0,11.0,48.0],"autoUv":false},"down":{"texture":"#head","uv":[6.0,48.0,4.0,36.0],"autoUv":false,"rotation":180}},"children":[]},{"name":"Fluff.003","from":[-0.592341056808,-0.054774670476,-0.777861022415],"to":[-0.253329166428,0.666630366142,0.330861669572],"rotationOrigin":[-0.422835111618,0.250190734863,-0.777860999107],"stepParentName":"b_EarL","rotationX":-65.543287577386,"rotationY":-18.847903599556,"rotationZ":-6.207970889456,"group":"EarsWolf0L.003","faces":{"north":{"texture":"#head","uv":[18.0,34.0,17.0,37.0],"autoUv":false,"glow":128,"rotation":180},"east":{"texture":"#head","uv":[19.0,37.0,22.0,43.0],"autoUv":false,"glow":128,"rotation":90},"south":{"texture":"head","uv":[55.0,57.0,49.0,63.0],"autoUv":false,"glow":128,"rotation":180,"enabled":false},"west":{"texture":"#head","uv":[29.0,37.0,26.0,43.0],"autoUv":false,"glow":128,"rotation":270},"up":{"texture":"#head","uv":[21.0,36.0,20.0,42.0],"autoUv":false,"glow":128},"down":{"texture":"#head","uv":[22.0,43.0,21.0,36.0],"autoUv":false,"glow":128,"rotation":180}},"children":[]},{"name":"Border.003","from":[5.118831842416,-1.408728404614,-5.886426254757],"to":[5.547762409597,3.303318341161,-5.282215489624],"rotationOrigin":[-0.508401930332,0.9817943573,-5.153593063354],"stepParentName":"b_EarL","rotationX":26.600975977389,"rotationY":-94.660616235582,"rotationZ":25.519424060054,"group":"EarsWolf0L.003","faces":{"north":{"texture":"#head","uv":[14.0,36.0,13.0,48.0],"autoUv":false},"east":{"texture":"#head","uv":[8.0,36.0,10.0,48.0],"autoUv":false},"south":{"texture":"#head","uv":[10.0,36.0,11.0,48.0],"autoUv":false},"west":{"texture":"#head","uv":[11.0,36.0,13.0,48.0],"autoUv":false},"up":{"texture":"#head","uv":[11.0,35.0,13.0,36.0],"autoUv":false},"down":{"texture":"#head","uv":[13.0,49.0,11.0,48.0],"autoUv":false}},"children":[]},{"name":"Front.003","from":[-0.429272774911,1.652659782387,-0.412625273597],"to":[-0.360458000646,2.477661684636,0.914729555976],"rotationOrigin":[-0.394865423441,2.065160751343,0.25105214119],"stepParentName":"b_EarL","rotationX":121.162569837932,"rotationY":4.539182786058,"rotationZ":0.740430392235,"group":"EarsWolf0L.003","faces":{"north":{"texture":"#head","uv":[6.0,33.0,9.0,35.0],"autoUv":false,"glow":128,"rotation":270},"east":{"texture":"#head","uv":[9.0,35.0,6.0,36.0],"autoUv":false,"glow":128,"rotation":90},"south":{"texture":"#head","uv":[6.0,36.0,9.0,38.0],"autoUv":false,"glow":128,"rotation":270},"west":{"texture":"#head","uv":[21.0,32.0,24.0,42.0],"autoUv":false,"glow":128,"rotation":270},"up":{"texture":"#head","uv":[9.0,35.0,11.0,36.0],"autoUv":false,"glow":128},"down":{"texture":"#head","uv":[6.0,36.0,4.0,35.0],"autoUv":false,"glow":128,"rotation":180}},"children":[]},{"name":"Front.004","from":[-0.290745351085,-0.800016811913,-1.245505408722],"to":[-0.073847561189,1.720567728186,0.357328337182],"rotationOrigin":[-0.182296350598,0.460275650024,-0.444088459015],"stepParentName":"b_EarL","rotationX":32.58017309569,"rotationY":-2.520326783687,"rotationZ":4.509111597577,"group":"EarsWolf0L.003","faces":{"north":{"texture":"#head","uv":[4.0,35.0,6.0,47.0],"autoUv":false,"glow":128},"east":{"texture":"#head","uv":[6.0,35.0,9.0,47.0],"autoUv":false,"glow":128},"south":{"texture":"#head","uv":[9.0,35.0,11.0,47.0],"autoUv":false,"glow":128},"west":{"texture":"#head","uv":[21.0,32.0,24.0,42.0],"autoUv":false,"glow":128},"up":{"texture":"#head","uv":[6.0,33.0,9.0,35.0],"autoUv":false,"glow":128,"rotation":90},"down":{"texture":"#head","uv":[9.0,49.0,6.0,47.0],"autoUv":false,"glow":128,"rotation":270}},"children":[]},{"name":"Front.005","from":[-0.307312560091,-0.310092523882,-1.237924137609],"to":[-0.14672293433,0.944041736724,1.435128727453],"rotationOrigin":[-0.227017730474,0.316974639893,0.098602294922],"stepParentName":"b_EarL","rotationX":89.353654873131,"rotationY":3.201719902222,"rotationZ":5.526392715482,"group":"EarsWolf0L.003","faces":{"north":{"texture":"#head","uv":[6.0,34.0,9.0,36.0],"autoUv":false,"glow":128,"rotation":270},"east":{"texture":"#head","uv":[9.0,36.0,6.0,48.0],"autoUv":false,"glow":128,"rotation":90},"south":{"texture":"#head","uv":[6.0,48.0,9.0,50.0],"autoUv":false,"glow":128,"rotation":270},"west":{"texture":"#head","uv":[21.0,32.0,24.0,42.0],"autoUv":false,"glow":128,"rotation":270},"up":{"texture":"#head","uv":[9.0,36.0,11.0,48.0],"autoUv":false,"glow":128},"down":{"texture":"#head","uv":[6.0,48.0,4.0,36.0],"autoUv":false,"glow":128,"rotation":180}},"children":[]}],"groups":[]}