{"textureWidth":64,"textureHeight":64,"textures":{},"textureSizes":{"head":[64,64]},"elements":[{"name":"EarShark.138","from":[1.128036019388,-1.313513153544,-0.948752283522],"to":[1.799228363841,0.603888390665,0.014438646917],"rotationOrigin":[1.46363222599,-0.35481262207,-0.467156887054],"stepParentName":"b_EarR","rotationX":-5.576684679002,"rotationY":12.433749789625,"rotationZ":121.087956851439,"group":"EarsDragon0R.005","faces":{"north":{"texture":"#head","uv":[7.0,49.0,6.0,52.0],"autoUv":false,"rotation":180},"east":{"texture":"#head","uv":[9.0,49.0,7.0,52.0],"autoUv":false,"rotation":180},"south":{"texture":"#head","uv":[10.0,49.0,9.0,52.0],"autoUv":false,"rotation":180},"west":{"texture":"#head","uv":[6.0,49.0,4.0,52.0],"autoUv":false,"rotation":180},"up":{"texture":"#head","uv":[7.0,52.0,6.0,53.0],"autoUv":false},"down":{"texture":"#head","uv":[6.0,49.0,7.0,48.0],"autoUv":false}},"children":[]},{"name":"EarShark.139","from":[-0.68430400868,-2.005760618928,-0.501461522814],"to":[-0.013111836107,0.364460967525,0.461728967904],"rotationOrigin":[-0.348707973957,-0.820650100708,-0.019866466522],"stepParentName":"b_EarR","rotationX":-5.576698766267,"rotationY":12.433725883963,"rotationZ":91.187547004901,"group":"EarsDragon0R.005","faces":{"north":{"texture":"#head","uv":[7.0,49.0,6.0,52.0],"autoUv":false,"rotation":180},"east":{"texture":"#head","uv":[9.0,49.0,7.0,52.0],"autoUv":false,"rotation":180},"south":{"texture":"#head","uv":[10.0,49.0,9.0,52.0],"autoUv":false,"rotation":180},"west":{"texture":"#head","uv":[6.0,49.0,4.0,52.0],"autoUv":false,"rotation":180},"up":{"texture":"#head","uv":[7.0,52.0,6.0,53.0],"autoUv":false},"down":{"texture":"#head","uv":[6.0,49.0,7.0,48.0],"autoUv":false}},"children":[]},{"name":"EarShark.140","from":[2.232632175067,-0.180361382072,-1.30409167452],"to":[2.903824658254,1.737040085293,-0.340901080674],"rotationOrigin":[2.568228244781,0.778339385986,-0.822496652603],"stepParentName":"b_EarR","rotationX":-5.5767171224,"rotationY":12.433753204719,"rotationZ":151.138371312529,"group":"EarsDragon0R.005","faces":{"north":{"texture":"#head","uv":[7.0,39.0,6.0,42.0],"autoUv":false,"rotation":180},"east":{"texture":"#head","uv":[9.0,39.0,7.0,42.0],"autoUv":false,"rotation":180},"south":{"texture":"#head","uv":[10.0,39.0,9.0,42.0],"autoUv":false,"rotation":180},"west":{"texture":"#head","uv":[6.0,39.0,4.0,42.0],"autoUv":false,"rotation":180},"up":{"texture":"#head","uv":[7.0,42.0,6.0,43.0],"autoUv":false},"down":{"texture":"#head","uv":[6.0,39.0,7.0,38.0],"autoUv":false}},"children":[]},{"name":"EarShark.141","from":[1.60287398704,1.400937545134,-1.318983677104],"to":[2.274066263356,3.318339089343,-0.35579315201],"rotationOrigin":[1.938470125198,2.359638214111,-0.837388277054],"stepParentName":"b_EarR","rotationX":-5.576605278053,"rotationY":12.43375576604,"rotationZ":-96.358225602843,"group":"EarsDragon0R.005","faces":{"north":{"texture":"#head","uv":[8.0,39.0,7.0,42.0],"autoUv":false},"east":{"texture":"#head","uv":[7.0,39.0,5.0,42.0],"autoUv":false},"south":{"texture":"#head","uv":[5.0,39.0,4.0,42.0],"autoUv":false},"west":{"texture":"#head","uv":[10.0,39.0,8.0,42.0],"autoUv":false},"up":{"texture":"#head","uv":[8.0,38.0,7.0,39.0],"autoUv":false,"rotation":180},"down":{"texture":"#head","uv":[7.0,43.0,8.0,42.0],"autoUv":false,"rotation":180}},"children":[]},{"name":"EarShark.142","from":[0.167815111965,1.01120682473,-0.963018148304],"to":[0.839007249546,2.928608490256,0.000172208494],"rotationOrigin":[0.503411352634,1.96990776062,-0.481422901154],"stepParentName":"b_EarR","rotationX":-5.576606131826,"rotationY":12.433876148124,"rotationZ":-51.306721309167,"group":"EarsDragon0R.005","faces":{"north":{"texture":"#head","uv":[7.0,49.0,6.0,52.0],"autoUv":false,"rotation":180},"east":{"texture":"#head","uv":[9.0,49.0,7.0,52.0],"autoUv":false,"rotation":180},"south":{"texture":"#head","uv":[10.0,49.0,9.0,52.0],"autoUv":false,"rotation":180},"west":{"texture":"#head","uv":[6.0,49.0,4.0,52.0],"autoUv":false,"rotation":180},"up":{"texture":"#head","uv":[7.0,52.0,6.0,53.0],"autoUv":false},"down":{"texture":"#head","uv":[6.0,49.0,7.0,48.0],"autoUv":false}},"children":[]},{"name":"EarShark.143","from":[-1.042702601977,-0.258175591418,-0.570908891734],"to":[-0.371510291901,1.659226021542,0.39228149944],"rotationOrigin":[-0.707106292248,0.700525283813,-0.08931350708],"stepParentName":"b_EarR","rotationX":-5.576687240323,"rotationY":12.433820652837,"rotationZ":-34.805267727267,"group":"EarsDragon0R.005","faces":{"north":{"texture":"#head","uv":[7.0,49.0,6.0,52.0],"autoUv":false,"rotation":180},"east":{"texture":"#head","uv":[9.0,49.0,7.0,52.0],"autoUv":false,"rotation":180},"south":{"texture":"#head","uv":[10.0,49.0,9.0,52.0],"autoUv":false,"rotation":180},"west":{"texture":"#head","uv":[6.0,49.0,4.0,52.0],"autoUv":false,"rotation":180},"up":{"texture":"#head","uv":[7.0,52.0,6.0,53.0],"autoUv":false},"down":{"texture":"#head","uv":[6.0,49.0,7.0,48.0],"autoUv":false}},"children":[]},{"name":"EarShark.144","from":[2.702464767296,1.473134329467,-1.528127298106],"to":[3.373657112979,2.540491700414,-0.564936906933],"rotationOrigin":[3.038060665131,2.006813049316,-1.046532154083],"stepParentName":"b_EarR","rotationX":-5.576694924285,"rotationY":12.433748935851,"rotationZ":174.965363288713,"group":"EarsDragon0R.005","faces":{"north":{"texture":"#head","uv":[8.0,33.0,7.0,36.0],"autoUv":false,"rotation":180},"east":{"texture":"#head","uv":[10.0,33.0,8.0,36.0],"autoUv":false,"rotation":180},"south":{"texture":"#head","uv":[11.0,33.0,10.0,36.0],"autoUv":false,"rotation":180},"west":{"texture":"#head","uv":[7.0,33.0,5.0,36.0],"autoUv":false,"rotation":180},"up":{"texture":"#head","uv":[8.0,36.0,7.0,37.0],"autoUv":false},"down":{"texture":"#head","uv":[7.0,33.0,8.0,32.0],"autoUv":false}},"children":[]},{"name":"EarShark.145","from":[-0.0889380804,-1.216557969556,-0.07943475179],"to":[0.43947584124,0.649461259351,1.10053378824],"rotationOrigin":[0.175268948078,-0.283548355103,0.510549545288],"stepParentName":"b_EarR","rotationX":-45.388632185824,"rotationY":-8.391488452008,"rotationZ":93.215402848721,"group":"EarsDragon0R.005","faces":{"north":{"texture":"#head","uv":[7.0,49.0,6.0,52.0],"autoUv":false,"rotation":180},"east":{"texture":"#head","uv":[9.0,49.0,7.0,52.0],"autoUv":false,"rotation":180},"south":{"texture":"#head","uv":[10.0,49.0,9.0,52.0],"autoUv":false,"rotation":180},"west":{"texture":"#head","uv":[6.0,49.0,4.0,52.0],"autoUv":false,"rotation":180},"up":{"texture":"#head","uv":[7.0,52.0,6.0,53.0],"autoUv":false},"down":{"texture":"#head","uv":[6.0,49.0,7.0,48.0],"autoUv":false}},"children":[]},{"name":"EarShark.146","from":[1.290665110898,-0.521364253241,-0.287706350615],"to":[1.819078607931,0.988160478722,1.141364475195],"rotationOrigin":[1.554871439934,0.2333984375,0.426829576492],"stepParentName":"b_EarR","rotationX":-43.265355184204,"rotationY":-15.220840923847,"rotationZ":120.660127462208,"group":"EarsDragon0R.005","faces":{"north":{"texture":"#head","uv":[7.0,49.0,6.0,52.0],"autoUv":false,"rotation":180},"east":{"texture":"#head","uv":[9.0,49.0,7.0,52.0],"autoUv":false,"rotation":180},"south":{"texture":"#head","uv":[10.0,49.0,9.0,52.0],"autoUv":false,"rotation":180},"west":{"texture":"#head","uv":[6.0,49.0,4.0,52.0],"autoUv":false,"rotation":180},"up":{"texture":"#head","uv":[7.0,52.0,6.0,53.0],"autoUv":false},"down":{"texture":"#head","uv":[6.0,49.0,7.0,48.0],"autoUv":false}},"children":[]},{"name":"EarShark.147","from":[2.100422635815,0.326421912972,-0.630469960927],"to":[2.628836773962,1.835946861442,0.686150766854],"rotationOrigin":[2.364629745483,1.081184387207,0.0278403759],"stepParentName":"b_EarR","rotationX":-36.974925128446,"rotationY":-20.781303049796,"rotationZ":153.60730711257,"group":"EarsDragon0R.005","faces":{"north":{"texture":"#head","uv":[7.0,49.0,6.0,52.0],"autoUv":false,"rotation":180},"east":{"texture":"#head","uv":[9.0,49.0,7.0,52.0],"autoUv":false,"rotation":180},"south":{"texture":"#head","uv":[10.0,49.0,9.0,52.0],"autoUv":false,"rotation":180},"west":{"texture":"#head","uv":[6.0,49.0,4.0,52.0],"autoUv":false,"rotation":180},"up":{"texture":"#head","uv":[7.0,52.0,6.0,53.0],"autoUv":false},"down":{"texture":"#head","uv":[6.0,49.0,7.0,48.0],"autoUv":false}},"children":[]},{"name":"EarShark.148","from":[2.416557142762,1.531177453911,-0.947510580549],"to":[2.944971064402,2.371482915962,0.094844148402],"rotationOrigin":[2.680764198303,1.951330184937,-0.426333189011],"stepParentName":"b_EarR","rotationX":-30.597273556987,"rotationY":-22.229583191595,"rotationZ":178.989533162766,"group":"EarsDragon0R.005","faces":{"north":{"texture":"#head","uv":[7.0,49.0,6.0,52.0],"autoUv":false,"rotation":180},"east":{"texture":"#head","uv":[9.0,49.0,7.0,52.0],"autoUv":false,"rotation":180},"south":{"texture":"#head","uv":[10.0,49.0,9.0,52.0],"autoUv":false,"rotation":180},"west":{"texture":"#head","uv":[6.0,49.0,4.0,52.0],"autoUv":false,"rotation":180},"up":{"texture":"#head","uv":[7.0,52.0,6.0,53.0],"autoUv":false},"down":{"texture":"#head","uv":[6.0,49.0,7.0,48.0],"autoUv":false}},"children":[]},{"name":"EarShark.149","from":[-0.548321687311,-0.820296509385,0.078088671361],"to":[-0.01990776567,1.045722121347,1.101214660269],"rotationOrigin":[-0.284114658833,0.112712860107,0.589651584625],"stepParentName":"b_EarR","rotationX":49.959463080288,"rotationY":-136.622211250636,"rotationZ":48.929439817599,"group":"EarsDragon0R.005","faces":{"north":{"texture":"#head","uv":[7.0,49.0,6.0,52.0],"autoUv":false},"east":{"texture":"#head","uv":[9.0,49.0,7.0,52.0],"autoUv":false},"south":{"texture":"#head","uv":[10.0,49.0,9.0,52.0],"autoUv":false},"west":{"texture":"#head","uv":[6.0,49.0,4.0,52.0],"autoUv":false},"up":{"texture":"#head","uv":[7.0,52.0,6.0,53.0],"autoUv":false,"rotation":180},"down":{"texture":"#head","uv":[6.0,49.0,7.0,48.0],"autoUv":false,"rotation":180}},"children":[]},{"name":"EarShark.150","from":[0.501012979218,0.432440073874,-0.061891557301],"to":[1.029426657289,1.941964616847,1.256479795785],"rotationOrigin":[0.765219628811,1.187202453613,0.597294092178],"stepParentName":"b_EarR","rotationX":47.10343655432,"rotationY":-136.800315263433,"rotationZ":73.861146590141,"group":"EarsDragon0R.005","faces":{"north":{"texture":"#head","uv":[7.0,49.0,6.0,52.0],"autoUv":false},"east":{"texture":"#head","uv":[9.0,49.0,7.0,52.0],"autoUv":false},"south":{"texture":"#head","uv":[10.0,49.0,9.0,52.0],"autoUv":false},"west":{"texture":"#head","uv":[6.0,49.0,4.0,52.0],"autoUv":false},"up":{"texture":"#head","uv":[7.0,52.0,6.0,53.0],"autoUv":false,"rotation":180},"down":{"texture":"#head","uv":[6.0,49.0,7.0,48.0],"autoUv":false,"rotation":180}},"children":[]},{"name":"EarShark.151","from":[1.468020538429,1.016677828999,-0.55044749881],"to":[1.996434166576,2.526203020584,0.701440054683],"rotationOrigin":[1.732227325439,1.771440505981,0.075496196747],"stepParentName":"b_EarR","rotationX":-132.785502748543,"rotationY":-35.034977234339,"rotationZ":-75.069577809045,"group":"EarsDragon0R.005","faces":{"north":{"texture":"#head","uv":[7.0,49.0,6.0,52.0],"autoUv":false},"east":{"texture":"#head","uv":[9.0,49.0,7.0,52.0],"autoUv":false},"south":{"texture":"#head","uv":[10.0,49.0,9.0,52.0],"autoUv":false},"west":{"texture":"#head","uv":[6.0,49.0,4.0,52.0],"autoUv":false},"up":{"texture":"#head","uv":[7.0,52.0,6.0,53.0],"autoUv":false,"rotation":180},"down":{"texture":"#head","uv":[6.0,49.0,7.0,48.0],"autoUv":false,"rotation":180}},"children":[]},{"name":"EarShark.152","from":[2.224409005612,1.545020745176,-1.00262449782],"to":[2.752823325581,2.385326129123,-0.244327352861],"rotationOrigin":[2.488615989685,1.965173721313,-0.623475790024],"stepParentName":"b_EarR","rotationX":-135.907404633237,"rotationY":-29.52641259325,"rotationZ":-53.697041631862,"group":"EarsDragon0R.005","faces":{"north":{"texture":"#head","uv":[7.0,49.0,6.0,52.0],"autoUv":false},"east":{"texture":"#head","uv":[9.0,49.0,7.0,52.0],"autoUv":false},"south":{"texture":"#head","uv":[10.0,49.0,9.0,52.0],"autoUv":false},"west":{"texture":"#head","uv":[6.0,49.0,4.0,52.0],"autoUv":false},"up":{"texture":"#head","uv":[7.0,52.0,6.0,53.0],"autoUv":false,"rotation":180},"down":{"texture":"#head","uv":[6.0,49.0,7.0,48.0],"autoUv":false,"rotation":180}},"children":[]},{"name":"EarShark.153","from":[0.344294326383,-0.935078302181,-1.558235377285],"to":[0.616001100557,2.047241845882,0.440258367587],"rotationOrigin":[0.480147838593,0.556081771851,-0.558988571167],"stepParentName":"b_EarR","rotationX":-86.00467651929,"rotationY":-39.332009750639,"rotationZ":-78.145177841356,"group":"EarsDragon0R.005","faces":{"north":{"texture":"#head","uv":[25.0,34.0,24.0,37.0],"autoUv":false},"east":{"texture":"#head","uv":[27.0,34.0,25.0,37.0],"autoUv":false},"south":{"texture":"#head","uv":[28.0,34.0,27.0,37.0],"autoUv":false},"west":{"texture":"#head","uv":[24.0,34.0,22.0,37.0],"autoUv":false},"up":{"texture":"#head","uv":[25.0,37.0,24.0,38.0],"autoUv":false,"rotation":180},"down":{"texture":"#head","uv":[24.0,34.0,25.0,33.0],"autoUv":false,"rotation":180}},"children":[]},{"name":"EarShark.154","from":[1.689089291987,0.360254504393,-1.861221320308],"to":[1.899849501173,2.455324430674,0.089525405755],"rotationOrigin":[1.794469594955,1.407789230347,-0.885847806931],"stepParentName":"b_EarR","rotationX":-105.757665561237,"rotationY":17.081809633034,"rotationZ":-79.388538647676,"group":"EarsDragon0R.005","faces":{"north":{"texture":"#head","uv":[25.0,34.0,24.0,37.0],"autoUv":false},"east":{"texture":"#head","uv":[27.0,34.0,25.0,37.0],"autoUv":false},"south":{"texture":"#head","uv":[28.0,34.0,27.0,37.0],"autoUv":false},"west":{"texture":"#head","uv":[24.0,34.0,22.0,37.0],"autoUv":false},"up":{"texture":"#head","uv":[25.0,37.0,24.0,38.0],"autoUv":false,"rotation":180},"down":{"texture":"#head","uv":[24.0,34.0,25.0,33.0],"autoUv":false,"rotation":180}},"children":[]},{"name":"EarShark.155","from":[-0.830425595693,-1.156942421425,-1.164090243278],"to":[0.132764791898,-0.485750178869,1.206131068168],"rotationOrigin":[-0.348830401897,-0.821346282959,0.021020412445],"stepParentName":"b_EarL","rotationX":-179.922646286417,"rotationY":-77.51058496557,"rotationZ":-5.369979675942,"group":"EarsDragon0L.005","faces":{"north":{"texture":"#head","uv":[6.0,48.0,7.0,49.0],"autoUv":false,"rotation":270},"east":{"texture":"#head","uv":[9.0,49.0,10.0,52.0],"autoUv":false,"rotation":90},"south":{"texture":"#head","uv":[6.0,52.0,7.0,53.0],"autoUv":false,"rotation":270},"west":{"texture":"#head","uv":[6.0,49.0,7.0,52.0],"autoUv":false,"rotation":270},"up":{"texture":"#head","uv":[4.0,49.0,6.0,52.0],"autoUv":false},"down":{"texture":"#head","uv":[9.0,52.0,7.0,49.0],"autoUv":false,"rotation":180}},"children":[]},{"name":"EarShark.156","from":[0.981916799794,-0.691102966071,-0.49039150493],"to":[1.94510708784,-0.01991086225,1.427009833024],"rotationOrigin":[1.463511943817,-0.355506896973,0.468309164047],"stepParentName":"b_EarL","rotationX":115.22805069454,"rotationY":-56.750382077668,"rotationZ":-66.877612843072,"group":"EarsDragon0L.005","faces":{"north":{"texture":"#head","uv":[6.0,48.0,7.0,49.0],"autoUv":false,"rotation":270},"east":{"texture":"#head","uv":[9.0,49.0,10.0,52.0],"autoUv":false,"rotation":90},"south":{"texture":"#head","uv":[6.0,52.0,7.0,53.0],"autoUv":false,"rotation":270},"west":{"texture":"#head","uv":[6.0,49.0,7.0,52.0],"autoUv":false,"rotation":270},"up":{"texture":"#head","uv":[4.0,49.0,6.0,52.0],"autoUv":false},"down":{"texture":"#head","uv":[9.0,52.0,7.0,49.0],"autoUv":false,"rotation":180}},"children":[]},{"name":"EarShark.157","from":[2.086512460957,0.442052856683,-0.135049454276],"to":[3.049702749004,1.113244960504,1.78235208184],"rotationOrigin":[2.56810760498,0.777648925781,0.823651313782],"stepParentName":"b_EarL","rotationX":102.344346825415,"rotationY":-28.123642001891,"rotationZ":-75.869249526881,"group":"EarsDragon0L.005","faces":{"north":{"texture":"#head","uv":[6.0,38.0,7.0,39.0],"autoUv":false,"rotation":270},"east":{"texture":"#head","uv":[9.0,39.0,10.0,42.0],"autoUv":false,"rotation":90},"south":{"texture":"#head","uv":[6.0,42.0,7.0,43.0],"autoUv":false,"rotation":270},"west":{"texture":"#head","uv":[6.0,39.0,7.0,42.0],"autoUv":false,"rotation":270},"up":{"texture":"#head","uv":[4.0,39.0,6.0,42.0],"autoUv":false},"down":{"texture":"#head","uv":[9.0,42.0,7.0,39.0],"autoUv":false,"rotation":180}},"children":[]},{"name":"EarShark.158","from":[1.456756983643,2.023355430138,-0.120157352988],"to":[2.419947470779,2.694547672693,1.797244183128],"rotationOrigin":[1.938352227211,2.358951568604,0.83854341507],"stepParentName":"b_EarL","rotationX":32.939212234696,"rotationY":76.05771493665,"rotationZ":-26.669358123812,"group":"EarsDragon0L.005","faces":{"north":{"texture":"#head","uv":[7.0,42.0,8.0,43.0],"autoUv":false,"rotation":90},"east":{"texture":"#head","uv":[4.0,39.0,5.0,42.0],"autoUv":false,"rotation":270},"south":{"texture":"#head","uv":[7.0,38.0,8.0,39.0],"autoUv":false,"rotation":90},"west":{"texture":"#head","uv":[7.0,39.0,8.0,42.0],"autoUv":false,"rotation":90},"up":{"texture":"#head","uv":[8.0,39.0,10.0,42.0],"autoUv":false,"rotation":180},"down":{"texture":"#head","uv":[7.0,42.0,5.0,39.0],"autoUv":false}},"children":[]},{"name":"EarShark.159","from":[0.021696253958,1.633621196633,-0.47612249047],"to":[0.984886840639,2.304813369821,1.441279045646],"rotationOrigin":[0.503291547298,1.969217300415,0.482578277588],"stepParentName":"b_EarL","rotationX":-69.376908833974,"rotationY":49.658320039782,"rotationZ":70.572663221779,"group":"EarsDragon0L.005","faces":{"north":{"texture":"#head","uv":[6.0,48.0,7.0,49.0],"autoUv":false,"rotation":270},"east":{"texture":"#head","uv":[9.0,49.0,10.0,52.0],"autoUv":false,"rotation":90},"south":{"texture":"#head","uv":[6.0,52.0,7.0,53.0],"autoUv":false,"rotation":270},"west":{"texture":"#head","uv":[6.0,49.0,7.0,52.0],"autoUv":false,"rotation":270},"up":{"texture":"#head","uv":[4.0,49.0,6.0,52.0],"autoUv":false},"down":{"texture":"#head","uv":[9.0,52.0,7.0,49.0],"autoUv":false,"rotation":180}},"children":[]},{"name":"EarShark.160","from":[-1.18881950324,0.364240592491,-0.868230831788],"to":[-0.225629115649,1.035432835047,1.049170506166],"rotationOrigin":[-0.707224309444,0.699836730957,0.090469837189],"stepParentName":"b_EarL","rotationX":-75.910756586468,"rotationY":33.87628345297,"rotationZ":74.969290141462,"group":"EarsDragon0L.005","faces":{"north":{"texture":"#head","uv":[6.0,48.0,7.0,49.0],"autoUv":false,"rotation":270},"east":{"texture":"#head","uv":[9.0,49.0,10.0,52.0],"autoUv":false,"rotation":90},"south":{"texture":"#head","uv":[6.0,52.0,7.0,53.0],"autoUv":false,"rotation":270},"west":{"texture":"#head","uv":[6.0,49.0,7.0,52.0],"autoUv":false,"rotation":270},"up":{"texture":"#head","uv":[4.0,49.0,6.0,52.0],"autoUv":false},"down":{"texture":"#head","uv":[9.0,52.0,7.0,49.0],"autoUv":false,"rotation":180}},"children":[]},{"name":"EarShark.161","from":[2.556346788655,1.670524612664,0.514005963242],"to":[3.519537076701,2.341716716485,1.581363375747],"rotationOrigin":[3.037941932678,2.006120681763,1.047684669495],"stepParentName":"b_EarL","rotationX":96.663377964392,"rotationY":-4.916271553719,"rotationZ":-77.519669117167,"group":"EarsDragon0L.005","faces":{"north":{"texture":"#head","uv":[7.0,32.0,8.0,33.0],"autoUv":false,"rotation":270},"east":{"texture":"#head","uv":[10.0,33.0,11.0,36.0],"autoUv":false,"rotation":90},"south":{"texture":"#head","uv":[7.0,36.0,8.0,37.0],"autoUv":false,"rotation":270},"west":{"texture":"#head","uv":[7.0,33.0,8.0,36.0],"autoUv":false,"rotation":270},"up":{"texture":"#head","uv":[5.0,33.0,7.0,36.0],"autoUv":false},"down":{"texture":"#head","uv":[10.0,36.0,8.0,33.0],"autoUv":false,"rotation":180}},"children":[]},{"name":"EarShark.162","from":[-0.414837150091,-0.54844955023,-1.44240370784],"to":[0.765131382459,-0.02003570978,0.423615370132],"rotationOrigin":[0.175147116184,-0.284242630005,-0.509394168854],"stepParentName":"b_EarL","rotationX":-113.557242989582,"rotationY":-98.982288659314,"rotationZ":20.818199731693,"group":"EarsDragon0L.005","faces":{"north":{"texture":"#head","uv":[6.0,48.0,7.0,49.0],"autoUv":false,"rotation":270},"east":{"texture":"#head","uv":[9.0,49.0,10.0,52.0],"autoUv":false,"rotation":90},"south":{"texture":"#head","uv":[6.0,52.0,7.0,53.0],"autoUv":false,"rotation":270},"west":{"texture":"#head","uv":[6.0,49.0,7.0,52.0],"autoUv":false,"rotation":270},"up":{"texture":"#head","uv":[4.0,49.0,6.0,52.0],"autoUv":false},"down":{"texture":"#head","uv":[9.0,52.0,7.0,49.0],"autoUv":false,"rotation":180}},"children":[]},{"name":"EarShark.163","from":[0.840217534649,-0.03149701824,-1.180434325777],"to":[2.269288118732,0.496916760464,0.329090217196],"rotationOrigin":[1.554752826691,0.232709884644,-0.425672054291],"stepParentName":"b_EarL","rotationX":-70.621751791344,"rotationY":-123.897923996739,"rotationZ":61.917529467809,"group":"EarsDragon0L.005","faces":{"north":{"texture":"#head","uv":[6.0,48.0,7.0,49.0],"autoUv":false,"rotation":270},"east":{"texture":"#head","uv":[9.0,49.0,10.0,52.0],"autoUv":false,"rotation":90},"south":{"texture":"#head","uv":[6.0,52.0,7.0,53.0],"autoUv":false,"rotation":270},"west":{"texture":"#head","uv":[6.0,49.0,7.0,52.0],"autoUv":false,"rotation":270},"up":{"texture":"#head","uv":[4.0,49.0,6.0,52.0],"autoUv":false},"down":{"texture":"#head","uv":[9.0,52.0,7.0,49.0],"autoUv":false,"rotation":180}},"children":[]},{"name":"EarShark.164","from":[1.706197544469,0.816283209421,-0.781449664422],"to":[3.02281828271,1.344697015188,0.728075373956],"rotationOrigin":[2.364507913589,1.080490112305,-0.026687145233],"stepParentName":"b_EarL","rotationX":116.989214972028,"rotationY":-24.557219453182,"rotationZ":-112.959936116475,"group":"EarsDragon0L.005","faces":{"north":{"texture":"#head","uv":[6.0,48.0,7.0,49.0],"autoUv":false,"rotation":270},"east":{"texture":"#head","uv":[9.0,49.0,10.0,52.0],"autoUv":false,"rotation":90},"south":{"texture":"#head","uv":[6.0,52.0,7.0,53.0],"autoUv":false,"rotation":270},"west":{"texture":"#head","uv":[6.0,49.0,7.0,52.0],"autoUv":false,"rotation":270},"up":{"texture":"#head","uv":[4.0,49.0,6.0,52.0],"autoUv":false},"down":{"texture":"#head","uv":[9.0,52.0,7.0,49.0],"autoUv":false,"rotation":180}},"children":[]},{"name":"EarShark.165","from":[2.159466786262,1.68643082779,0.007335043125],"to":[3.201821284416,2.214844779912,0.84764020748],"rotationOrigin":[2.680644035339,1.950637817383,0.427487611771],"stepParentName":"b_EarL","rotationX":120.214922071728,"rotationY":-0.93531415211,"rotationZ":-112.232821498192,"group":"EarsDragon0L.005","faces":{"north":{"texture":"#head","uv":[6.0,48.0,7.0,49.0],"autoUv":false,"rotation":270},"east":{"texture":"#head","uv":[9.0,49.0,10.0,52.0],"autoUv":false,"rotation":90},"south":{"texture":"#head","uv":[6.0,52.0,7.0,53.0],"autoUv":false,"rotation":270},"west":{"texture":"#head","uv":[6.0,49.0,7.0,52.0],"autoUv":false,"rotation":270},"up":{"texture":"#head","uv":[4.0,49.0,6.0,52.0],"autoUv":false},"down":{"texture":"#head","uv":[9.0,52.0,7.0,49.0],"autoUv":false,"rotation":180}},"children":[]},{"name":"EarShark.166","from":[-0.795799934954,-0.152184502981,-1.52150718423],"to":[0.227325999827,0.376229302786,0.344512383663],"rotationOrigin":[-0.284236967564,0.112022399902,-0.588497400284],"stepParentName":"b_EarL","rotationX":78.282847134267,"rotationY":146.772432432787,"rotationZ":34.810253765361,"group":"EarsDragon0L.005","faces":{"north":{"texture":"#head","uv":[6.0,48.0,7.0,49.0],"autoUv":false,"rotation":270},"east":{"texture":"#head","uv":[10.0,49.0,9.0,52.0],"autoUv":false,"rotation":270},"south":{"texture":"#head","uv":[6.0,52.0,7.0,53.0],"autoUv":false,"rotation":270},"west":{"texture":"#head","uv":[7.0,49.0,6.0,52.0],"autoUv":false,"rotation":90},"up":{"texture":"#head","uv":[6.0,49.0,4.0,52.0],"autoUv":false,"rotation":180},"down":{"texture":"#head","uv":[7.0,52.0,9.0,49.0],"autoUv":false}},"children":[]},{"name":"EarShark.167","from":[0.10591493225,0.922305117588,-1.350901135852],"to":[1.424285906792,1.450718896292,0.158623704364],"rotationOrigin":[0.765100419521,1.186511993408,-0.596138715744],"stepParentName":"b_EarL","rotationX":109.981898506269,"rotationY":135.553313966285,"rotationZ":16.489055081009,"group":"EarsDragon0L.005","faces":{"north":{"texture":"#head","uv":[6.0,48.0,7.0,49.0],"autoUv":false,"rotation":270},"east":{"texture":"#head","uv":[10.0,49.0,9.0,52.0],"autoUv":false,"rotation":270},"south":{"texture":"#head","uv":[6.0,52.0,7.0,53.0],"autoUv":false,"rotation":270},"west":{"texture":"#head","uv":[7.0,49.0,6.0,52.0],"autoUv":false,"rotation":90},"up":{"texture":"#head","uv":[6.0,49.0,4.0,52.0],"autoUv":false,"rotation":180},"down":{"texture":"#head","uv":[7.0,52.0,9.0,49.0],"autoUv":false}},"children":[]},{"name":"EarShark.168","from":[1.106163395705,1.50654128757,-0.82910190899],"to":[2.358051167665,2.034954962223,0.680423129388],"rotationOrigin":[1.732107281685,1.770748138428,-0.074339389801],"stepParentName":"b_EarL","rotationX":-22.300724734443,"rotationY":52.293912455572,"rotationZ":159.822779257282,"group":"EarsDragon0L.005","faces":{"north":{"texture":"#head","uv":[6.0,48.0,7.0,49.0],"autoUv":false,"rotation":270},"east":{"texture":"#head","uv":[10.0,49.0,9.0,52.0],"autoUv":false,"rotation":270},"south":{"texture":"#head","uv":[6.0,52.0,7.0,53.0],"autoUv":false,"rotation":270},"west":{"texture":"#head","uv":[7.0,49.0,6.0,52.0],"autoUv":false,"rotation":90},"up":{"texture":"#head","uv":[6.0,49.0,4.0,52.0],"autoUv":false,"rotation":180},"down":{"texture":"#head","uv":[7.0,52.0,9.0,49.0],"autoUv":false}},"children":[]},{"name":"EarShark.169","from":[2.109349188654,1.700280172922,0.20447817613],"to":[2.867646279486,2.228693951626,1.044783203111],"rotationOrigin":[2.48849773407,1.964487075806,0.624630689621],"stepParentName":"b_EarL","rotationX":12.05252961129,"rotationY":44.526201274799,"rotationZ":133.730418439079,"group":"EarsDragon0L.005","faces":{"north":{"texture":"#head","uv":[6.0,48.0,7.0,49.0],"autoUv":false,"rotation":270},"east":{"texture":"#head","uv":[10.0,49.0,9.0,52.0],"autoUv":false,"rotation":270},"south":{"texture":"#head","uv":[6.0,52.0,7.0,53.0],"autoUv":false,"rotation":270},"west":{"texture":"#head","uv":[7.0,49.0,6.0,52.0],"autoUv":false,"rotation":90},"up":{"texture":"#head","uv":[6.0,49.0,4.0,52.0],"autoUv":false,"rotation":180},"down":{"texture":"#head","uv":[7.0,52.0,9.0,49.0],"autoUv":false}},"children":[]},{"name":"EarShark.170","from":[-0.431591592889,0.40168987055,-0.935117695637],"to":[1.47025528422,0.663854313116,2.009456608601],"rotationOrigin":[0.519331693649,0.532772064209,0.537169456482],"stepParentName":"b_EarL","rotationX":109.553106060365,"rotationY":124.66948948614,"rotationZ":-18.348568959903,"group":"EarsDragon0L.005","faces":{"north":{"texture":"#head","uv":[24.0,33.0,25.0,34.0],"autoUv":false,"rotation":90},"east":{"texture":"#head","uv":[27.0,34.0,28.0,37.0],"autoUv":false,"rotation":270},"south":{"texture":"#head","uv":[24.0,37.0,25.0,38.0],"autoUv":false,"rotation":90},"west":{"texture":"#head","uv":[24.0,34.0,25.0,37.0],"autoUv":false,"rotation":90},"up":{"texture":"#head","uv":[22.0,34.0,24.0,37.0],"autoUv":false,"rotation":180},"down":{"texture":"#head","uv":[27.0,37.0,25.0,34.0],"autoUv":false}},"children":[]},{"name":"EarShark.171","from":[0.848177789095,1.310428981421,-0.07618330949],"to":[2.740521942749,1.503764744165,1.850187385344],"rotationOrigin":[1.794349789619,1.407096862793,0.887001991272],"stepParentName":"b_EarL","rotationX":24.879937353728,"rotationY":70.205506402945,"rotationZ":72.847095724826,"group":"EarsDragon0L.005","faces":{"north":{"texture":"#head","uv":[24.0,33.0,25.0,34.0],"autoUv":false,"rotation":90},"east":{"texture":"#head","uv":[27.0,34.0,28.0,37.0],"autoUv":false,"rotation":270},"south":{"texture":"#head","uv":[24.0,37.0,25.0,38.0],"autoUv":false,"rotation":90},"west":{"texture":"#head","uv":[24.0,34.0,25.0,37.0],"autoUv":false,"rotation":90},"up":{"texture":"#head","uv":[22.0,34.0,24.0,37.0],"autoUv":false,"rotation":180},"down":{"texture":"#head","uv":[27.0,37.0,25.0,34.0],"autoUv":false}},"children":[]}],"groups":[]}