{"textureWidth":64,"textureHeight":64,"textures":{},"textureSizes":{"head":[64,64]},"elements":[{"name":"EarShark.055","from":[-0.258583695413,-0.177797408271,0.733987794608],"to":[0.029018177321,2.17774400251,1.094441929144],"rotationOrigin":[-0.114782750607,0.999973297119,0.914214849472],"stepParentName":"b_EarR","rotationX":-9.782610155737,"rotationY":-0.521626135947,"rotationZ":167.92632059426,"group":"EarsDragon0R.002","faces":{"north":{"texture":"#head","uv":[12.0,47.0,10.0,53.0],"autoUv":false},"east":{"texture":"#head","uv":[6.0,47.0,4.0,53.0],"autoUv":false},"south":{"texture":"#head","uv":[6.0,47.0,8.0,53.0],"autoUv":false},"west":{"texture":"#head","uv":[10.0,47.0,8.0,53.0],"autoUv":false},"up":{"texture":"#head","uv":[8.0,45.0,6.0,47.0],"autoUv":false,"rotation":180},"down":{"texture":"#head","uv":[6.0,55.0,8.0,53.0],"autoUv":false,"rotation":180}},"children":[]},{"name":"EarShark.056","from":[0.007546503193,1.957718814902,0.476840903583],"to":[0.302773039692,3.888533626504,0.836058459994],"rotationOrigin":[0.155159771442,2.923126220703,0.65644967556],"stepParentName":"b_EarR","rotationX":-4.215446333552,"rotationY":-1.655067640737,"rotationZ":-179.216951141371,"group":"EarsDragon0R.002","faces":{"north":{"texture":"#head","uv":[12.0,46.0,10.0,54.0],"autoUv":false},"east":{"texture":"#head","uv":[6.0,46.0,4.0,54.0],"autoUv":false},"south":{"texture":"#head","uv":[6.0,46.0,8.0,54.0],"autoUv":false},"west":{"texture":"#head","uv":[10.0,46.0,8.0,54.0],"autoUv":false},"up":{"texture":"#head","uv":[8.0,45.0,6.0,46.0],"autoUv":false,"rotation":180},"down":{"texture":"#head","uv":[6.0,55.0,8.0,54.0],"autoUv":false,"rotation":180}},"children":[]},{"name":"EarShark.057","from":[-0.029992353029,3.777386122302,0.454728110429],"to":[0.265233289308,5.706492967054,0.814149169873],"rotationOrigin":[0.11762046814,4.741939544678,0.634438633919],"stepParentName":"b_EarR","rotationX":2.752343614037,"rotationY":-2.082336634291,"rotationZ":-178.965449915753,"group":"EarsDragon0R.002","faces":{"north":{"texture":"#head","uv":[12.0,46.0,10.0,54.0],"autoUv":false},"east":{"texture":"#head","uv":[6.0,46.0,4.0,54.0],"autoUv":false},"south":{"texture":"#head","uv":[6.0,46.0,8.0,54.0],"autoUv":false},"west":{"texture":"#head","uv":[10.0,46.0,8.0,54.0],"autoUv":false},"up":{"texture":"#head","uv":[8.0,45.0,6.0,46.0],"autoUv":false,"rotation":180},"down":{"texture":"#head","uv":[6.0,55.0,8.0,54.0],"autoUv":false,"rotation":180}},"children":[]},{"name":"EarShark.058","from":[-0.05257830921,5.62499111496,0.372406924344],"to":[0.242647209795,6.621247593536,0.710320996463],"rotationOrigin":[0.095034450293,6.123119354248,0.541363954544],"stepParentName":"b_EarR","rotationX":-17.003679099119,"rotationY":-2.309344161216,"rotationZ":-179.729993970687,"group":"EarsDragon0R.002","faces":{"north":{"texture":"#head","uv":[12.0,46.0,10.0,54.0],"autoUv":false},"east":{"texture":"#head","uv":[6.0,46.0,4.0,54.0],"autoUv":false},"south":{"texture":"#head","uv":[6.0,46.0,8.0,54.0],"autoUv":false},"west":{"texture":"#head","uv":[10.0,46.0,8.0,54.0],"autoUv":false},"up":{"texture":"#head","uv":[8.0,45.0,6.0,46.0],"autoUv":false,"rotation":180},"down":{"texture":"#head","uv":[6.0,55.0,8.0,54.0],"autoUv":false,"rotation":180}},"children":[]},{"name":"EarShark.059","from":[-0.264210196441,0.684569276585,0.381257874727],"to":[-0.077562609236,0.923455320583,1.477548020124],"rotationOrigin":[-0.170886397362,0.804012298584,0.929402947426],"stepParentName":"b_EarR","rotationX":-7.231341547893,"rotationY":-4.51370404602,"rotationZ":166.34424387681,"group":"EarsDragon0R.002","faces":{"north":{"texture":"#head","uv":[28.0,38.0,22.0,39.0],"autoUv":false,"rotation":90},"east":{"texture":"#head","uv":[28.0,34.0,23.0,36.0],"autoUv":false,"rotation":270},"south":{"texture":"#head","uv":[22.0,34.0,28.0,36.0],"autoUv":false,"rotation":270},"west":{"texture":"#head","uv":[28.0,35.0,23.0,37.0],"autoUv":false,"rotation":90},"up":{"texture":"#head","uv":[29.0,34.0,28.0,36.0],"autoUv":false,"rotation":270},"down":{"texture":"#head","uv":[21.0,36.0,22.0,34.0],"autoUv":false,"rotation":270}},"children":[]},{"name":"EarShark.060","from":[0.054559212708,2.070153326908,-0.102276124776],"to":[0.246460455871,2.305167107662,1.526344155347],"rotationOrigin":[0.15050983429,2.187660217285,0.712033987045],"stepParentName":"b_EarR","rotationX":-2.85880577263,"rotationY":-4.174313226822,"rotationZ":-179.30608511004,"group":"EarsDragon0R.002","faces":{"north":{"texture":"#head","uv":[28.0,38.0,22.0,39.0],"autoUv":false,"rotation":90},"east":{"texture":"#head","uv":[28.0,33.0,22.0,34.0],"autoUv":false,"rotation":90},"south":{"texture":"#head","uv":[22.0,34.0,28.0,36.0],"autoUv":false,"rotation":270},"west":{"texture":"#head","uv":[28.0,36.0,22.0,38.0],"autoUv":false,"rotation":90},"up":{"texture":"#head","uv":[29.0,34.0,28.0,36.0],"autoUv":false,"rotation":270},"down":{"texture":"#head","uv":[21.0,36.0,22.0,34.0],"autoUv":false,"rotation":270}},"children":[]},{"name":"EarShark.061","from":[0.048266102955,3.852490399604,-0.24078611493],"to":[0.240166852787,4.062045122857,1.38787493751],"rotationOrigin":[0.144216477871,3.95726776123,0.573544383049],"stepParentName":"b_EarR","rotationX":0.439588680465,"rotationY":-3.356175025348,"rotationZ":-179.04529482715,"group":"EarsDragon0R.002","faces":{"north":{"texture":"#head","uv":[28.0,38.0,22.0,39.0],"autoUv":false,"rotation":90},"east":{"texture":"#head","uv":[28.0,33.0,22.0,34.0],"autoUv":false,"rotation":90},"south":{"texture":"#head","uv":[22.0,34.0,28.0,36.0],"autoUv":false,"rotation":270},"west":{"texture":"#head","uv":[28.0,36.0,22.0,38.0],"autoUv":false,"rotation":90},"up":{"texture":"#head","uv":[29.0,34.0,28.0,36.0],"autoUv":false,"rotation":270},"down":{"texture":"#head","uv":[21.0,36.0,22.0,34.0],"autoUv":false,"rotation":270}},"children":[]},{"name":"EarShark.062","from":[0.038808246538,4.200634930854,-0.201058427094],"to":[0.23070899637,4.410189654107,1.427602625345],"rotationOrigin":[0.134758621454,4.30541229248,0.613272070885],"stepParentName":"b_EarR","rotationX":2.775221546105,"rotationY":-3.314544808914,"rotationZ":-178.909387723045,"group":"EarsDragon0R.002","faces":{"north":{"texture":"#head","uv":[28.0,38.0,22.0,39.0],"autoUv":false,"rotation":90},"east":{"texture":"#head","uv":[28.0,33.0,22.0,34.0],"autoUv":false,"rotation":90},"south":{"texture":"#head","uv":[22.0,34.0,28.0,36.0],"autoUv":false,"rotation":270},"west":{"texture":"#head","uv":[28.0,36.0,22.0,38.0],"autoUv":false,"rotation":90},"up":{"texture":"#head","uv":[29.0,34.0,28.0,36.0],"autoUv":false,"rotation":270},"down":{"texture":"#head","uv":[21.0,36.0,22.0,34.0],"autoUv":false,"rotation":270}},"children":[]},{"name":"EarShark.063","from":[0.030483385012,4.549176190619,-0.180331746338],"to":[0.222384134844,4.758730913873,1.448329306101],"rotationOrigin":[0.126433759928,4.653953552246,0.63399875164],"stepParentName":"b_EarR","rotationX":2.775221546105,"rotationY":-3.314544808914,"rotationZ":-178.909387723045,"group":"EarsDragon0R.002","faces":{"north":{"texture":"#head","uv":[28.0,38.0,22.0,39.0],"autoUv":false,"rotation":90},"east":{"texture":"#head","uv":[28.0,33.0,22.0,34.0],"autoUv":false,"rotation":90},"south":{"texture":"#head","uv":[22.0,34.0,28.0,36.0],"autoUv":false,"rotation":270},"west":{"texture":"#head","uv":[28.0,36.0,22.0,38.0],"autoUv":false,"rotation":90},"up":{"texture":"#head","uv":[29.0,34.0,28.0,36.0],"autoUv":false,"rotation":270},"down":{"texture":"#head","uv":[21.0,36.0,22.0,34.0],"autoUv":false,"rotation":270}},"children":[]},{"name":"EarShark.064","from":[0.022939046309,4.869816754584,-0.167910019158],"to":[0.214839796141,5.079371477838,1.460751033281],"rotationOrigin":[0.118889421225,4.974594116211,0.646420478821],"stepParentName":"b_EarR","rotationX":2.775221546105,"rotationY":-3.314544808914,"rotationZ":-178.909387723045,"group":"EarsDragon0R.002","faces":{"north":{"texture":"#head","uv":[28.0,38.0,22.0,39.0],"autoUv":false,"rotation":90},"east":{"texture":"#head","uv":[28.0,33.0,22.0,34.0],"autoUv":false,"rotation":90},"south":{"texture":"#head","uv":[22.0,34.0,28.0,36.0],"autoUv":false,"rotation":270},"west":{"texture":"#head","uv":[28.0,36.0,22.0,38.0],"autoUv":false,"rotation":90},"up":{"texture":"#head","uv":[29.0,34.0,28.0,36.0],"autoUv":false,"rotation":270},"down":{"texture":"#head","uv":[21.0,36.0,22.0,34.0],"autoUv":false,"rotation":270}},"children":[]},{"name":"EarShark.065","from":[0.016166528151,5.234501813178,-0.180468360184],"to":[0.208067277983,5.444056536432,1.448192692255],"rotationOrigin":[0.112116903067,5.339279174805,0.633862137794],"stepParentName":"b_EarR","rotationX":2.775221546105,"rotationY":-3.314544808914,"rotationZ":-178.909387723045,"group":"EarsDragon0R.002","faces":{"north":{"texture":"#head","uv":[28.0,38.0,22.0,39.0],"autoUv":false,"rotation":90},"east":{"texture":"#head","uv":[28.0,33.0,22.0,34.0],"autoUv":false,"rotation":90},"south":{"texture":"#head","uv":[22.0,34.0,28.0,36.0],"autoUv":false,"rotation":270},"west":{"texture":"#head","uv":[28.0,36.0,22.0,38.0],"autoUv":false,"rotation":90},"up":{"texture":"#head","uv":[29.0,34.0,28.0,36.0],"autoUv":false,"rotation":270},"down":{"texture":"#head","uv":[21.0,36.0,22.0,34.0],"autoUv":false,"rotation":270}},"children":[]},{"name":"EarShark.066","from":[0.053813932185,3.520392224008,-0.219187256411],"to":[0.2457146666,3.729951098746,1.409453922084],"rotationOrigin":[0.149764299393,3.625171661377,0.595133304596],"stepParentName":"b_EarR","rotationX":-2.815337168091,"rotationY":-3.404887721065,"rotationZ":-179.237277784341,"group":"EarsDragon0R.002","faces":{"north":{"texture":"#head","uv":[28.0,38.0,22.0,39.0],"autoUv":false,"rotation":90},"east":{"texture":"#head","uv":[28.0,33.0,22.0,34.0],"autoUv":false,"rotation":90},"south":{"texture":"#head","uv":[22.0,34.0,28.0,36.0],"autoUv":false,"rotation":270},"west":{"texture":"#head","uv":[28.0,36.0,22.0,38.0],"autoUv":false,"rotation":90},"up":{"texture":"#head","uv":[29.0,34.0,28.0,36.0],"autoUv":false,"rotation":270},"down":{"texture":"#head","uv":[21.0,36.0,22.0,34.0],"autoUv":false,"rotation":270}},"children":[]},{"name":"EarShark.067","from":[0.049022179627,2.434834570805,-0.125541963399],"to":[0.24092342279,2.669848351558,1.503078316724],"rotationOrigin":[0.144972801208,2.552341461182,0.688768148422],"stepParentName":"b_EarR","rotationX":-2.85880577263,"rotationY":-4.174313226822,"rotationZ":-179.30608511004,"group":"EarsDragon0R.002","faces":{"north":{"texture":"#head","uv":[28.0,38.0,22.0,39.0],"autoUv":false,"rotation":90},"east":{"texture":"#head","uv":[28.0,33.0,22.0,34.0],"autoUv":false,"rotation":90},"south":{"texture":"#head","uv":[22.0,34.0,28.0,36.0],"autoUv":false,"rotation":270},"west":{"texture":"#head","uv":[28.0,36.0,22.0,38.0],"autoUv":false,"rotation":90},"up":{"texture":"#head","uv":[29.0,34.0,28.0,36.0],"autoUv":false,"rotation":270},"down":{"texture":"#head","uv":[21.0,36.0,22.0,34.0],"autoUv":false,"rotation":270}},"children":[]},{"name":"EarShark.068","from":[0.043065678858,2.827138037602,-0.150569715321],"to":[0.234966922021,3.062151818355,1.478050564801],"rotationOrigin":[0.13901630044,2.944644927979,0.6637403965],"stepParentName":"b_EarR","rotationX":-2.85880577263,"rotationY":-4.174313226822,"rotationZ":-179.30608511004,"group":"EarsDragon0R.002","faces":{"north":{"texture":"#head","uv":[28.0,38.0,22.0,39.0],"autoUv":false,"rotation":90},"east":{"texture":"#head","uv":[28.0,33.0,22.0,34.0],"autoUv":false,"rotation":90},"south":{"texture":"#head","uv":[22.0,34.0,28.0,36.0],"autoUv":false,"rotation":270},"west":{"texture":"#head","uv":[28.0,36.0,22.0,38.0],"autoUv":false,"rotation":90},"up":{"texture":"#head","uv":[29.0,34.0,28.0,36.0],"autoUv":false,"rotation":270},"down":{"texture":"#head","uv":[21.0,36.0,22.0,34.0],"autoUv":false,"rotation":270}},"children":[]},{"name":"EarShark.069","from":[0.037837457442,3.171483130375,-0.172538080037],"to":[0.229738700605,3.406496911129,1.456082200085],"rotationOrigin":[0.133788079023,3.288990020752,0.641772031784],"stepParentName":"b_EarR","rotationX":-2.85880577263,"rotationY":-4.174313226822,"rotationZ":-179.30608511004,"group":"EarsDragon0R.002","faces":{"north":{"texture":"#head","uv":[28.0,38.0,22.0,39.0],"autoUv":false,"rotation":90},"east":{"texture":"#head","uv":[28.0,33.0,22.0,34.0],"autoUv":false,"rotation":90},"south":{"texture":"#head","uv":[22.0,34.0,28.0,36.0],"autoUv":false,"rotation":270},"west":{"texture":"#head","uv":[28.0,36.0,22.0,38.0],"autoUv":false,"rotation":90},"up":{"texture":"#head","uv":[29.0,34.0,28.0,36.0],"autoUv":false,"rotation":270},"down":{"texture":"#head","uv":[21.0,36.0,22.0,34.0],"autoUv":false,"rotation":270}},"children":[]},{"name":"EarShark.070","from":[-0.092263983559,1.384887600189,-0.003868433694],"to":[0.094383573378,1.623886203522,1.550952639439],"rotationOrigin":[0.001059800386,1.504386901855,0.773542046547],"stepParentName":"b_EarR","rotationX":-7.612684669633,"rotationY":-4.421233529942,"rotationZ":166.314546214299,"group":"EarsDragon0R.002","faces":{"north":{"texture":"#head","uv":[28.0,38.0,22.0,39.0],"autoUv":false,"rotation":90},"east":{"texture":"#head","uv":[28.0,34.0,23.0,36.0],"autoUv":false,"rotation":270},"south":{"texture":"#head","uv":[22.0,34.0,28.0,36.0],"autoUv":false,"rotation":270},"west":{"texture":"#head","uv":[28.0,35.0,23.0,37.0],"autoUv":false,"rotation":90},"up":{"texture":"#head","uv":[29.0,34.0,28.0,36.0],"autoUv":false,"rotation":270},"down":{"texture":"#head","uv":[21.0,36.0,22.0,34.0],"autoUv":false,"rotation":270}},"children":[]},{"name":"EarShark.071","from":[-0.014387110594,1.728028167813,-0.08542432453],"to":[0.172260491745,1.966372619541,1.554335903191],"rotationOrigin":[0.078936696053,1.847200393677,0.734455704689],"stepParentName":"b_EarR","rotationX":-5.014668112676,"rotationY":-5.046685905071,"rotationZ":166.52898683348,"group":"EarsDragon0R.002","faces":{"north":{"texture":"#head","uv":[28.0,38.0,22.0,39.0],"autoUv":false,"rotation":90},"east":{"texture":"#head","uv":[28.0,34.0,23.0,36.0],"autoUv":false,"rotation":270},"south":{"texture":"#head","uv":[22.0,34.0,28.0,36.0],"autoUv":false,"rotation":270},"west":{"texture":"#head","uv":[28.0,35.0,23.0,37.0],"autoUv":false,"rotation":90},"up":{"texture":"#head","uv":[29.0,34.0,28.0,36.0],"autoUv":false,"rotation":270},"down":{"texture":"#head","uv":[21.0,36.0,22.0,34.0],"autoUv":false,"rotation":270}},"children":[]},{"name":"EarShark.072","from":[0.010116150066,5.552373203925,-0.073970504149],"to":[0.202016899898,5.762079921075,1.325387607727],"rotationOrigin":[0.106066524982,5.6572265625,0.625708580017],"stepParentName":"b_EarR","rotationX":0.391158317021,"rotationY":-3.356976078472,"rotationZ":-179.048122525467,"group":"EarsDragon0R.002","faces":{"north":{"texture":"#head","uv":[28.0,38.0,22.0,39.0],"autoUv":false,"rotation":90},"east":{"texture":"#head","uv":[28.0,33.0,22.0,34.0],"autoUv":false,"rotation":90},"south":{"texture":"#head","uv":[22.0,34.0,28.0,36.0],"autoUv":false,"rotation":270},"west":{"texture":"#head","uv":[28.0,36.0,22.0,38.0],"autoUv":false,"rotation":90},"up":{"texture":"#head","uv":[29.0,34.0,28.0,36.0],"autoUv":false,"rotation":270},"down":{"texture":"#head","uv":[21.0,36.0,22.0,34.0],"autoUv":false,"rotation":270}},"children":[]},{"name":"EarShark.073","from":[0.005603869841,6.238882615832,0.051530014339],"to":[0.197504619673,6.451775953504,0.935439218221],"rotationOrigin":[0.101554244757,6.345329284668,0.49348461628],"stepParentName":"b_EarR","rotationX":-4.242856736464,"rotationY":-3.422801386268,"rotationZ":-179.322299979129,"group":"EarsDragon0R.002","faces":{"north":{"texture":"#head","uv":[28.0,38.0,22.0,39.0],"autoUv":false,"rotation":90},"east":{"texture":"#head","uv":[28.0,33.0,22.0,34.0],"autoUv":false,"rotation":90},"south":{"texture":"#head","uv":[22.0,34.0,28.0,36.0],"autoUv":false,"rotation":270},"west":{"texture":"#head","uv":[28.0,36.0,22.0,38.0],"autoUv":false,"rotation":90},"up":{"texture":"#head","uv":[29.0,34.0,28.0,36.0],"autoUv":false,"rotation":270},"down":{"texture":"#head","uv":[21.0,36.0,22.0,34.0],"autoUv":false,"rotation":270}},"children":[]},{"name":"EarShark.074","from":[-0.198011549419,1.033015168919,0.148967754888],"to":[-0.011363962214,1.271901212917,1.531698145572],"rotationOrigin":[-0.10468775034,1.152458190918,0.840332865715],"stepParentName":"b_EarR","rotationX":-7.231341547893,"rotationY":-4.51370404602,"rotationZ":166.34424387681,"group":"EarsDragon0R.002","faces":{"north":{"texture":"#head","uv":[28.0,38.0,22.0,39.0],"autoUv":false,"rotation":90},"east":{"texture":"#head","uv":[28.0,34.0,23.0,36.0],"autoUv":false,"rotation":270},"south":{"texture":"#head","uv":[22.0,34.0,28.0,36.0],"autoUv":false,"rotation":270},"west":{"texture":"#head","uv":[28.0,35.0,23.0,37.0],"autoUv":false,"rotation":90},"up":{"texture":"#head","uv":[29.0,34.0,28.0,36.0],"autoUv":false,"rotation":270},"down":{"texture":"#head","uv":[21.0,36.0,22.0,34.0],"autoUv":false,"rotation":270}},"children":[]},{"name":"EarShark.075","from":[0.005898555204,5.889906480578,0.033168687784],"to":[0.197799305036,6.10279981825,1.136671886481],"rotationOrigin":[0.10184893012,5.996353149414,0.584920287132],"stepParentName":"b_EarR","rotationX":-2.43820016222,"rotationY":-3.399802858672,"rotationZ":-179.214888424242,"group":"EarsDragon0R.002","faces":{"north":{"texture":"#head","uv":[28.0,38.0,22.0,39.0],"autoUv":false,"rotation":90},"east":{"texture":"#head","uv":[28.0,33.0,22.0,34.0],"autoUv":false,"rotation":90},"south":{"texture":"#head","uv":[22.0,34.0,28.0,36.0],"autoUv":false,"rotation":270},"west":{"texture":"#head","uv":[28.0,36.0,22.0,38.0],"autoUv":false,"rotation":90},"up":{"texture":"#head","uv":[29.0,34.0,28.0,36.0],"autoUv":false,"rotation":270},"down":{"texture":"#head","uv":[21.0,36.0,22.0,34.0],"autoUv":false,"rotation":270}},"children":[]},{"name":"EarShark.034","from":[-0.258583695413,-0.177797408271,-1.101393261236],"to":[0.029018177321,2.17774400251,-0.740939126701],"rotationOrigin":[-0.114782750607,0.999973297119,-0.921166181564],"stepParentName":"b_EarL","rotationX":9.782610155737,"rotationY":0.521626082586,"rotationZ":-12.073686122244,"group":"EarsDragon0L.002","faces":{"north":{"texture":"#head","uv":[12.0,47.0,10.0,53.0],"autoUv":false},"east":{"texture":"#head","uv":[4.0,47.0,6.0,53.0],"autoUv":false},"south":{"texture":"#head","uv":[6.0,47.0,8.0,53.0],"autoUv":false},"west":{"texture":"#head","uv":[8.0,47.0,10.0,53.0],"autoUv":false},"up":{"texture":"#head","uv":[6.0,45.0,8.0,47.0],"autoUv":false},"down":{"texture":"#head","uv":[8.0,55.0,6.0,53.0],"autoUv":false}},"children":[]},{"name":"EarShark.035","from":[0.007546503193,1.957718814902,-0.843009792087],"to":[0.302773039692,3.888533626504,-0.483792235676],"rotationOrigin":[0.155159771442,2.923126220703,-0.663401007652],"stepParentName":"b_EarL","rotationX":4.215444626004,"rotationY":1.655067107129,"rotationZ":0.783051252903,"group":"EarsDragon0L.002","faces":{"north":{"texture":"#head","uv":[12.0,46.0,10.0,54.0],"autoUv":false},"east":{"texture":"#head","uv":[4.0,46.0,6.0,54.0],"autoUv":false},"south":{"texture":"#head","uv":[6.0,46.0,8.0,54.0],"autoUv":false},"west":{"texture":"#head","uv":[8.0,46.0,10.0,54.0],"autoUv":false},"up":{"texture":"#head","uv":[6.0,45.0,8.0,46.0],"autoUv":false},"down":{"texture":"#head","uv":[8.0,55.0,6.0,54.0],"autoUv":false}},"children":[]},{"name":"EarShark.036","from":[-0.029992353029,3.777386122302,-0.821100501966],"to":[0.265233289308,5.706492967054,-0.461679442521],"rotationOrigin":[0.11762046814,4.741939544678,-0.641389966011],"stepParentName":"b_EarL","rotationX":-2.75234382748,"rotationY":2.082336420848,"rotationZ":1.034545274807,"group":"EarsDragon0L.002","faces":{"north":{"texture":"#head","uv":[12.0,46.0,10.0,54.0],"autoUv":false},"east":{"texture":"#head","uv":[4.0,46.0,6.0,54.0],"autoUv":false},"south":{"texture":"#head","uv":[6.0,46.0,8.0,54.0],"autoUv":false},"west":{"texture":"#head","uv":[8.0,46.0,10.0,54.0],"autoUv":false},"up":{"texture":"#head","uv":[6.0,45.0,8.0,46.0],"autoUv":false},"down":{"texture":"#head","uv":[8.0,55.0,6.0,54.0],"autoUv":false}},"children":[]},{"name":"EarShark.037","from":[-0.05257830921,5.62499111496,-0.717272328555],"to":[0.242647209795,6.621247593536,-0.379358256436],"rotationOrigin":[0.095034450293,6.123119354248,-0.548315286636],"stepParentName":"b_EarL","rotationX":17.003679099119,"rotationY":2.309344161216,"rotationZ":0.270007489772,"group":"EarsDragon0L.002","faces":{"north":{"texture":"#head","uv":[12.0,46.0,10.0,54.0],"autoUv":false},"east":{"texture":"#head","uv":[4.0,46.0,6.0,54.0],"autoUv":false},"south":{"texture":"#head","uv":[6.0,46.0,8.0,54.0],"autoUv":false},"west":{"texture":"#head","uv":[8.0,46.0,10.0,54.0],"autoUv":false},"up":{"texture":"#head","uv":[6.0,45.0,8.0,46.0],"autoUv":false},"down":{"texture":"#head","uv":[8.0,55.0,6.0,54.0],"autoUv":false}},"children":[]},{"name":"EarShark.038","from":[-0.264210196441,0.684569276585,-1.484499352217],"to":[-0.077562609236,0.923455320583,-0.38820920682],"rotationOrigin":[-0.170886397362,0.804012298584,-0.936354279518],"stepParentName":"b_EarL","rotationX":7.231343255441,"rotationY":4.51370532668,"rotationZ":-13.655750886863,"group":"EarsDragon0L.002","faces":{"north":{"texture":"#head","uv":[28.0,38.0,22.0,39.0],"autoUv":false,"rotation":90},"east":{"texture":"#head","uv":[23.0,34.0,28.0,36.0],"autoUv":false,"rotation":90},"south":{"texture":"#head","uv":[22.0,34.0,28.0,36.0],"autoUv":false,"rotation":270},"west":{"texture":"#head","uv":[23.0,35.0,28.0,37.0],"autoUv":false,"rotation":270},"up":{"texture":"#head","uv":[28.0,34.0,29.0,36.0],"autoUv":false,"rotation":270},"down":{"texture":"#head","uv":[22.0,36.0,21.0,34.0],"autoUv":false,"rotation":270}},"children":[]},{"name":"EarShark.039","from":[0.054559212708,2.070153326908,-1.533295487439],"to":[0.246460455871,2.305167107662,0.095324792683],"rotationOrigin":[0.15050983429,2.187660217285,-0.718985319138],"stepParentName":"b_EarL","rotationX":2.858805559186,"rotationY":4.174312373049,"rotationZ":0.693907946086,"group":"EarsDragon0L.002","faces":{"north":{"texture":"#head","uv":[28.0,38.0,22.0,39.0],"autoUv":false,"rotation":90},"east":{"texture":"#head","uv":[22.0,33.0,28.0,34.0],"autoUv":false,"rotation":270},"south":{"texture":"#head","uv":[22.0,34.0,28.0,36.0],"autoUv":false,"rotation":270},"west":{"texture":"#head","uv":[22.0,36.0,28.0,38.0],"autoUv":false,"rotation":270},"up":{"texture":"#head","uv":[28.0,34.0,29.0,36.0],"autoUv":false,"rotation":270},"down":{"texture":"#head","uv":[22.0,36.0,21.0,34.0],"autoUv":false,"rotation":270}},"children":[]},{"name":"EarShark.040","from":[0.048266102955,3.852490399604,-1.394826269602],"to":[0.240166852787,4.062045122857,0.233834782837],"rotationOrigin":[0.144216477871,3.95726776123,-0.580495715141],"stepParentName":"b_EarL","rotationX":-0.439588653785,"rotationY":3.356174385018,"rotationZ":0.95470665999,"group":"EarsDragon0L.002","faces":{"north":{"texture":"#head","uv":[28.0,38.0,22.0,39.0],"autoUv":false,"rotation":90},"east":{"texture":"#head","uv":[22.0,33.0,28.0,34.0],"autoUv":false,"rotation":270},"south":{"texture":"#head","uv":[22.0,34.0,28.0,36.0],"autoUv":false,"rotation":270},"west":{"texture":"#head","uv":[22.0,36.0,28.0,38.0],"autoUv":false,"rotation":270},"up":{"texture":"#head","uv":[28.0,34.0,29.0,36.0],"autoUv":false,"rotation":270},"down":{"texture":"#head","uv":[22.0,36.0,21.0,34.0],"autoUv":false,"rotation":270}},"children":[]},{"name":"EarShark.041","from":[0.038808246538,4.200634930854,-1.434553957438],"to":[0.23070899637,4.410189654107,0.194107095002],"rotationOrigin":[0.134758621454,4.30541229248,-0.620223402977],"stepParentName":"b_EarL","rotationX":-2.775221759549,"rotationY":3.314545022357,"rotationZ":1.090613017043,"group":"EarsDragon0L.002","faces":{"north":{"texture":"#head","uv":[28.0,38.0,22.0,39.0],"autoUv":false,"rotation":90},"east":{"texture":"#head","uv":[22.0,33.0,28.0,34.0],"autoUv":false,"rotation":270},"south":{"texture":"#head","uv":[22.0,34.0,28.0,36.0],"autoUv":false,"rotation":270},"west":{"texture":"#head","uv":[22.0,36.0,28.0,38.0],"autoUv":false,"rotation":270},"up":{"texture":"#head","uv":[28.0,34.0,29.0,36.0],"autoUv":false,"rotation":270},"down":{"texture":"#head","uv":[22.0,36.0,21.0,34.0],"autoUv":false,"rotation":270}},"children":[]},{"name":"EarShark.042","from":[0.030483385012,4.549176190619,-1.455280638193],"to":[0.222384134844,4.758730913873,0.173380414246],"rotationOrigin":[0.126433759928,4.653953552246,-0.640950083733],"stepParentName":"b_EarL","rotationX":-2.775221759549,"rotationY":3.314545022357,"rotationZ":1.090613017043,"group":"EarsDragon0L.002","faces":{"north":{"texture":"#head","uv":[28.0,38.0,22.0,39.0],"autoUv":false,"rotation":90},"east":{"texture":"#head","uv":[22.0,33.0,28.0,34.0],"autoUv":false,"rotation":270},"south":{"texture":"#head","uv":[22.0,34.0,28.0,36.0],"autoUv":false,"rotation":270},"west":{"texture":"#head","uv":[22.0,36.0,28.0,38.0],"autoUv":false,"rotation":270},"up":{"texture":"#head","uv":[28.0,34.0,29.0,36.0],"autoUv":false,"rotation":270},"down":{"texture":"#head","uv":[22.0,36.0,21.0,34.0],"autoUv":false,"rotation":270}},"children":[]},{"name":"EarShark.043","from":[0.022939046309,4.869816754584,-1.467702365374],"to":[0.214839796141,5.079371477838,0.160958687066],"rotationOrigin":[0.118889421225,4.974594116211,-0.653371810913],"stepParentName":"b_EarL","rotationX":-2.775221759549,"rotationY":3.314545022357,"rotationZ":1.090613017043,"group":"EarsDragon0L.002","faces":{"north":{"texture":"#head","uv":[28.0,38.0,22.0,39.0],"autoUv":false,"rotation":90},"east":{"texture":"#head","uv":[22.0,33.0,28.0,34.0],"autoUv":false,"rotation":270},"south":{"texture":"#head","uv":[22.0,34.0,28.0,36.0],"autoUv":false,"rotation":270},"west":{"texture":"#head","uv":[22.0,36.0,28.0,38.0],"autoUv":false,"rotation":270},"up":{"texture":"#head","uv":[28.0,34.0,29.0,36.0],"autoUv":false,"rotation":270},"down":{"texture":"#head","uv":[22.0,36.0,21.0,34.0],"autoUv":false,"rotation":270}},"children":[]},{"name":"EarShark.044","from":[0.016166528151,5.234501813178,-1.455144024347],"to":[0.208067277983,5.444056536432,0.173517028092],"rotationOrigin":[0.112116903067,5.339279174805,-0.640813469887],"stepParentName":"b_EarL","rotationX":-2.775221759549,"rotationY":3.314545022357,"rotationZ":1.090613017043,"group":"EarsDragon0L.002","faces":{"north":{"texture":"#head","uv":[28.0,38.0,22.0,39.0],"autoUv":false,"rotation":90},"east":{"texture":"#head","uv":[22.0,33.0,28.0,34.0],"autoUv":false,"rotation":270},"south":{"texture":"#head","uv":[22.0,34.0,28.0,36.0],"autoUv":false,"rotation":270},"west":{"texture":"#head","uv":[22.0,36.0,28.0,38.0],"autoUv":false,"rotation":270},"up":{"texture":"#head","uv":[28.0,34.0,29.0,36.0],"autoUv":false,"rotation":270},"down":{"texture":"#head","uv":[22.0,36.0,21.0,34.0],"autoUv":false,"rotation":270}},"children":[]},{"name":"EarShark.045","from":[0.053813932185,3.520392224008,-1.416405254177],"to":[0.2457146666,3.729951098746,0.212235924319],"rotationOrigin":[0.149764299393,3.625171661377,-0.602084636688],"stepParentName":"b_EarL","rotationX":2.815336741205,"rotationY":3.404887721065,"rotationZ":0.762721675087,"group":"EarsDragon0L.002","faces":{"north":{"texture":"#head","uv":[28.0,38.0,22.0,39.0],"autoUv":false,"rotation":90},"east":{"texture":"#head","uv":[22.0,33.0,28.0,34.0],"autoUv":false,"rotation":270},"south":{"texture":"#head","uv":[22.0,34.0,28.0,36.0],"autoUv":false,"rotation":270},"west":{"texture":"#head","uv":[22.0,36.0,28.0,38.0],"autoUv":false,"rotation":270},"up":{"texture":"#head","uv":[28.0,34.0,29.0,36.0],"autoUv":false,"rotation":270},"down":{"texture":"#head","uv":[22.0,36.0,21.0,34.0],"autoUv":false,"rotation":270}},"children":[]},{"name":"EarShark.046","from":[0.049022179627,2.434834570805,-1.510029648816],"to":[0.24092342279,2.669848351558,0.118590631307],"rotationOrigin":[0.144972801208,2.552341461182,-0.695719480515],"stepParentName":"b_EarL","rotationX":2.858805559186,"rotationY":4.174312373049,"rotationZ":0.693907946086,"group":"EarsDragon0L.002","faces":{"north":{"texture":"#head","uv":[28.0,38.0,22.0,39.0],"autoUv":false,"rotation":90},"east":{"texture":"#head","uv":[22.0,33.0,28.0,34.0],"autoUv":false,"rotation":270},"south":{"texture":"#head","uv":[22.0,34.0,28.0,36.0],"autoUv":false,"rotation":270},"west":{"texture":"#head","uv":[22.0,36.0,28.0,38.0],"autoUv":false,"rotation":270},"up":{"texture":"#head","uv":[28.0,34.0,29.0,36.0],"autoUv":false,"rotation":270},"down":{"texture":"#head","uv":[22.0,36.0,21.0,34.0],"autoUv":false,"rotation":270}},"children":[]},{"name":"EarShark.047","from":[0.043065678858,2.827138037602,-1.485001896893],"to":[0.234966922021,3.062151818355,0.143618383229],"rotationOrigin":[0.13901630044,2.944644927979,-0.670691728592],"stepParentName":"b_EarL","rotationX":2.858805559186,"rotationY":4.174312373049,"rotationZ":0.693907946086,"group":"EarsDragon0L.002","faces":{"north":{"texture":"#head","uv":[28.0,38.0,22.0,39.0],"autoUv":false,"rotation":90},"east":{"texture":"#head","uv":[22.0,33.0,28.0,34.0],"autoUv":false,"rotation":270},"south":{"texture":"#head","uv":[22.0,34.0,28.0,36.0],"autoUv":false,"rotation":270},"west":{"texture":"#head","uv":[22.0,36.0,28.0,38.0],"autoUv":false,"rotation":270},"up":{"texture":"#head","uv":[28.0,34.0,29.0,36.0],"autoUv":false,"rotation":270},"down":{"texture":"#head","uv":[22.0,36.0,21.0,34.0],"autoUv":false,"rotation":270}},"children":[]},{"name":"EarShark.048","from":[0.037837457442,3.171483130375,-1.463033532178],"to":[0.229738700605,3.406496911129,0.165586747945],"rotationOrigin":[0.133788079023,3.288990020752,-0.648723363876],"stepParentName":"b_EarL","rotationX":2.858805559186,"rotationY":4.174312373049,"rotationZ":0.693907946086,"group":"EarsDragon0L.002","faces":{"north":{"texture":"#head","uv":[28.0,38.0,22.0,39.0],"autoUv":false,"rotation":90},"east":{"texture":"#head","uv":[22.0,33.0,28.0,34.0],"autoUv":false,"rotation":270},"south":{"texture":"#head","uv":[22.0,34.0,28.0,36.0],"autoUv":false,"rotation":270},"west":{"texture":"#head","uv":[22.0,36.0,28.0,38.0],"autoUv":false,"rotation":270},"up":{"texture":"#head","uv":[28.0,34.0,29.0,36.0],"autoUv":false,"rotation":270},"down":{"texture":"#head","uv":[22.0,36.0,21.0,34.0],"autoUv":false,"rotation":270}},"children":[]},{"name":"EarShark.049","from":[-0.092263983559,1.384887600189,-1.557903971531],"to":[0.094383573378,1.623886203522,-0.003082898399],"rotationOrigin":[0.001059800386,1.504386901855,-0.780493378639],"stepParentName":"b_EarL","rotationX":7.612682962086,"rotationY":4.421234383715,"rotationZ":-13.685457940884,"group":"EarsDragon0L.002","faces":{"north":{"texture":"#head","uv":[28.0,38.0,22.0,39.0],"autoUv":false,"rotation":90},"east":{"texture":"#head","uv":[23.0,34.0,28.0,36.0],"autoUv":false,"rotation":90},"south":{"texture":"#head","uv":[22.0,34.0,28.0,36.0],"autoUv":false,"rotation":270},"west":{"texture":"#head","uv":[23.0,35.0,28.0,37.0],"autoUv":false,"rotation":270},"up":{"texture":"#head","uv":[28.0,34.0,29.0,36.0],"autoUv":false,"rotation":270},"down":{"texture":"#head","uv":[22.0,36.0,21.0,34.0],"autoUv":false,"rotation":270}},"children":[]},{"name":"EarShark.050","from":[-0.014387110594,1.728028167813,-1.561287235283],"to":[0.172260491745,1.966372619541,0.078472992437],"rotationOrigin":[0.078936696053,1.847200393677,-0.741407036781],"stepParentName":"b_EarL","rotationX":5.014668112676,"rotationY":5.046685051297,"rotationZ":-13.471005368871,"group":"EarsDragon0L.002","faces":{"north":{"texture":"#head","uv":[28.0,38.0,22.0,39.0],"autoUv":false,"rotation":90},"east":{"texture":"#head","uv":[23.0,34.0,28.0,36.0],"autoUv":false,"rotation":90},"south":{"texture":"#head","uv":[22.0,34.0,28.0,36.0],"autoUv":false,"rotation":270},"west":{"texture":"#head","uv":[23.0,35.0,28.0,37.0],"autoUv":false,"rotation":270},"up":{"texture":"#head","uv":[28.0,34.0,29.0,36.0],"autoUv":false,"rotation":270},"down":{"texture":"#head","uv":[22.0,36.0,21.0,34.0],"autoUv":false,"rotation":270}},"children":[]},{"name":"EarShark.051","from":[0.010116150066,5.552373203925,-1.33233893982],"to":[0.202016899898,5.762079921075,0.067019172057],"rotationOrigin":[0.106066524982,5.6572265625,-0.632659912109],"stepParentName":"b_EarL","rotationX":-0.39115826366,"rotationY":3.356976932246,"rotationZ":0.951870957545,"group":"EarsDragon0L.002","faces":{"north":{"texture":"#head","uv":[28.0,38.0,22.0,39.0],"autoUv":false,"rotation":90},"east":{"texture":"#head","uv":[22.0,33.0,28.0,34.0],"autoUv":false,"rotation":270},"south":{"texture":"#head","uv":[22.0,34.0,28.0,36.0],"autoUv":false,"rotation":270},"west":{"texture":"#head","uv":[22.0,36.0,28.0,38.0],"autoUv":false,"rotation":270},"up":{"texture":"#head","uv":[28.0,34.0,29.0,36.0],"autoUv":false,"rotation":270},"down":{"texture":"#head","uv":[22.0,36.0,21.0,34.0],"autoUv":false,"rotation":270}},"children":[]},{"name":"EarShark.052","from":[0.005603869841,6.238882615832,-0.942390550313],"to":[0.197504619673,6.451775953504,-0.058481346431],"rotationOrigin":[0.101554244757,6.345329284668,-0.500435948372],"stepParentName":"b_EarL","rotationX":4.242855028917,"rotationY":3.422801386268,"rotationZ":0.677711539851,"group":"EarsDragon0L.002","faces":{"north":{"texture":"#head","uv":[28.0,38.0,22.0,39.0],"autoUv":false,"rotation":90},"east":{"texture":"#head","uv":[22.0,33.0,28.0,34.0],"autoUv":false,"rotation":270},"south":{"texture":"#head","uv":[22.0,34.0,28.0,36.0],"autoUv":false,"rotation":270},"west":{"texture":"#head","uv":[22.0,36.0,28.0,38.0],"autoUv":false,"rotation":270},"up":{"texture":"#head","uv":[28.0,34.0,29.0,36.0],"autoUv":false,"rotation":270},"down":{"texture":"#head","uv":[22.0,36.0,21.0,34.0],"autoUv":false,"rotation":270}},"children":[]},{"name":"EarShark.053","from":[-0.198011549419,1.033015168919,-1.538649477664],"to":[-0.011363962214,1.271901212917,-0.15591908698],"rotationOrigin":[-0.10468775034,1.152458190918,-0.847284197807],"stepParentName":"b_EarL","rotationX":7.231343255441,"rotationY":4.51370532668,"rotationZ":-13.655750886863,"group":"EarsDragon0L.002","faces":{"north":{"texture":"#head","uv":[28.0,38.0,22.0,39.0],"autoUv":false,"rotation":90},"east":{"texture":"#head","uv":[23.0,34.0,28.0,36.0],"autoUv":false,"rotation":90},"south":{"texture":"#head","uv":[22.0,34.0,28.0,36.0],"autoUv":false,"rotation":270},"west":{"texture":"#head","uv":[23.0,35.0,28.0,37.0],"autoUv":false,"rotation":270},"up":{"texture":"#head","uv":[28.0,34.0,29.0,36.0],"autoUv":false,"rotation":270},"down":{"texture":"#head","uv":[22.0,36.0,21.0,34.0],"autoUv":false,"rotation":270}},"children":[]},{"name":"EarShark.054","from":[0.005898555204,5.889906480578,-1.143623218573],"to":[0.197799305036,6.10279981825,-0.040120019876],"rotationOrigin":[0.10184893012,5.996353149414,-0.591871619225],"stepParentName":"b_EarL","rotationX":2.438200375663,"rotationY":3.399802218342,"rotationZ":0.785103191141,"group":"EarsDragon0L.002","faces":{"north":{"texture":"#head","uv":[28.0,38.0,22.0,39.0],"autoUv":false,"rotation":90},"east":{"texture":"#head","uv":[22.0,33.0,28.0,34.0],"autoUv":false,"rotation":270},"south":{"texture":"#head","uv":[22.0,34.0,28.0,36.0],"autoUv":false,"rotation":270},"west":{"texture":"#head","uv":[22.0,36.0,28.0,38.0],"autoUv":false,"rotation":270},"up":{"texture":"#head","uv":[28.0,34.0,29.0,36.0],"autoUv":false,"rotation":270},"down":{"texture":"#head","uv":[22.0,36.0,21.0,34.0],"autoUv":false,"rotation":270}},"children":[]}],"groups":[]}