{"textureWidth":64,"textureHeight":64,"textures":{},"textureSizes":{"head":[64,64]},"elements":[{"name":"EarsWolf0L.104","from":[-0.943258225918,0.520025289353,0.630298737373],"to":[0.158041059971,1.729907953445,0.753182407532],"rotationOrigin":[-0.392608106136,1.124965667725,0.691740512848],"stepParentName":"b_EarR","rotationX":144.350297088938,"rotationY":85.284501373204,"rotationZ":20.339290772754,"group":"EarsWolf0R.005","faces":{"north":{"texture":"#head","uv":[25.0,34.0,24.0,39.0],"autoUv":false,"rotation":180},"east":{"texture":"#head","uv":[27.0,34.0,25.0,39.0],"autoUv":false,"rotation":180},"south":{"texture":"#head","uv":[27.0,34.0,28.0,39.0],"autoUv":false,"rotation":180},"west":{"texture":"#head","uv":[24.0,34.0,22.0,39.0],"autoUv":false,"rotation":180},"up":{"texture":"#head","uv":[27.0,39.0,25.0,40.0],"autoUv":false},"down":{"texture":"#head","uv":[25.0,34.0,27.0,33.0],"autoUv":false}},"children":[]},{"name":"EarsWolf0L.105","from":[-0.650505244732,-0.489488601685,0.82176733017],"to":[-0.185990512371,0.916912078857,1.370866298676],"rotationOrigin":[-0.418248355389,0.213710784912,1.096316814423],"stepParentName":"b_EarR","rotationX":-35.648679976548,"rotationY":94.715428503672,"rotationZ":-130.085706554555,"group":"EarsWolf0R.005","faces":{"north":{"texture":"#head","uv":[12.0,48.0,11.0,53.0],"autoUv":false,"rotation":180},"east":{"texture":"#head","uv":[14.0,48.0,12.0,53.0],"autoUv":false,"rotation":180},"south":{"texture":"#head","uv":[14.0,48.0,15.0,53.0],"autoUv":false,"rotation":180},"west":{"texture":"#head","uv":[11.0,48.0,9.0,53.0],"autoUv":false,"rotation":180},"up":{"texture":"#head","uv":[14.0,53.0,12.0,54.0],"autoUv":false},"down":{"texture":"#head","uv":[12.0,48.0,14.0,47.0],"autoUv":false}},"children":[]},{"name":"EarsWolf0L.106","from":[-0.585741460323,0.837677001953,0.991876244545],"to":[-0.121226251125,1.775981903076,1.564902305603],"rotationOrigin":[-0.353483855724,1.306829452515,1.278389215469],"stepParentName":"b_EarR","rotationX":144.351034749369,"rotationY":85.284576505285,"rotationZ":38.012082523723,"group":"EarsWolf0R.005","faces":{"north":{"texture":"#head","uv":[12.0,48.0,11.0,53.0],"autoUv":false,"rotation":180},"east":{"texture":"#head","uv":[14.0,48.0,12.0,53.0],"autoUv":false,"rotation":180},"south":{"texture":"#head","uv":[14.0,48.0,15.0,53.0],"autoUv":false,"rotation":180},"west":{"texture":"#head","uv":[11.0,48.0,9.0,53.0],"autoUv":false,"rotation":180},"up":{"texture":"#head","uv":[14.0,53.0,12.0,54.0],"autoUv":false},"down":{"texture":"#head","uv":[12.0,48.0,14.0,47.0],"autoUv":false}},"children":[]},{"name":"EarsWolf0L.107","from":[-0.560047060251,1.608631134033,0.829203741525],"to":[-0.095530420542,2.546936035156,1.388357741858],"rotationOrigin":[-0.327789217234,2.077783584595,1.108780860901],"stepParentName":"b_EarR","rotationX":144.351157692774,"rotationY":85.284562844906,"rotationZ":8.846120357316,"group":"EarsWolf0R.005","faces":{"north":{"texture":"#head","uv":[8.0,41.0,6.0,43.0],"autoUv":false,"rotation":180},"east":{"texture":"#head","uv":[8.0,41.0,6.0,43.0],"autoUv":false,"rotation":180},"south":{"texture":"#head","uv":[8.0,41.0,6.0,43.0],"autoUv":false,"rotation":180},"west":{"texture":"#head","uv":[8.0,41.0,6.0,43.0],"autoUv":false,"rotation":180},"up":{"texture":"#head","uv":[8.0,41.0,6.0,43.0],"autoUv":false},"down":{"texture":"#head","uv":[6.0,43.0,8.0,41.0],"autoUv":false}},"children":[]},{"name":"EarsWolf0L.108","from":[-0.569332361221,2.150678662607,0.307135462761],"to":[-0.104814767838,3.088985415151,0.856234669685],"rotationOrigin":[-0.337074518204,2.619831085205,0.581685066223],"stepParentName":"b_EarR","rotationX":144.35134893807,"rotationY":85.284583335474,"rotationZ":-26.028416587193,"group":"EarsWolf0R.005","faces":{"north":{"texture":"#head","uv":[8.0,39.0,6.0,41.0],"autoUv":false,"rotation":180},"east":{"texture":"#head","uv":[8.0,39.0,6.0,41.0],"autoUv":false,"rotation":180},"south":{"texture":"#head","uv":[8.0,39.0,6.0,41.0],"autoUv":false,"rotation":180},"west":{"texture":"#head","uv":[8.0,39.0,6.0,41.0],"autoUv":false,"rotation":180},"up":{"texture":"#head","uv":[8.0,39.0,6.0,41.0],"autoUv":false},"down":{"texture":"#head","uv":[6.0,41.0,8.0,39.0],"autoUv":false}},"children":[]},{"name":"EarsWolf0L.109","from":[-0.611148730978,2.323177278042,-0.416633948119],"to":[-0.146636887327,3.237011015415,0.102318509848],"rotationOrigin":[-0.378890901804,2.780094146729,-0.157157659531],"stepParentName":"b_EarR","rotationX":-35.648765353913,"rotationY":94.715428503672,"rotationZ":121.15740621492,"group":"EarsWolf0R.005","faces":{"north":{"texture":"#head","uv":[10.0,35.0,6.0,39.0],"autoUv":false,"rotation":270},"east":{"texture":"#head","uv":[10.0,35.0,6.0,39.0],"autoUv":false,"rotation":270},"south":{"texture":"#head","uv":[10.0,35.0,6.0,39.0],"autoUv":false,"rotation":270},"west":{"texture":"#head","uv":[10.0,35.0,6.0,39.0],"autoUv":false,"rotation":270},"up":{"texture":"#head","uv":[10.0,35.0,6.0,39.0],"autoUv":false,"rotation":90},"down":{"texture":"#head","uv":[6.0,39.0,10.0,35.0],"autoUv":false,"rotation":90}},"children":[]},{"name":"EarsWolf0L.110","from":[-0.661207735538,2.005733517954,-1.063859343529],"to":[-0.196693956852,2.944040270498,-0.491026759148],"rotationOrigin":[-0.428949892521,2.4748878479,-0.777442932129],"stepParentName":"b_EarR","rotationX":-36.826143117756,"rotationY":95.256427297261,"rotationZ":79.409206800105,"group":"EarsWolf0R.005","faces":{"north":{"texture":"#head","uv":[8.0,39.0,6.0,41.0],"autoUv":false},"east":{"texture":"#head","uv":[8.0,39.0,6.0,41.0],"autoUv":false},"south":{"texture":"#head","uv":[8.0,39.0,6.0,41.0],"autoUv":false},"west":{"texture":"#head","uv":[8.0,39.0,6.0,41.0],"autoUv":false},"up":{"texture":"#head","uv":[8.0,39.0,6.0,41.0],"autoUv":false,"rotation":180},"down":{"texture":"#head","uv":[6.0,41.0,8.0,39.0],"autoUv":false,"rotation":180}},"children":[]},{"name":"EarsWolf0L.111","from":[-0.722308681473,1.321678217548,-1.39907417929],"to":[-0.257793499962,2.259983006817,-0.811000364663],"rotationOrigin":[-0.490050375462,1.790830612183,-1.105037212372],"stepParentName":"b_EarR","rotationX":-35.6475120142,"rotationY":94.715339711212,"rotationZ":44.38255215127,"group":"EarsWolf0R.005","faces":{"north":{"texture":"#head","uv":[8.0,41.0,6.0,43.0],"autoUv":false},"east":{"texture":"#head","uv":[8.0,41.0,6.0,43.0],"autoUv":false},"south":{"texture":"#head","uv":[8.0,41.0,6.0,43.0],"autoUv":false},"west":{"texture":"#head","uv":[8.0,41.0,6.0,43.0],"autoUv":false},"up":{"texture":"#head","uv":[8.0,41.0,6.0,43.0],"autoUv":false,"rotation":180},"down":{"texture":"#head","uv":[6.0,43.0,8.0,41.0],"autoUv":false,"rotation":180}},"children":[]},{"name":"EarsWolf0L.112","from":[-0.76363748312,0.501760510752,-1.343688845634],"to":[-0.299122750759,1.440065355947,-0.76988530159],"rotationOrigin":[-0.53138011694,0.97091293335,-1.056787014008],"stepParentName":"b_EarR","rotationX":-35.648225768968,"rotationY":94.715394352726,"rotationZ":20.340171867156,"group":"EarsWolf0R.005","faces":{"north":{"texture":"#head","uv":[12.0,48.0,11.0,53.0],"autoUv":false,"rotation":180},"east":{"texture":"#head","uv":[14.0,48.0,12.0,53.0],"autoUv":false,"rotation":180},"south":{"texture":"#head","uv":[14.0,48.0,15.0,53.0],"autoUv":false,"rotation":180},"west":{"texture":"#head","uv":[11.0,48.0,9.0,53.0],"autoUv":false,"rotation":180},"up":{"texture":"#head","uv":[14.0,53.0,12.0,54.0],"autoUv":false},"down":{"texture":"#head","uv":[12.0,48.0,14.0,47.0],"autoUv":false}},"children":[]},{"name":"EarsWolf0L.113","from":[-0.783768355846,-0.343050003052,-1.025570750237],"to":[-0.31925457716,0.595254898071,-0.476471662521],"rotationOrigin":[-0.551510512829,0.12610244751,-0.751021385193],"stepParentName":"b_EarR","rotationX":-35.647833033091,"rotationY":94.715408013104,"rotationZ":11.115349963762,"group":"EarsWolf0R.005","faces":{"north":{"texture":"#head","uv":[12.0,48.0,11.0,53.0],"autoUv":false,"rotation":180},"east":{"texture":"#head","uv":[14.0,48.0,12.0,53.0],"autoUv":false,"rotation":180},"south":{"texture":"#head","uv":[14.0,48.0,15.0,53.0],"autoUv":false,"rotation":180},"west":{"texture":"#head","uv":[11.0,48.0,9.0,53.0],"autoUv":false,"rotation":180},"up":{"texture":"#head","uv":[14.0,53.0,12.0,54.0],"autoUv":false},"down":{"texture":"#head","uv":[12.0,48.0,14.0,47.0],"autoUv":false}},"children":[]},{"name":"EarsWolf0L.114","from":[-0.791019902691,-1.799421259841,-0.361620052186],"to":[-0.326504244343,-0.102094700853,0.187479002801],"rotationOrigin":[-0.558761119843,-0.950759887695,-0.087070465088],"stepParentName":"b_EarR","rotationX":-35.648290655765,"rotationY":94.715394352726,"rotationZ":0.154406404668,"group":"EarsWolf0R.005","faces":{"north":{"texture":"#head","uv":[12.0,48.0,11.0,53.0],"autoUv":false,"rotation":180},"east":{"texture":"#head","uv":[14.0,48.0,12.0,53.0],"autoUv":false,"rotation":180},"south":{"texture":"#head","uv":[14.0,48.0,15.0,53.0],"autoUv":false,"rotation":180},"west":{"texture":"#head","uv":[11.0,48.0,9.0,53.0],"autoUv":false,"rotation":180},"up":{"texture":"#head","uv":[14.0,53.0,12.0,54.0],"autoUv":false},"down":{"texture":"#head","uv":[12.0,48.0,14.0,47.0],"autoUv":false}},"children":[]},{"name":"EarsWolf0L.115","from":[-0.973870098591,-1.036964416504,0.21564245224],"to":[-0.001496136189,0.488492965698,0.338526248932],"rotationOrigin":[-0.48768311739,-0.274238586426,0.277084350586],"stepParentName":"b_EarR","rotationX":-35.649513259627,"rotationY":94.715469484807,"rotationZ":-118.592683841958,"group":"EarsWolf0R.005","faces":{"north":{"texture":"#head","uv":[25.0,34.0,24.0,39.0],"autoUv":false,"rotation":180},"east":{"texture":"#head","uv":[27.0,34.0,25.0,39.0],"autoUv":false,"rotation":180},"south":{"texture":"#head","uv":[27.0,34.0,28.0,39.0],"autoUv":false,"rotation":180},"west":{"texture":"#head","uv":[24.0,34.0,22.0,39.0],"autoUv":false,"rotation":180},"up":{"texture":"#head","uv":[27.0,39.0,25.0,40.0],"autoUv":false},"down":{"texture":"#head","uv":[25.0,34.0,27.0,33.0],"autoUv":false}},"children":[]},{"name":"EarsWolf0L.116","from":[-0.923637509564,0.130838394165,0.478212837067],"to":[0.072709799031,1.181270599365,0.601096626434],"rotationOrigin":[-0.425463855267,0.656057357788,0.53965473175],"stepParentName":"b_EarR","rotationX":-35.647576900997,"rotationY":94.715367031969,"rotationZ":-130.497143489778,"group":"EarsWolf0R.005","faces":{"north":{"texture":"#head","uv":[25.0,34.0,24.0,39.0],"autoUv":false,"rotation":180},"east":{"texture":"#head","uv":[27.0,34.0,25.0,39.0],"autoUv":false,"rotation":180},"south":{"texture":"#head","uv":[27.0,34.0,28.0,39.0],"autoUv":false,"rotation":180},"west":{"texture":"#head","uv":[24.0,34.0,22.0,39.0],"autoUv":false,"rotation":180},"up":{"texture":"#head","uv":[27.0,39.0,25.0,40.0],"autoUv":false},"down":{"texture":"#head","uv":[25.0,34.0,27.0,33.0],"autoUv":false}},"children":[]},{"name":"EarsWolf0L.117","from":[-0.853122651577,1.00975227356,0.617440584984],"to":[0.108387053013,2.119760513306,0.740324374351],"rotationOrigin":[-0.372367799282,1.564758300781,0.678882598877],"stepParentName":"b_EarR","rotationX":144.350023881372,"rotationY":85.284672127933,"rotationZ":-14.53484916701,"group":"EarsWolf0R.005","faces":{"north":{"texture":"#head","uv":[25.0,34.0,24.0,39.0],"autoUv":false,"rotation":180},"east":{"texture":"#head","uv":[27.0,34.0,25.0,39.0],"autoUv":false,"rotation":180},"south":{"texture":"#head","uv":[27.0,34.0,28.0,39.0],"autoUv":false,"rotation":180},"west":{"texture":"#head","uv":[24.0,34.0,22.0,39.0],"autoUv":false,"rotation":180},"up":{"texture":"#head","uv":[27.0,39.0,25.0,40.0],"autoUv":false},"down":{"texture":"#head","uv":[25.0,34.0,27.0,33.0],"autoUv":false}},"children":[]},{"name":"EarsWolf0L.118","from":[-0.868135125906,1.363255977631,0.333942420655],"to":[0.119609923632,2.466860294342,0.456826202698],"rotationOrigin":[-0.374261647463,1.915058135986,0.395384311676],"stepParentName":"b_EarR","rotationX":-35.6533142599,"rotationY":94.715790503698,"rotationZ":132.654199191938,"group":"EarsWolf0R.005","faces":{"north":{"texture":"#head","uv":[25.0,34.0,24.0,39.0],"autoUv":false,"rotation":180},"east":{"texture":"#head","uv":[27.0,34.0,25.0,39.0],"autoUv":false,"rotation":180},"south":{"texture":"#head","uv":[27.0,34.0,28.0,39.0],"autoUv":false,"rotation":180},"west":{"texture":"#head","uv":[24.0,34.0,22.0,39.0],"autoUv":false,"rotation":180},"up":{"texture":"#head","uv":[27.0,39.0,25.0,40.0],"autoUv":false},"down":{"texture":"#head","uv":[25.0,34.0,27.0,33.0],"autoUv":false}},"children":[]},{"name":"EarsWolf0L.119","from":[-0.906720101833,1.590270996094,0.026726249543],"to":[0.16262537241,2.743602752686,0.149640556487],"rotationOrigin":[-0.372048318386,2.16693687439,0.088183403015],"stepParentName":"b_EarR","rotationX":-36.826566589484,"rotationY":95.256167750072,"rotationZ":90.901717248514,"group":"EarsWolf0R.005","faces":{"north":{"texture":"#head","uv":[25.0,34.0,24.0,39.0],"autoUv":false,"rotation":180},"east":{"texture":"#head","uv":[27.0,34.0,25.0,39.0],"autoUv":false,"rotation":180},"south":{"texture":"#head","uv":[27.0,34.0,28.0,39.0],"autoUv":false,"rotation":180},"west":{"texture":"#head","uv":[24.0,34.0,22.0,39.0],"autoUv":false,"rotation":180},"up":{"texture":"#head","uv":[27.0,39.0,25.0,40.0],"autoUv":false},"down":{"texture":"#head","uv":[25.0,34.0,27.0,33.0],"autoUv":false}},"children":[]},{"name":"EarsWolf0L.120","from":[-0.908114016056,1.474081190692,-0.380570050392],"to":[0.069743573666,2.499275056255,-0.257686380234],"rotationOrigin":[-0.419184267521,1.986675262451,-0.319128036499],"stepParentName":"b_EarR","rotationX":-35.64602986315,"rotationY":94.715148465916,"rotationZ":55.873061354252,"group":"EarsWolf0R.005","faces":{"north":{"texture":"#head","uv":[25.0,34.0,24.0,39.0],"autoUv":false,"rotation":180},"east":{"texture":"#head","uv":[27.0,34.0,25.0,39.0],"autoUv":false,"rotation":180},"south":{"texture":"#head","uv":[27.0,34.0,28.0,39.0],"autoUv":false,"rotation":180},"west":{"texture":"#head","uv":[24.0,34.0,22.0,39.0],"autoUv":false,"rotation":180},"up":{"texture":"#head","uv":[27.0,39.0,25.0,40.0],"autoUv":false},"down":{"texture":"#head","uv":[25.0,34.0,27.0,33.0],"autoUv":false}},"children":[]},{"name":"EarsWolf0L.121","from":[-0.998754350117,0.8743724823,-0.556391593132],"to":[0.075531987122,2.035303115845,-0.433507922974],"rotationOrigin":[-0.4616112113,1.45484161377,-0.494949817657],"stepParentName":"b_EarR","rotationX":-35.647426636835,"rotationY":94.715353371591,"rotationZ":31.831563872089,"group":"EarsWolf0R.005","faces":{"north":{"texture":"#head","uv":[25.0,34.0,24.0,39.0],"autoUv":false,"rotation":180},"east":{"texture":"#head","uv":[27.0,34.0,25.0,39.0],"autoUv":false,"rotation":180},"south":{"texture":"#head","uv":[27.0,34.0,28.0,39.0],"autoUv":false,"rotation":180},"west":{"texture":"#head","uv":[24.0,34.0,22.0,39.0],"autoUv":false,"rotation":180},"up":{"texture":"#head","uv":[27.0,39.0,25.0,40.0],"autoUv":false},"down":{"texture":"#head","uv":[25.0,34.0,27.0,33.0],"autoUv":false}},"children":[]},{"name":"EarsWolf0L.122","from":[-1.03491068477,0.09004027865,-0.365238189697],"to":[0.064176207726,1.293649601721,-0.242354393005],"rotationOrigin":[-0.485367238522,0.691844940186,-0.303796291351],"stepParentName":"b_EarR","rotationX":-35.649475693586,"rotationY":94.715476314996,"rotationZ":22.609237549063,"group":"EarsWolf0R.005","faces":{"north":{"texture":"#head","uv":[25.0,34.0,24.0,39.0],"autoUv":false,"rotation":180},"east":{"texture":"#head","uv":[27.0,34.0,25.0,39.0],"autoUv":false,"rotation":180},"south":{"texture":"#head","uv":[27.0,34.0,28.0,39.0],"autoUv":false,"rotation":180},"west":{"texture":"#head","uv":[24.0,34.0,22.0,39.0],"autoUv":false,"rotation":180},"up":{"texture":"#head","uv":[27.0,39.0,25.0,40.0],"autoUv":false},"down":{"texture":"#head","uv":[25.0,34.0,27.0,33.0],"autoUv":false}},"children":[]},{"name":"EarsWolf0L.123","from":[-1.046224474907,-1.412786614859,0.147537827492],"to":[0.047182202339,0.786621224845,0.270421624184],"rotationOrigin":[-0.49952018261,-0.313083648682,0.208979606628],"stepParentName":"b_EarR","rotationX":-35.6454936933,"rotationY":94.715223597996,"rotationZ":11.643602770586,"group":"EarsWolf0R.005","faces":{"north":{"texture":"#head","uv":[25.0,34.0,24.0,39.0],"autoUv":false,"rotation":180},"east":{"texture":"#head","uv":[27.0,34.0,25.0,39.0],"autoUv":false,"rotation":180},"south":{"texture":"#head","uv":[27.0,34.0,28.0,39.0],"autoUv":false,"rotation":180},"west":{"texture":"#head","uv":[24.0,34.0,22.0,39.0],"autoUv":false,"rotation":180},"up":{"texture":"#head","uv":[27.0,39.0,25.0,40.0],"autoUv":false},"down":{"texture":"#head","uv":[25.0,34.0,27.0,33.0],"autoUv":false}},"children":[]},{"name":"EarsWolf0L.124","from":[-0.802277743816,0.616647720337,-0.146194806078],"to":[0.557070910931,2.731599807739,0.174514820555],"rotationOrigin":[-0.122603356838,1.674121856689,0.014159917831],"stepParentName":"b_EarR","rotationX":-35.648236014252,"rotationY":94.715380692347,"rotationZ":35.13449650564,"group":"EarsWolf0R.005","faces":{"north":{"texture":"#head","uv":[9.636945724487,38.795406341553,3.602298259735,43.113567352295],"autoUv":false},"east":{"texture":"#head","uv":[9.636945724487,38.795406341553,3.602298259735,43.113567352295],"autoUv":false},"south":{"texture":"#head","uv":[9.636945724487,38.795406341553,3.602298259735,43.113567352295],"autoUv":false},"west":{"texture":"#head","uv":[9.636945724487,38.795406341553,3.602298259735,43.113567352295],"autoUv":false},"up":{"texture":"#head","uv":[9.905303001404,32.665405273438,3.905303001404,38.665405273438],"autoUv":false,"rotation":180},"down":{"texture":"#head","uv":[3.602298259735,43.113567352295,9.636945724487,38.795406341553],"autoUv":false,"rotation":180}},"children":[]},{"name":"EarsWolf0L.125","from":[-1.29606872797,0.84229283015,-0.181557178497],"to":[1.040372312069,2.335628465017,0.141273319721],"rotationOrigin":[-0.127848207951,1.588962554932,-0.020141839981],"stepParentName":"b_EarR","rotationX":-35.649608882275,"rotationY":94.715489975374,"rotationZ":35.13593426046,"group":"EarsWolf0R.005","faces":{"north":{"texture":"#head","uv":[10.039770126343,39.798025131226,4.008204460144,43.02392578125],"autoUv":false},"east":{"texture":"#head","uv":[10.039770126343,39.798025131226,4.008204460144,43.02392578125],"autoUv":false},"south":{"texture":"#head","uv":[10.039770126343,39.798025131226,4.008204460144,43.02392578125],"autoUv":false},"west":{"texture":"#head","uv":[10.039770126343,39.798025131226,4.008204460144,43.02392578125],"autoUv":false},"up":{"texture":"#head","uv":[10.0,35.082160949707,3.968434333801,35.727182388306],"autoUv":false,"rotation":180},"down":{"texture":"#head","uv":[4.008204460144,43.02392578125,10.039770126343,39.798025131226],"autoUv":false,"rotation":180}},"children":[]},{"name":"EarsWolf0L.126","from":[-0.872750356793,-0.763891157062,-0.207147836685],"to":[0.486599847674,1.35105889693,0.115682721138],"rotationOrigin":[-0.19307525456,0.29358291626,-0.045732498169],"stepParentName":"b_EarR","rotationX":-35.648154051982,"rotationY":94.715380692347,"rotationZ":3.85239830039,"group":"EarsWolf0R.005","faces":{"north":{"texture":"#head","uv":[10.0,45.0,4.0,51.0],"autoUv":false},"east":{"texture":"#head","uv":[10.0,45.0,4.0,51.0],"autoUv":false},"south":{"texture":"#head","uv":[10.0,45.0,4.0,51.0],"autoUv":false},"west":{"texture":"#head","uv":[10.0,45.0,4.0,51.0],"autoUv":false},"up":{"texture":"#head","uv":[10.0,45.0,4.0,51.0],"autoUv":false,"rotation":180},"down":{"texture":"#head","uv":[4.0,51.0,10.0,45.0],"autoUv":false,"rotation":180}},"children":[]},{"name":"EarsWolf0L.127","from":[-0.462418153882,0.315097829195,0.680302510346],"to":[0.230147764087,0.998159388212,1.003132989322],"rotationOrigin":[-0.116135194898,0.656627655029,0.841717720032],"stepParentName":"b_EarR","rotationX":-35.648150636887,"rotationY":94.715387522537,"rotationZ":3.85238079803,"group":"EarsWolf0R.005","faces":{"north":{"texture":"#head","uv":[10.0,45.0,4.0,51.0],"autoUv":false},"east":{"texture":"#head","uv":[10.0,45.0,4.0,51.0],"autoUv":false},"south":{"texture":"#head","uv":[10.0,45.0,4.0,51.0],"autoUv":false},"west":{"texture":"#head","uv":[10.0,45.0,4.0,51.0],"autoUv":false},"up":{"texture":"#head","uv":[10.0,45.0,4.0,51.0],"autoUv":false,"rotation":180},"down":{"texture":"#head","uv":[4.0,51.0,10.0,45.0],"autoUv":false,"rotation":180}},"children":[]},{"name":"EarsWolf0LFluff.044","from":[-1.134010255337,0.343733787537,-0.537344435597],"to":[-0.096315324306,0.661027908325,0.137845496083],"rotationOrigin":[-0.615161836147,0.502380371094,-0.199748516083],"stepParentName":"b_EarR","rotationX":-20.951490873346,"rotationY":10.573249802169,"rotationZ":121.965690801299,"group":"EarsWolf0R.005","faces":{"north":{"texture":"#head","uv":[22.0,36.0,21.0,43.0],"autoUv":false,"rotation":90},"east":{"texture":"head","uv":[49.0,57.0,55.0,63.0],"autoUv":false,"rotation":90,"enabled":false},"south":{"texture":"#head","uv":[20.0,36.0,21.0,42.0],"autoUv":false,"rotation":270},"west":{"texture":"#head","uv":[17.0,34.0,18.0,37.0],"autoUv":false,"rotation":270},"up":{"texture":"#head","uv":[26.0,37.0,29.0,43.0],"autoUv":false,"rotation":270},"down":{"texture":"#head","uv":[19.0,43.0,22.0,37.0],"autoUv":false,"rotation":270}},"children":[]},{"name":"EarsWolf0LFluff.045","from":[-1.099600732327,0.44574831025,0.188313484192],"to":[-0.061905801296,0.763042468863,0.863503217697],"rotationOrigin":[-0.580754220486,0.60439491272,0.525908470154],"stepParentName":"b_EarR","rotationX":2.957359639381,"rotationY":8.218122029173,"rotationZ":120.309766078543,"group":"EarsWolf0R.005","faces":{"north":{"texture":"#head","uv":[22.0,36.0,21.0,43.0],"autoUv":false,"rotation":90},"east":{"texture":"head","uv":[49.0,57.0,55.0,63.0],"autoUv":false,"rotation":90,"enabled":false},"south":{"texture":"#head","uv":[20.0,36.0,21.0,42.0],"autoUv":false,"rotation":270},"west":{"texture":"#head","uv":[17.0,34.0,18.0,37.0],"autoUv":false,"rotation":270},"up":{"texture":"#head","uv":[26.0,37.0,29.0,43.0],"autoUv":false,"rotation":270},"down":{"texture":"#head","uv":[19.0,43.0,22.0,37.0],"autoUv":false,"rotation":270}},"children":[]},{"name":"EarsWolf0LFluff.046","from":[-1.08248513937,1.14879990482,-0.735552310944],"to":[-0.140918672085,1.436700812343,-0.122909069061],"rotationOrigin":[-0.611701905727,1.292751312256,-0.429230690002],"stepParentName":"b_EarR","rotationX":-14.243730282884,"rotationY":19.538457922759,"rotationZ":127.589572941239,"group":"EarsWolf0R.005","faces":{"north":{"texture":"#head","uv":[22.0,36.0,21.0,43.0],"autoUv":false,"rotation":90},"east":{"texture":"head","uv":[49.0,57.0,55.0,63.0],"autoUv":false,"rotation":90,"enabled":false},"south":{"texture":"#head","uv":[20.0,36.0,21.0,42.0],"autoUv":false,"rotation":270},"west":{"texture":"#head","uv":[17.0,34.0,18.0,37.0],"autoUv":false,"rotation":270},"up":{"texture":"#head","uv":[26.0,37.0,29.0,43.0],"autoUv":false,"rotation":270},"down":{"texture":"#head","uv":[19.0,43.0,22.0,37.0],"autoUv":false,"rotation":270}},"children":[]},{"name":"EarsWolf0LFluff.048","from":[-1.166138589382,1.033767700195,-0.238183021545],"to":[-0.224570214748,1.321668624878,0.374460309744],"rotationOrigin":[-0.695353448391,1.177719116211,0.068138599396],"stepParentName":"b_EarR","rotationX":-3.929073577126,"rotationY":5.842791410386,"rotationZ":132.64653571969,"group":"EarsWolf0R.005","faces":{"north":{"texture":"#head","uv":[22.0,36.0,21.0,43.0],"autoUv":false,"rotation":90},"east":{"texture":"head","uv":[49.0,57.0,55.0,63.0],"autoUv":false,"rotation":90,"enabled":false},"south":{"texture":"#head","uv":[20.0,36.0,21.0,42.0],"autoUv":false,"rotation":270},"west":{"texture":"#head","uv":[17.0,34.0,18.0,37.0],"autoUv":false,"rotation":270},"up":{"texture":"#head","uv":[26.0,37.0,29.0,43.0],"autoUv":false,"rotation":270},"down":{"texture":"#head","uv":[19.0,43.0,22.0,37.0],"autoUv":false,"rotation":270}},"children":[]},{"name":"EarsWolf0LFluff.049","from":[-1.032379062725,1.176927575108,0.295514822006],"to":[-0.090810744213,1.464828482631,0.908158063889],"rotationOrigin":[-0.561595857143,1.320877075195,0.601836442947],"stepParentName":"b_EarR","rotationX":11.158400646101,"rotationY":5.014502053702,"rotationZ":124.836419309455,"group":"EarsWolf0R.005","faces":{"north":{"texture":"#head","uv":[22.0,36.0,21.0,43.0],"autoUv":false,"rotation":90},"east":{"texture":"head","uv":[49.0,57.0,55.0,63.0],"autoUv":false,"rotation":90,"enabled":false},"south":{"texture":"#head","uv":[20.0,36.0,21.0,42.0],"autoUv":false,"rotation":270},"west":{"texture":"#head","uv":[17.0,34.0,18.0,37.0],"autoUv":false,"rotation":270},"up":{"texture":"#head","uv":[26.0,37.0,29.0,43.0],"autoUv":false,"rotation":270},"down":{"texture":"#head","uv":[19.0,43.0,22.0,37.0],"autoUv":false,"rotation":270}},"children":[]},{"name":"EarsWolf0LFluff.050","from":[-0.894890725613,1.761981970637,-0.567863225937],"to":[-0.178757607937,1.980953210027,-0.101901054382],"rotationOrigin":[-0.536824166775,1.871465682983,-0.334882259369],"stepParentName":"b_EarR","rotationX":-11.838678949698,"rotationY":8.223276260676,"rotationZ":123.764721647545,"group":"EarsWolf0R.005","faces":{"north":{"texture":"#head","uv":[22.0,36.0,21.0,43.0],"autoUv":false,"rotation":90},"east":{"texture":"head","uv":[49.0,57.0,55.0,63.0],"autoUv":false,"rotation":90,"enabled":false},"south":{"texture":"#head","uv":[20.0,36.0,21.0,42.0],"autoUv":false,"rotation":270},"west":{"texture":"#head","uv":[17.0,34.0,18.0,37.0],"autoUv":false,"rotation":270},"up":{"texture":"#head","uv":[26.0,37.0,29.0,43.0],"autoUv":false,"rotation":270},"down":{"texture":"#head","uv":[19.0,43.0,22.0,37.0],"autoUv":false,"rotation":270}},"children":[]},{"name":"EarsWolf0LFluff.051","from":[-0.938803613186,1.863931655884,0.157834529877],"to":[-0.222668588161,2.082904815674,0.623797178268],"rotationOrigin":[-0.580737054348,1.973419189453,0.390815973282],"stepParentName":"b_EarR","rotationX":3.001086937334,"rotationY":-2.169189746664,"rotationZ":122.704047910956,"group":"EarsWolf0R.005","faces":{"north":{"texture":"#head","uv":[22.0,36.0,21.0,43.0],"autoUv":false,"rotation":90},"east":{"texture":"head","uv":[49.0,57.0,55.0,63.0],"autoUv":false,"rotation":90,"enabled":false},"south":{"texture":"#head","uv":[20.0,36.0,21.0,42.0],"autoUv":false,"rotation":270},"west":{"texture":"#head","uv":[17.0,34.0,18.0,37.0],"autoUv":false,"rotation":270},"up":{"texture":"#head","uv":[26.0,37.0,29.0,43.0],"autoUv":false,"rotation":270},"down":{"texture":"#head","uv":[19.0,43.0,22.0,37.0],"autoUv":false,"rotation":270}},"children":[]},{"name":"EarsWolf0L.097","from":[-0.692801892757,-0.01854801178,-1.799507141113],"to":[-0.143702924252,0.445966720581,-0.393106460571],"rotationOrigin":[-0.418252408504,0.213708877563,-1.096307754517],"stepParentName":"b_EarL","rotationX":75.830310618423,"rotationY":-3.605980443062,"rotationZ":3.040448036861,"group":"EarsWolf0L.005","faces":{"north":{"texture":"#head","uv":[12.0,47.0,14.0,48.0],"autoUv":false,"rotation":270},"east":{"texture":"#head","uv":[15.0,48.0,14.0,53.0],"autoUv":false,"rotation":90},"south":{"texture":"#head","uv":[12.0,53.0,14.0,54.0],"autoUv":false,"rotation":270},"west":{"texture":"#head","uv":[11.0,48.0,12.0,53.0],"autoUv":false,"rotation":270},"up":{"texture":"#head","uv":[9.0,48.0,11.0,53.0],"autoUv":false},"down":{"texture":"#head","uv":[14.0,53.0,12.0,48.0],"autoUv":false,"rotation":180}},"children":[]},{"name":"EarsWolf0LFluff.047","from":[-0.952755848313,-0.016477522987,0.04111289978],"to":[-0.277565916633,1.02121728434,0.358407020569],"rotationOrigin":[-0.615159928799,0.502370834351,0.199760437012],"stepParentName":"b_EarL","rotationX":127.336978885354,"rotationY":-56.507821569673,"rotationZ":-70.578222995764,"group":"EarsWolf0L.005","faces":{"north":{"texture":"#head","uv":[19.0,37.0,22.0,43.0],"autoUv":false},"east":{"texture":"#head","uv":[21.0,36.0,20.0,42.0],"autoUv":false},"south":{"texture":"#head","uv":[29.0,37.0,26.0,43.0],"autoUv":false},"west":{"texture":"#head","uv":[21.0,36.0,22.0,43.0],"autoUv":false},"up":{"texture":"#head","uv":[18.0,34.0,17.0,37.0],"autoUv":false,"rotation":270},"down":{"texture":"head","uv":[49.0,63.0,55.0,57.0],"autoUv":false,"rotation":270,"enabled":false}},"children":[]},{"name":"EarsWolf0L.080","from":[-0.640010774136,1.074569940567,-1.747541189194],"to":[-0.066984713078,1.539085149765,-0.809236288071],"rotationOrigin":[-0.353497803211,1.306827545166,-1.278386831284],"stepParentName":"b_EarL","rotationX":87.731143435794,"rotationY":-2.901824225013,"rotationZ":3.718387427553,"group":"EarsWolf0L.005","faces":{"north":{"texture":"#head","uv":[12.0,47.0,14.0,48.0],"autoUv":false,"rotation":270},"east":{"texture":"#head","uv":[15.0,48.0,14.0,53.0],"autoUv":false,"rotation":90},"south":{"texture":"#head","uv":[12.0,53.0,14.0,54.0],"autoUv":false,"rotation":270},"west":{"texture":"#head","uv":[11.0,48.0,12.0,53.0],"autoUv":false,"rotation":270},"up":{"texture":"#head","uv":[9.0,48.0,11.0,53.0],"autoUv":false},"down":{"texture":"#head","uv":[14.0,53.0,12.0,48.0],"autoUv":false,"rotation":180}},"children":[]},{"name":"EarsWolf0L.081","from":[-0.607408208872,1.845527648926,-1.577932357788],"to":[-0.04825420854,2.310044288635,-0.639627456665],"rotationOrigin":[-0.327831208706,2.077787399292,-1.108779907227],"stepParentName":"b_EarL","rotationX":116.832243564522,"rotationY":-0.724292896382,"rotationZ":4.659523462158,"group":"EarsWolf0L.005","faces":{"north":{"texture":"#head","uv":[6.0,41.0,8.0,43.0],"autoUv":false,"rotation":270},"east":{"texture":"#head","uv":[6.0,41.0,8.0,43.0],"autoUv":false,"rotation":90},"south":{"texture":"#head","uv":[6.0,41.0,8.0,43.0],"autoUv":false,"rotation":270},"west":{"texture":"#head","uv":[6.0,41.0,8.0,43.0],"autoUv":false,"rotation":270},"up":{"texture":"#head","uv":[6.0,41.0,8.0,43.0],"autoUv":false},"down":{"texture":"#head","uv":[8.0,43.0,6.0,41.0],"autoUv":false,"rotation":180}},"children":[]},{"name":"EarsWolf0L.082","from":[-0.611623942852,2.387573242188,-1.050826998404],"to":[-0.062524735928,2.852088928223,-0.112520245859],"rotationOrigin":[-0.337074458599,2.619831085205,-0.581674575806],"stepParentName":"b_EarL","rotationX":151.600570213664,"rotationY":2.067311925665,"rotationZ":4.238999387131,"group":"EarsWolf0L.005","faces":{"north":{"texture":"#head","uv":[6.0,39.0,8.0,41.0],"autoUv":false,"rotation":270},"east":{"texture":"#head","uv":[6.0,39.0,8.0,41.0],"autoUv":false,"rotation":90},"south":{"texture":"#head","uv":[6.0,39.0,8.0,41.0],"autoUv":false,"rotation":270},"west":{"texture":"#head","uv":[6.0,39.0,8.0,41.0],"autoUv":false,"rotation":270},"up":{"texture":"#head","uv":[6.0,39.0,8.0,41.0],"autoUv":false},"down":{"texture":"#head","uv":[8.0,41.0,6.0,39.0],"autoUv":false,"rotation":180}},"children":[]},{"name":"EarsWolf0L.083","from":[-0.638358994754,2.547836317554,-0.299736350775],"to":[-0.119406536786,3.012348161205,0.614097416401],"rotationOrigin":[-0.378882825375,2.780090332031,0.157180547714],"stepParentName":"b_EarL","rotationX":-175.594669598082,"rotationY":4.033996808721,"rotationZ":2.443778292337,"group":"EarsWolf0L.005","faces":{"north":{"texture":"#head","uv":[6.0,35.0,10.0,39.0],"autoUv":false,"rotation":180},"east":{"texture":"#head","uv":[6.0,35.0,10.0,39.0],"autoUv":false},"south":{"texture":"#head","uv":[6.0,35.0,10.0,39.0],"autoUv":false,"rotation":180},"west":{"texture":"#head","uv":[6.0,35.0,10.0,39.0],"autoUv":false,"rotation":180},"up":{"texture":"#head","uv":[6.0,35.0,10.0,39.0],"autoUv":false,"rotation":270},"down":{"texture":"#head","uv":[10.0,39.0,6.0,35.0],"autoUv":false,"rotation":90}},"children":[]},{"name":"EarsWolf0L.084","from":[-0.715359926224,2.242647184864,0.308315305063],"to":[-0.142527341843,2.707160935863,1.246622057608],"rotationOrigin":[-0.428943514824,2.474903106689,0.77746963501],"stepParentName":"b_EarL","rotationX":-132.539356391234,"rotationY":5.166685498599,"rotationZ":-0.96874429956,"group":"EarsWolf0L.005","faces":{"north":{"texture":"#head","uv":[6.0,39.0,8.0,41.0],"autoUv":false,"rotation":90},"east":{"texture":"#head","uv":[6.0,39.0,8.0,41.0],"autoUv":false,"rotation":270},"south":{"texture":"#head","uv":[6.0,39.0,8.0,41.0],"autoUv":false,"rotation":90},"west":{"texture":"#head","uv":[6.0,39.0,8.0,41.0],"autoUv":false,"rotation":90},"up":{"texture":"#head","uv":[6.0,39.0,8.0,41.0],"autoUv":false,"rotation":180},"down":{"texture":"#head","uv":[8.0,41.0,6.0,39.0],"autoUv":false}},"children":[]},{"name":"EarsWolf0L.085","from":[-0.784054351208,1.55857661155,0.635840948719],"to":[-0.195980536582,2.023091765373,1.574145737987],"rotationOrigin":[-0.490017384291,1.79083442688,1.104993343353],"stepParentName":"b_EarL","rotationX":-98.638019804388,"rotationY":3.296259325288,"rotationZ":-3.373625091461,"group":"EarsWolf0L.005","faces":{"north":{"texture":"#head","uv":[6.0,41.0,8.0,43.0],"autoUv":false,"rotation":90},"east":{"texture":"#head","uv":[6.0,41.0,8.0,43.0],"autoUv":false,"rotation":270},"south":{"texture":"#head","uv":[6.0,41.0,8.0,43.0],"autoUv":false,"rotation":90},"west":{"texture":"#head","uv":[6.0,41.0,8.0,43.0],"autoUv":false,"rotation":90},"up":{"texture":"#head","uv":[6.0,41.0,8.0,43.0],"autoUv":false,"rotation":180},"down":{"texture":"#head","uv":[8.0,43.0,6.0,41.0],"autoUv":false}},"children":[]},{"name":"EarsWolf0L.086","from":[-0.818286657333,0.738659381866,0.587608365366],"to":[-0.244483113289,1.203174114227,1.525913210562],"rotationOrigin":[-0.531384825706,0.970916748047,1.056762695312],"stepParentName":"b_EarL","rotationX":-74.62877789058,"rotationY":1.637397941354,"rotationZ":-4.422600421549,"group":"EarsWolf0L.005","faces":{"north":{"texture":"#head","uv":[12.0,47.0,14.0,48.0],"autoUv":false,"rotation":270},"east":{"texture":"#head","uv":[15.0,48.0,14.0,53.0],"autoUv":false,"rotation":90},"south":{"texture":"#head","uv":[12.0,53.0,14.0,54.0],"autoUv":false,"rotation":270},"west":{"texture":"#head","uv":[11.0,48.0,12.0,53.0],"autoUv":false,"rotation":270},"up":{"texture":"#head","uv":[9.0,48.0,11.0,53.0],"autoUv":false},"down":{"texture":"#head","uv":[14.0,53.0,12.0,48.0],"autoUv":false,"rotation":180}},"children":[]},{"name":"EarsWolf0L.087","from":[-0.82602596283,-0.106153488159,0.2818775177],"to":[-0.276926875114,0.358360290527,1.220182418823],"rotationOrigin":[-0.551476478577,0.12610244751,0.751029968262],"stepParentName":"b_EarL","rotationX":-65.430828512702,"rotationY":0.908147821739,"rotationZ":-4.627323815976,"group":"EarsWolf0L.005","faces":{"north":{"texture":"#head","uv":[12.0,47.0,14.0,48.0],"autoUv":false,"rotation":270},"east":{"texture":"#head","uv":[15.0,48.0,14.0,53.0],"autoUv":false,"rotation":90},"south":{"texture":"#head","uv":[12.0,53.0,14.0,54.0],"autoUv":false,"rotation":270},"west":{"texture":"#head","uv":[11.0,48.0,12.0,53.0],"autoUv":false,"rotation":270},"up":{"texture":"#head","uv":[9.0,48.0,11.0,53.0],"autoUv":false},"down":{"texture":"#head","uv":[14.0,53.0,12.0,48.0],"autoUv":false,"rotation":180}},"children":[]},{"name":"EarsWolf0L.088","from":[-0.833315296498,-1.183016777039,-0.761616656264],"to":[-0.284216241512,-0.718501091003,0.935709902724],"rotationOrigin":[-0.5587657094,-0.950759887695,0.087044715881],"stepParentName":"b_EarL","rotationX":-54.505636991848,"rotationY":0.012676318335,"rotationZ":-4.715381602964,"group":"EarsWolf0L.005","faces":{"north":{"texture":"#head","uv":[12.0,47.0,14.0,48.0],"autoUv":false,"rotation":270},"east":{"texture":"#head","uv":[15.0,48.0,14.0,53.0],"autoUv":false,"rotation":90},"south":{"texture":"#head","uv":[12.0,53.0,14.0,54.0],"autoUv":false,"rotation":270},"west":{"texture":"#head","uv":[11.0,48.0,12.0,53.0],"autoUv":false,"rotation":270},"up":{"texture":"#head","uv":[9.0,48.0,11.0,53.0],"autoUv":false},"down":{"texture":"#head","uv":[14.0,53.0,12.0,48.0],"autoUv":false,"rotation":180}},"children":[]},{"name":"EarsWolf0L.089","from":[-0.549124121666,-0.760433197021,-1.039766311646],"to":[-0.426240324974,0.211940765381,0.485691070557],"rotationOrigin":[-0.487682104111,-0.27424621582,-0.27703666687],"stepParentName":"b_EarL","rotationX":64.324030508647,"rotationY":-4.139366990821,"rotationZ":2.260742669516,"group":"EarsWolf0L.005","faces":{"north":{"texture":"#head","uv":[25.0,33.0,27.0,34.0],"autoUv":false,"rotation":270},"east":{"texture":"#head","uv":[28.0,34.0,27.0,39.0],"autoUv":false,"rotation":90},"south":{"texture":"#head","uv":[25.0,39.0,27.0,40.0],"autoUv":false,"rotation":270},"west":{"texture":"#head","uv":[24.0,34.0,25.0,39.0],"autoUv":false,"rotation":270},"up":{"texture":"#head","uv":[22.0,34.0,24.0,39.0],"autoUv":false},"down":{"texture":"#head","uv":[27.0,39.0,25.0,34.0],"autoUv":false,"rotation":180}},"children":[]},{"name":"EarsWolf0L.090","from":[-0.486907865915,0.157889425537,-1.064922809601],"to":[-0.364024076548,1.154236734131,-0.014490604401],"rotationOrigin":[-0.425465971231,0.656063079834,-0.539707660675],"stepParentName":"b_EarL","rotationX":76.240606912055,"rotationY":-3.584003455633,"rotationZ":3.066127840593,"group":"EarsWolf0L.005","faces":{"north":{"texture":"#head","uv":[25.0,33.0,27.0,34.0],"autoUv":false,"rotation":270},"east":{"texture":"#head","uv":[28.0,34.0,27.0,39.0],"autoUv":false,"rotation":90},"south":{"texture":"#head","uv":[25.0,39.0,27.0,40.0],"autoUv":false,"rotation":270},"west":{"texture":"#head","uv":[24.0,34.0,25.0,39.0],"autoUv":false,"rotation":270},"up":{"texture":"#head","uv":[22.0,34.0,24.0,39.0],"autoUv":false},"down":{"texture":"#head","uv":[27.0,39.0,25.0,34.0],"autoUv":false,"rotation":180}},"children":[]},{"name":"EarsWolf0L.091","from":[-0.454060789261,0.574314150253,-1.296618425552],"to":[-0.331177119103,1.675613370499,-0.08673576146],"rotationOrigin":[-0.392619013786,1.124963760376,-0.69167804718],"stepParentName":"b_EarL","rotationX":105.373754288369,"rotationY":-1.637384921306,"rotationZ":4.422590603152,"group":"EarsWolf0L.005","faces":{"north":{"texture":"#head","uv":[25.0,33.0,27.0,34.0],"autoUv":false,"rotation":270},"east":{"texture":"#head","uv":[28.0,34.0,27.0,39.0],"autoUv":false,"rotation":90},"south":{"texture":"#head","uv":[25.0,39.0,27.0,40.0],"autoUv":false,"rotation":270},"west":{"texture":"#head","uv":[24.0,34.0,25.0,39.0],"autoUv":false,"rotation":270},"up":{"texture":"#head","uv":[22.0,34.0,24.0,39.0],"autoUv":false},"down":{"texture":"#head","uv":[27.0,39.0,25.0,34.0],"autoUv":false,"rotation":180}},"children":[]},{"name":"EarsWolf0L.092","from":[-0.433778461132,1.084005355835,-1.233855247498],"to":[-0.310894671764,2.045515060425,-0.123847007751],"rotationOrigin":[-0.372336447239,1.564762115479,-0.678851127625],"stepParentName":"b_EarL","rotationX":140.137764257955,"rotationY":1.18217255664,"rotationZ":4.565159703019,"group":"EarsWolf0L.005","faces":{"north":{"texture":"#head","uv":[25.0,33.0,27.0,34.0],"autoUv":false,"rotation":270},"east":{"texture":"#head","uv":[28.0,34.0,27.0,39.0],"autoUv":false,"rotation":90},"south":{"texture":"#head","uv":[25.0,39.0,27.0,40.0],"autoUv":false,"rotation":270},"west":{"texture":"#head","uv":[24.0,34.0,25.0,39.0],"autoUv":false,"rotation":270},"up":{"texture":"#head","uv":[22.0,34.0,24.0,39.0],"autoUv":false},"down":{"texture":"#head","uv":[27.0,39.0,25.0,34.0],"autoUv":false,"rotation":180}},"children":[]},{"name":"EarsWolf0L.093","from":[-0.43593578432,1.421205550067,-0.947150945663],"to":[-0.313052009602,2.408950776227,0.156453371048],"rotationOrigin":[-0.374493896961,1.91508102417,-0.395348787308],"stepParentName":"b_EarL","rotationX":172.902372951803,"rotationY":3.46639037289,"rotationZ":3.198760082434,"group":"EarsWolf0L.005","faces":{"north":{"texture":"#head","uv":[25.0,33.0,27.0,34.0],"autoUv":false,"rotation":270},"east":{"texture":"#head","uv":[28.0,34.0,27.0,39.0],"autoUv":false,"rotation":90},"south":{"texture":"#head","uv":[25.0,39.0,27.0,40.0],"autoUv":false,"rotation":270},"west":{"texture":"#head","uv":[24.0,34.0,25.0,39.0],"autoUv":false,"rotation":270},"up":{"texture":"#head","uv":[22.0,34.0,24.0,39.0],"autoUv":false},"down":{"texture":"#head","uv":[27.0,39.0,25.0,34.0],"autoUv":false,"rotation":180}},"children":[]},{"name":"EarsWolf0L.094","from":[-0.433503743323,1.632263183594,-0.664932250977],"to":[-0.310589436379,2.701610565186,0.488399505615],"rotationOrigin":[-0.372046351433,2.166938781738,-0.088266372681],"stepParentName":"b_EarL","rotationX":-144.079111258132,"rotationY":5.255598339893,"rotationZ":0.082906643745,"group":"EarsWolf0L.005","faces":{"north":{"texture":"#head","uv":[25.0,33.0,27.0,34.0],"autoUv":false,"rotation":270},"east":{"texture":"#head","uv":[28.0,34.0,27.0,39.0],"autoUv":false,"rotation":90},"south":{"texture":"#head","uv":[25.0,39.0,27.0,40.0],"autoUv":false,"rotation":270},"west":{"texture":"#head","uv":[24.0,34.0,25.0,39.0],"autoUv":false,"rotation":270},"up":{"texture":"#head","uv":[22.0,34.0,24.0,39.0],"autoUv":false},"down":{"texture":"#head","uv":[27.0,39.0,25.0,34.0],"autoUv":false,"rotation":180}},"children":[]},{"name":"EarsWolf0L.095","from":[-0.480563089504,1.497765628504,-0.193640617264],"to":[-0.357679441319,2.475622089697,0.831553367508],"rotationOrigin":[-0.419121205807,1.986694335938,0.318957328796],"stepParentName":"b_EarL","rotationX":-110.137087234401,"rotationY":3.901811303941,"rotationZ":-2.649197512286,"group":"EarsWolf0L.005","faces":{"north":{"texture":"#head","uv":[25.0,33.0,27.0,34.0],"autoUv":false,"rotation":270},"east":{"texture":"#head","uv":[28.0,34.0,27.0,39.0],"autoUv":false,"rotation":90},"south":{"texture":"#head","uv":[25.0,39.0,27.0,40.0],"autoUv":false,"rotation":270},"west":{"texture":"#head","uv":[24.0,34.0,25.0,39.0],"autoUv":false,"rotation":270},"up":{"texture":"#head","uv":[22.0,34.0,24.0,39.0],"autoUv":false},"down":{"texture":"#head","uv":[27.0,39.0,25.0,34.0],"autoUv":false,"rotation":180}},"children":[]},{"name":"EarsWolf0L.096","from":[-0.523036208067,0.917698447364,-0.085574626923],"to":[-0.400152537909,1.991984660966,1.075356006622],"rotationOrigin":[-0.461594194174,1.45484161377,0.49489068985],"stepParentName":"b_EarL","rotationX":-86.09725973349,"rotationY":2.484996776431,"rotationZ":-4.008804509742,"group":"EarsWolf0L.005","faces":{"north":{"texture":"#head","uv":[25.0,33.0,27.0,34.0],"autoUv":false,"rotation":270},"east":{"texture":"#head","uv":[28.0,34.0,27.0,39.0],"autoUv":false,"rotation":90},"south":{"texture":"#head","uv":[25.0,39.0,27.0,40.0],"autoUv":false,"rotation":270},"west":{"texture":"#head","uv":[24.0,34.0,25.0,39.0],"autoUv":false,"rotation":270},"up":{"texture":"#head","uv":[22.0,34.0,24.0,39.0],"autoUv":false},"down":{"texture":"#head","uv":[27.0,39.0,25.0,34.0],"autoUv":false,"rotation":180}},"children":[]},{"name":"EarsWolf0L.098","from":[-0.546792805195,0.142296075821,-0.297941136145],"to":[-0.423909008503,1.241382598877,0.905668186927],"rotationOrigin":[-0.485350906849,0.69183921814,0.303865432739],"stepParentName":"b_EarL","rotationX":-76.890786279527,"rotationY":1.811135435559,"rotationZ":-4.354455197313,"group":"EarsWolf0L.005","faces":{"north":{"texture":"#head","uv":[25.0,33.0,27.0,34.0],"autoUv":false,"rotation":270},"east":{"texture":"#head","uv":[28.0,34.0,27.0,39.0],"autoUv":false,"rotation":90},"south":{"texture":"#head","uv":[25.0,39.0,27.0,40.0],"autoUv":false,"rotation":270},"west":{"texture":"#head","uv":[24.0,34.0,25.0,39.0],"autoUv":false,"rotation":270},"up":{"texture":"#head","uv":[22.0,34.0,24.0,39.0],"autoUv":false},"down":{"texture":"#head","uv":[27.0,39.0,25.0,34.0],"autoUv":false,"rotation":180}},"children":[]},{"name":"EarsWolf0L.099","from":[-0.560917377472,-0.859775543213,-1.308859002555],"to":[-0.43803358078,0.233631134033,0.890548837149],"rotationOrigin":[-0.499475598335,-0.31307220459,-0.209154129028],"stepParentName":"b_EarL","rotationX":-65.960093041297,"rotationY":0.950603850733,"rotationZ":-4.618890239899,"group":"EarsWolf0L.005","faces":{"north":{"texture":"#head","uv":[25.0,33.0,27.0,34.0],"autoUv":false,"rotation":270},"east":{"texture":"#head","uv":[28.0,34.0,27.0,39.0],"autoUv":false,"rotation":90},"south":{"texture":"#head","uv":[25.0,39.0,27.0,40.0],"autoUv":false,"rotation":270},"west":{"texture":"#head","uv":[24.0,34.0,25.0,39.0],"autoUv":false,"rotation":270},"up":{"texture":"#head","uv":[22.0,34.0,24.0,39.0],"autoUv":false},"down":{"texture":"#head","uv":[27.0,39.0,25.0,34.0],"autoUv":false,"rotation":180}},"children":[]},{"name":"EarsWolf0LFluff.038","from":[-0.91834706068,0.085542678833,-0.684521932441],"to":[-0.243157327175,1.123237609863,-0.367227773828],"rotationOrigin":[-0.580752313137,0.604389190674,-0.525874376297],"stepParentName":"b_EarL","rotationX":100.782986071717,"rotationY":-58.698406670469,"rotationZ":-74.030309885315,"group":"EarsWolf0L.005","faces":{"north":{"texture":"#head","uv":[19.0,37.0,22.0,43.0],"autoUv":false},"east":{"texture":"#head","uv":[21.0,36.0,20.0,42.0],"autoUv":false},"south":{"texture":"#head","uv":[29.0,37.0,26.0,43.0],"autoUv":false},"west":{"texture":"#head","uv":[21.0,36.0,22.0,43.0],"autoUv":false},"up":{"texture":"#head","uv":[18.0,34.0,17.0,37.0],"autoUv":false,"rotation":270},"down":{"texture":"head","uv":[49.0,63.0,55.0,57.0],"autoUv":false,"rotation":270,"enabled":false}},"children":[]},{"name":"EarsWolf0LFluff.039","from":[-0.91802829504,0.821966171265,0.285297640798],"to":[-0.305385053158,1.76353263855,0.57319854832],"rotationOrigin":[-0.611706674099,1.292749404907,0.429249048233],"stepParentName":"b_EarL","rotationX":127.725889856694,"rotationY":-48.311543339239,"rotationZ":-59.810948863615,"group":"EarsWolf0L.005","faces":{"north":{"texture":"#head","uv":[19.0,37.0,22.0,43.0],"autoUv":false},"east":{"texture":"#head","uv":[21.0,36.0,20.0,42.0],"autoUv":false},"south":{"texture":"#head","uv":[29.0,37.0,26.0,43.0],"autoUv":false},"west":{"texture":"#head","uv":[21.0,36.0,22.0,43.0],"autoUv":false},"up":{"texture":"#head","uv":[18.0,34.0,17.0,37.0],"autoUv":false,"rotation":270},"down":{"texture":"head","uv":[49.0,63.0,55.0,57.0],"autoUv":false,"rotation":270,"enabled":false}},"children":[]},{"name":"EarsWolf0LFluff.040","from":[-1.001662701368,0.706928253174,-0.212090969086],"to":[-0.389019370079,1.648496627808,0.075809955597],"rotationOrigin":[-0.695341050625,1.177715301514,-0.06813955307],"stepParentName":"b_EarL","rotationX":100.236147466388,"rotationY":-47.031296096306,"rotationZ":-81.410493208054,"group":"EarsWolf0L.005","faces":{"north":{"texture":"#head","uv":[19.0,37.0,22.0,43.0],"autoUv":false},"east":{"texture":"#head","uv":[21.0,36.0,20.0,42.0],"autoUv":false},"south":{"texture":"#head","uv":[29.0,37.0,26.0,43.0],"autoUv":false},"west":{"texture":"#head","uv":[21.0,36.0,22.0,43.0],"autoUv":false},"up":{"texture":"#head","uv":[18.0,34.0,17.0,37.0],"autoUv":false,"rotation":270},"down":{"texture":"head","uv":[49.0,63.0,55.0,57.0],"autoUv":false,"rotation":270,"enabled":false}},"children":[]},{"name":"EarsWolf0LFluff.041","from":[-0.867912232876,0.850095748901,-0.745808592799],"to":[-0.255268990993,1.791664123535,-0.457907685277],"rotationOrigin":[-0.561591088772,1.320880889893,-0.601859092712],"stepParentName":"b_EarL","rotationX":86.000093462357,"rotationY":-54.849741922234,"rotationZ":-81.267346103428,"group":"EarsWolf0L.005","faces":{"north":{"texture":"#head","uv":[19.0,37.0,22.0,43.0],"autoUv":false},"east":{"texture":"#head","uv":[21.0,36.0,20.0,42.0],"autoUv":false},"south":{"texture":"#head","uv":[29.0,37.0,26.0,43.0],"autoUv":false},"west":{"texture":"#head","uv":[21.0,36.0,22.0,43.0],"autoUv":false},"up":{"texture":"#head","uv":[18.0,34.0,17.0,37.0],"autoUv":false,"rotation":270},"down":{"texture":"head","uv":[49.0,63.0,55.0,57.0],"autoUv":false,"rotation":270,"enabled":false}},"children":[]},{"name":"EarsWolf0LFluff.042","from":[-0.769804179668,1.513401031494,0.22536040005],"to":[-0.303842008114,2.22953414917,0.44433163944],"rotationOrigin":[-0.5368232131,1.871467590332,0.334846019745],"stepParentName":"b_EarL","rotationX":113.914605317146,"rotationY":-55.363980034655,"rotationZ":-75.424447117563,"group":"EarsWolf0L.005","faces":{"north":{"texture":"#head","uv":[19.0,37.0,22.0,43.0],"autoUv":false},"east":{"texture":"#head","uv":[21.0,36.0,20.0,42.0],"autoUv":false},"south":{"texture":"#head","uv":[29.0,37.0,26.0,43.0],"autoUv":false},"west":{"texture":"#head","uv":[21.0,36.0,22.0,43.0],"autoUv":false},"up":{"texture":"#head","uv":[18.0,34.0,17.0,37.0],"autoUv":false,"rotation":270},"down":{"texture":"head","uv":[49.0,63.0,55.0,57.0],"autoUv":false,"rotation":270,"enabled":false}},"children":[]},{"name":"EarsWolf0LFluff.043","from":[-0.813645064831,1.615345001221,-0.500349998474],"to":[-0.347682416439,2.331480026245,-0.281376838684],"rotationOrigin":[-0.580663621426,1.973413467407,-0.390864372253],"stepParentName":"b_EarL","rotationX":83.625168386052,"rotationY":-57.232176791531,"rotationZ":-94.010218302057,"group":"EarsWolf0L.005","faces":{"north":{"texture":"#head","uv":[19.0,37.0,22.0,43.0],"autoUv":false},"east":{"texture":"#head","uv":[21.0,36.0,20.0,42.0],"autoUv":false},"south":{"texture":"#head","uv":[29.0,37.0,26.0,43.0],"autoUv":false},"west":{"texture":"#head","uv":[21.0,36.0,22.0,43.0],"autoUv":false},"up":{"texture":"#head","uv":[18.0,34.0,17.0,37.0],"autoUv":false,"rotation":270},"down":{"texture":"head","uv":[49.0,63.0,55.0,57.0],"autoUv":false,"rotation":270,"enabled":false}},"children":[]},{"name":"EarsWolf0L.100","from":[-0.282930409291,0.99445132492,-1.071631669998],"to":[0.037779217341,2.353799898644,1.043320417404],"rotationOrigin":[-0.122575566173,1.674125671387,-0.014153718948],"stepParentName":"b_EarL","rotationX":-89.394861404393,"rotationY":2.711688407106,"rotationZ":-3.859138843327,"group":"EarsWolf0L.005","faces":{"north":{"texture":"#head","uv":[3.602298259735,38.795406341553,9.636945724487,43.113567352295],"autoUv":false,"rotation":90},"east":{"texture":"#head","uv":[3.602298259735,38.795406341553,9.636945724487,43.113567352295],"autoUv":false,"rotation":270},"south":{"texture":"#head","uv":[3.905303001404,32.665405273438,9.905303001404,38.665405273438],"autoUv":false,"rotation":90},"west":{"texture":"#head","uv":[3.602298259735,38.795406341553,9.636945724487,43.113567352295],"autoUv":false,"rotation":90},"up":{"texture":"#head","uv":[3.602298259735,38.795406341553,9.636945724487,43.113567352295],"autoUv":false,"rotation":180},"down":{"texture":"#head","uv":[9.636945724487,43.113567352295,3.602298259735,38.795406341553],"autoUv":false}},"children":[]},{"name":"EarsWolf0L.101","from":[-0.289248213172,0.420734475149,-0.726458028157],"to":[0.033582285047,2.757175137507,0.76687760671],"rotationOrigin":[-0.127832874656,1.588954925537,0.020209789276],"stepParentName":"b_EarL","rotationX":-89.394834083637,"rotationY":2.711823730229,"rotationZ":-3.859024010772,"group":"EarsWolf0L.005","faces":{"north":{"texture":"#head","uv":[4.008204460144,39.798025131226,10.039770126343,43.02392578125],"autoUv":false,"rotation":90},"east":{"texture":"#head","uv":[4.008204460144,39.798025131226,10.039770126343,43.02392578125],"autoUv":false,"rotation":270},"south":{"texture":"#head","uv":[3.968434333801,35.082160949707,10.0,35.727182388306],"autoUv":false,"rotation":90},"west":{"texture":"#head","uv":[4.008204460144,39.798025131226,10.039770126343,43.02392578125],"autoUv":false,"rotation":90},"up":{"texture":"#head","uv":[4.008204460144,39.798025131226,10.039770126343,43.02392578125],"autoUv":false,"rotation":180},"down":{"texture":"#head","uv":[10.039770126343,43.02392578125,4.008204460144,39.798025131226],"autoUv":false}},"children":[]},{"name":"EarsWolf0L.102","from":[-0.354481697083,-0.386082649231,-1.011772092731],"to":[-0.031651139259,0.973266601562,1.103177961262],"rotationOrigin":[-0.193066358566,0.293592453003,0.045701980591],"stepParentName":"b_EarL","rotationX":-58.191278784974,"rotationY":0.316452509324,"rotationZ":-4.704808470129,"group":"EarsWolf0L.005","faces":{"north":{"texture":"#head","uv":[4.0,45.0,10.0,51.0],"autoUv":false,"rotation":90},"east":{"texture":"#head","uv":[4.0,45.0,10.0,51.0],"autoUv":false,"rotation":270},"south":{"texture":"#head","uv":[4.0,45.0,10.0,51.0],"autoUv":false,"rotation":90},"west":{"texture":"#head","uv":[4.0,45.0,10.0,51.0],"autoUv":false,"rotation":90},"up":{"texture":"#head","uv":[4.0,45.0,10.0,51.0],"autoUv":false,"rotation":180},"down":{"texture":"#head","uv":[10.0,51.0,4.0,45.0],"autoUv":false}},"children":[]},{"name":"EarsWolf0L.103","from":[-0.27754830352,0.310347557068,-1.183276156096],"to":[0.045282175457,1.002913475037,-0.500214597078],"rotationOrigin":[-0.116133213043,0.656631469727,-0.841746330261],"stepParentName":"b_EarL","rotationX":-58.191271954784,"rotationY":0.316449974684,"rotationZ":-4.704795663524,"group":"EarsWolf0L.005","faces":{"north":{"texture":"#head","uv":[4.0,45.0,10.0,51.0],"autoUv":false,"rotation":90},"east":{"texture":"#head","uv":[4.0,45.0,10.0,51.0],"autoUv":false,"rotation":270},"south":{"texture":"#head","uv":[4.0,45.0,10.0,51.0],"autoUv":false,"rotation":90},"west":{"texture":"#head","uv":[4.0,45.0,10.0,51.0],"autoUv":false,"rotation":90},"up":{"texture":"#head","uv":[4.0,45.0,10.0,51.0],"autoUv":false,"rotation":180},"down":{"texture":"#head","uv":[10.0,51.0,4.0,45.0],"autoUv":false}},"children":[]}],"groups":[]}