{"textureWidth":64,"textureHeight":64,"textures":{},"textureSizes":{"head":[64,64]},"elements":[{"name":"EarBunny0L.014","from":[-1.208061910959,-6.085907578468,1.663409590721],"to":[-0.329586468844,-4.827224493027,4.056621193886],"rotationOrigin":[-0.768824219704,-5.456565856934,2.860015392303],"stepParentName":"b_EarL","rotationX":-109.652294067492,"rotationY":23.026280362047,"rotationZ":-90.359338756713,"group":"EarBunny0L.001","faces":{"north":{"texture":"#head","uv":[6.0,34.0,9.0,36.0],"autoUv":false,"rotation":270},"east":{"texture":"#head","uv":[9.0,36.0,6.0,40.0],"autoUv":false,"rotation":90},"south":{"texture":"#head","uv":[6.0,40.0,9.0,42.0],"autoUv":false,"rotation":270},"west":{"texture":"#head","uv":[21.0,32.0,24.0,42.0],"autoUv":false,"rotation":270},"up":{"texture":"#head","uv":[9.0,36.0,11.0,40.0],"autoUv":false},"down":{"texture":"#head","uv":[6.0,40.0,4.0,36.0],"autoUv":false,"rotation":180}},"children":[]},{"name":"EarBunny0L.015","from":[-1.881534099579,-6.961802124977,2.44258159399],"to":[-0.984813928604,-4.495980262756,3.413553535938],"rotationOrigin":[-1.433173656464,-5.728891372681,2.928067684174],"stepParentName":"b_EarL","rotationX":73.060976268496,"rotationY":103.262631608377,"rotationZ":87.34070250208,"group":"EarBunny0L.001","faces":{"north":{"texture":"#head","uv":[4.0,35.0,6.0,40.0],"autoUv":false},"east":{"texture":"#head","uv":[6.0,35.0,9.0,40.0],"autoUv":false},"south":{"texture":"#head","uv":[9.0,35.0,11.0,40.0],"autoUv":false},"west":{"texture":"#head","uv":[21.0,32.0,24.0,42.0],"autoUv":false},"up":{"texture":"#head","uv":[6.0,33.0,9.0,35.0],"autoUv":false,"rotation":90},"down":{"texture":"#head","uv":[9.0,42.0,6.0,40.0],"autoUv":false,"rotation":270}},"children":[]},{"name":"EarBunny0L.016","from":[-0.721720308065,-5.939419925213,1.731995344162],"to":[0.178690850735,-5.711199738085,3.995573878288],"rotationOrigin":[-0.271514713764,-5.825309753418,2.863784790039],"stepParentName":"b_EarL","rotationX":-110.639119798775,"rotationY":26.3626689697,"rotationZ":-88.43576624114,"group":"EarBunny0L.001","faces":{"north":{"texture":"#head","uv":[11.0,35.0,13.0,36.0],"autoUv":false,"rotation":270},"east":{"texture":"#head","uv":[14.0,36.0,13.0,40.0],"autoUv":false,"rotation":90},"south":{"texture":"#head","uv":[11.0,40.0,13.0,41.0],"autoUv":false,"rotation":270},"west":{"texture":"#head","uv":[10.0,36.0,11.0,40.0],"autoUv":false,"rotation":270},"up":{"texture":"#head","uv":[8.0,36.0,10.0,40.0],"autoUv":false},"down":{"texture":"#head","uv":[13.0,40.0,11.0,36.0],"autoUv":false,"rotation":180}},"children":[]},{"name":"EarBunny0L.017","from":[-1.649584889412,-7.00185342133,2.749803721905],"to":[-0.747257739305,-6.841206096113,3.819545447826],"rotationOrigin":[-1.198421359062,-6.921529769897,3.284675121307],"stepParentName":"b_EarL","rotationX":-113.141298129507,"rotationY":69.515008428803,"rotationZ":-86.489667761685,"group":"EarBunny0L.001","faces":{"north":{"texture":"#head","uv":[4.0,36.0,8.0,37.0],"autoUv":false},"east":{"texture":"#head","uv":[8.0,36.0,12.0,37.0],"autoUv":false},"south":{"texture":"#head","uv":[4.0,36.0,8.0,37.0],"autoUv":false},"west":{"texture":"#head","uv":[12.0,36.0,8.0,37.0],"autoUv":false,"rotation":180},"up":{"texture":"#head","uv":[8.0,34.0,12.0,36.0],"autoUv":false},"down":{"texture":"#head","uv":[12.0,36.0,8.0,34.0],"autoUv":false}},"children":[]},{"name":"EarBunny0L.018","from":[-2.362669557333,-5.937621161342,1.655366897583],"to":[-1.465668737888,-5.751565143466,4.175327301025],"rotationOrigin":[-1.914168715477,-5.844593048096,2.915347576141],"stepParentName":"b_EarL","rotationX":-109.632629952871,"rotationY":-12.537635259353,"rotationZ":-88.564207948482,"group":"EarBunny0L.001","faces":{"north":{"texture":"#head","uv":[12.0,34.0,14.0,35.0],"autoUv":false,"rotation":270},"east":{"texture":"#head","uv":[15.0,35.0,14.0,40.0],"autoUv":false,"rotation":90},"south":{"texture":"#head","uv":[12.0,40.0,14.0,41.0],"autoUv":false,"rotation":270},"west":{"texture":"#head","uv":[11.0,35.0,12.0,40.0],"autoUv":false,"rotation":270},"up":{"texture":"#head","uv":[9.0,35.0,11.0,40.0],"autoUv":false},"down":{"texture":"#head","uv":[14.0,40.0,12.0,35.0],"autoUv":false,"rotation":180}},"children":[]},{"name":"EarBunny0L.019","from":[-1.428839743137,-3.955574631691,0.424518311716],"to":[-0.148097336292,-1.707148790359,1.012906973862],"rotationOrigin":[-0.788468718529,-2.83136177063,0.718712568283],"stepParentName":"b_EarL","rotationX":0.516719018555,"rotationY":-171.89957823824,"rotationZ":3.287590107684,"group":"EarBunny0L.001","faces":{"north":{"texture":"#head","uv":[19.0,37.0,22.0,43.0],"autoUv":false},"east":{"texture":"#head","uv":[21.0,36.0,20.0,42.0],"autoUv":false},"south":{"texture":"#head","uv":[29.0,37.0,26.0,43.0],"autoUv":false},"west":{"texture":"#head","uv":[21.0,36.0,22.0,43.0],"autoUv":false},"up":{"texture":"#head","uv":[18.0,34.0,17.0,37.0],"autoUv":false,"rotation":270},"down":{"texture":"head","uv":[49.0,63.0,55.0,57.0],"autoUv":false,"rotation":270,"enabled":false}},"children":[]},{"name":"EarBunny0L.020","from":[-1.571652360624,-4.137678265572,0.75895832479],"to":[-0.702743880088,-2.357426941395,1.221033811569],"rotationOrigin":[-1.137198090553,-3.247552871704,0.989995956421],"stepParentName":"b_EarL","rotationX":-7.08026075166,"rotationY":-179.390014474561,"rotationZ":19.513660920977,"group":"EarBunny0L.001","faces":{"north":{"texture":"#head","uv":[19.0,36.0,21.0,42.0],"autoUv":false},"east":{"texture":"#head","uv":[20.0,36.0,19.0,42.0],"autoUv":false},"south":{"texture":"#head","uv":[29.0,37.0,27.0,43.0],"autoUv":false},"west":{"texture":"#head","uv":[20.0,36.0,21.0,43.0],"autoUv":false},"up":{"texture":"#head","uv":[18.0,34.0,17.0,37.0],"autoUv":false,"rotation":270},"down":{"texture":"head","uv":[49.0,63.0,55.0,57.0],"autoUv":false,"rotation":270,"enabled":false}},"children":[]},{"name":"EarBunny0L.021","from":[-2.467433833897,-4.131921894848,1.128588546194],"to":[-1.570432281673,-3.907716855407,3.005002509676],"rotationOrigin":[-2.018933057785,-4.019819259644,2.066795825958],"stepParentName":"b_EarL","rotationX":-122.449254534157,"rotationY":7.694483868907,"rotationZ":-91.533161407093,"group":"EarBunny0L.001","faces":{"north":{"texture":"#head","uv":[12.0,40.0,14.0,41.0],"autoUv":false,"rotation":270},"east":{"texture":"#head","uv":[15.0,41.0,14.0,45.0],"autoUv":false,"rotation":90},"south":{"texture":"#head","uv":[12.0,45.0,14.0,46.0],"autoUv":false,"rotation":270},"west":{"texture":"#head","uv":[11.0,41.0,12.0,45.0],"autoUv":false,"rotation":270},"up":{"texture":"#head","uv":[9.0,41.0,11.0,45.0],"autoUv":false},"down":{"texture":"#head","uv":[14.0,45.0,12.0,41.0],"autoUv":false,"rotation":180}},"children":[]},{"name":"EarBunny0L.022","from":[-0.279591083527,-4.224656073357,1.031125187874],"to":[0.620820730925,-3.943079801296,3.034254312515],"rotationOrigin":[0.170615136623,-4.083868026733,2.032690048218],"stepParentName":"b_EarL","rotationX":-120.9064104233,"rotationY":0.027518186833,"rotationZ":-85.253171295481,"group":"EarBunny0L.001","faces":{"north":{"texture":"#head","uv":[11.0,40.0,13.0,41.0],"autoUv":false,"rotation":270},"east":{"texture":"#head","uv":[14.0,41.0,13.0,46.0],"autoUv":false,"rotation":90},"south":{"texture":"#head","uv":[11.0,46.0,13.0,47.0],"autoUv":false,"rotation":270},"west":{"texture":"#head","uv":[10.0,41.0,11.0,46.0],"autoUv":false,"rotation":270},"up":{"texture":"#head","uv":[8.0,41.0,10.0,46.0],"autoUv":false},"down":{"texture":"#head","uv":[13.0,46.0,11.0,41.0],"autoUv":false,"rotation":180}},"children":[]},{"name":"EarBunny0L.023","from":[-1.827119293898,-2.157811777352,-1.229622602463],"to":[-0.930117872268,-1.709760962369,2.331282615662],"rotationOrigin":[-1.378618359566,-1.933786392212,0.550830125809],"stepParentName":"b_EarL","rotationX":-127.823452278799,"rotationY":13.760906771777,"rotationZ":-89.544763566108,"group":"EarBunny0L.001","faces":{"north":{"texture":"#head","uv":[12.0,44.0,14.0,45.0],"autoUv":false,"rotation":270},"east":{"texture":"#head","uv":[15.0,45.0,14.0,52.0],"autoUv":false,"rotation":90},"south":{"texture":"#head","uv":[12.0,52.0,14.0,53.0],"autoUv":false,"rotation":270},"west":{"texture":"#head","uv":[11.0,45.0,12.0,52.0],"autoUv":false,"rotation":270},"up":{"texture":"#head","uv":[9.0,45.0,11.0,52.0],"autoUv":false},"down":{"texture":"#head","uv":[14.0,52.0,12.0,45.0],"autoUv":false,"rotation":180}},"children":[]},{"name":"EarBunny0L.024","from":[-0.528518199921,-2.069519653916,-1.587373971939],"to":[0.377793461084,-1.588038980961,2.23889040947],"rotationOrigin":[-0.075362205505,-1.828779220581,0.325758218765],"stepParentName":"b_EarL","rotationX":-129.418957148157,"rotationY":-4.31912348251,"rotationZ":-85.222858915945,"group":"EarBunny0L.001","faces":{"north":{"texture":"#head","uv":[11.0,45.0,13.0,46.0],"autoUv":false,"rotation":270},"east":{"texture":"#head","uv":[14.0,46.0,13.0,53.0],"autoUv":false,"rotation":90},"south":{"texture":"#head","uv":[11.0,53.0,13.0,54.0],"autoUv":false,"rotation":270},"west":{"texture":"#head","uv":[10.0,46.0,11.0,53.0],"autoUv":false,"rotation":270},"up":{"texture":"#head","uv":[8.0,46.0,10.0,53.0],"autoUv":false},"down":{"texture":"#head","uv":[13.0,53.0,11.0,46.0],"autoUv":false,"rotation":180}},"children":[]},{"name":"EarBunny0L.025","from":[-0.911125272512,-2.883974850178,-1.726332187653],"to":[0.019072502851,-1.83212429285,3.828196287155],"rotationOrigin":[-0.446026235819,-2.3580493927,1.050932168961],"stepParentName":"b_EarL","rotationX":-123.197911569083,"rotationY":-0.62485243906,"rotationZ":-90.653193985374,"group":"EarBunny0L.001","faces":{"north":{"texture":"#head","uv":[6.0,39.0,9.0,41.0],"autoUv":false,"rotation":270},"east":{"texture":"#head","uv":[9.0,41.0,6.0,51.0],"autoUv":false,"rotation":90},"south":{"texture":"#head","uv":[6.0,51.0,9.0,53.0],"autoUv":false,"rotation":270},"west":{"texture":"#head","uv":[21.0,32.0,24.0,42.0],"autoUv":false,"rotation":270},"up":{"texture":"#head","uv":[9.0,41.0,11.0,51.0],"autoUv":false},"down":{"texture":"#head","uv":[6.0,51.0,4.0,41.0],"autoUv":false,"rotation":180}},"children":[]},{"name":"EarBunny0L.026","from":[-1.54842787981,-5.236694335938,0.826927065849],"to":[-0.750456780195,-0.495315790176,1.963882148266],"rotationOrigin":[-1.149442076683,-2.866004943848,1.395404815674],"stepParentName":"b_EarL","rotationX":64.838473526743,"rotationY":79.23223659871,"rotationZ":82.740358360212,"group":"EarBunny0L.001","faces":{"north":{"texture":"#head","uv":[4.0,41.0,6.0,52.0],"autoUv":false},"east":{"texture":"#head","uv":[6.0,41.0,9.0,52.0],"autoUv":false},"south":{"texture":"#head","uv":[9.0,41.0,11.0,52.0],"autoUv":false},"west":{"texture":"#head","uv":[21.0,32.0,24.0,42.0],"autoUv":false},"up":{"texture":"#head","uv":[6.0,39.0,9.0,41.0],"autoUv":false,"rotation":90},"down":{"texture":"#head","uv":[9.0,54.0,6.0,52.0],"autoUv":false,"rotation":270}},"children":[]},{"name":"EarBunny0L.027","from":[-1.208493888378,-4.863715529442,1.076397197364],"to":[-0.03097140789,-2.734112620354,1.64034108627],"rotationOrigin":[-0.619732558727,-3.798913955688,1.358369112015],"stepParentName":"b_EarL","rotationX":-3.23390119227,"rotationY":173.155759309632,"rotationZ":-0.898234122324,"group":"EarBunny0L.001","faces":{"north":{"texture":"#head","uv":[17.0,38.0,19.0,44.0],"autoUv":false},"east":{"texture":"#head","uv":[20.0,36.0,19.0,42.0],"autoUv":false},"south":{"texture":"#head","uv":[29.0,37.0,27.0,43.0],"autoUv":false},"west":{"texture":"#head","uv":[20.0,36.0,21.0,43.0],"autoUv":false},"up":{"texture":"#head","uv":[18.0,34.0,17.0,37.0],"autoUv":false,"rotation":270},"down":{"texture":"head","uv":[49.0,63.0,55.0,57.0],"autoUv":false,"rotation":270,"enabled":false}},"children":[]},{"name":"EarBunny0R.014","from":[-1.4033395648,-6.081354081631,-4.069213151932],"to":[-0.524864256382,-4.822671890259,-1.676002264023],"rotationOrigin":[-0.964101910591,-5.452013015747,-2.872607707977],"stepParentName":"b_EarR","rotationX":109.83557536368,"rotationY":-23.834085127637,"rotationZ":89.863521664483,"group":"EarBunny0R.001","faces":{"north":{"texture":"#head","uv":[9.0,40.0,6.0,42.0],"autoUv":false,"rotation":270},"east":{"texture":"#head","uv":[24.0,32.0,21.0,42.0],"autoUv":false,"rotation":270},"south":{"texture":"#head","uv":[9.0,34.0,6.0,36.0],"autoUv":false,"rotation":270},"west":{"texture":"#head","uv":[6.0,36.0,9.0,40.0],"autoUv":false,"rotation":90},"up":{"texture":"#head","uv":[6.0,36.0,4.0,40.0],"autoUv":false,"rotation":180},"down":{"texture":"#head","uv":[9.0,40.0,11.0,36.0],"autoUv":false}},"children":[]},{"name":"EarBunny0R.015","from":[-2.080774903297,-6.947489380836,-3.425659687192],"to":[-1.184055447578,-4.481667995453,-2.454688518374],"rotationOrigin":[-1.632415175438,-5.71457862854,-2.940174102783],"stepParentName":"b_EarR","rotationX":-72.211218773476,"rotationY":-102.447059210153,"rotationZ":-91.884765885187,"group":"EarBunny0R.001","faces":{"north":{"texture":"#head","uv":[11.0,35.0,9.0,40.0],"autoUv":false,"rotation":180},"east":{"texture":"#head","uv":[24.0,32.0,21.0,42.0],"autoUv":false,"rotation":180},"south":{"texture":"#head","uv":[6.0,35.0,4.0,40.0],"autoUv":false,"rotation":180},"west":{"texture":"#head","uv":[9.0,35.0,6.0,40.0],"autoUv":false,"rotation":180},"up":{"texture":"#head","uv":[9.0,40.0,6.0,42.0],"autoUv":false,"rotation":90},"down":{"texture":"#head","uv":[6.0,35.0,9.0,33.0],"autoUv":false,"rotation":270}},"children":[]},{"name":"EarBunny0R.016","from":[-0.586303532124,-6.95971262455,-3.32789349556],"to":[-0.358083426952,-4.696133255959,-2.427482396364],"rotationOrigin":[-0.472193479538,-5.827922821045,-2.877687931061],"stepParentName":"b_EarR","rotationX":-159.980966438459,"rotationY":1.610405887528,"rotationZ":27.178910726463,"group":"EarBunny0R.001","faces":{"north":{"texture":"#head","uv":[11.0,36.0,10.0,40.0],"autoUv":false},"east":{"texture":"#head","uv":[10.0,36.0,8.0,40.0],"autoUv":false},"south":{"texture":"#head","uv":[13.0,36.0,14.0,40.0],"autoUv":false},"west":{"texture":"#head","uv":[13.0,36.0,11.0,40.0],"autoUv":false},"up":{"texture":"#head","uv":[13.0,35.0,11.0,36.0],"autoUv":false,"rotation":180},"down":{"texture":"#head","uv":[11.0,41.0,13.0,40.0],"autoUv":false,"rotation":180}},"children":[]},{"name":"EarBunny0R.017","from":[-1.866626173258,-6.990212835371,-3.833967924118],"to":[-0.964299499989,-6.829565599561,-2.764227151871],"rotationOrigin":[-1.415462851524,-6.909889221191,-3.299097537994],"stepParentName":"b_EarR","rotationX":-66.056658255783,"rotationY":-109.690515806087,"rotationZ":-85.736250084909,"group":"EarBunny0R.001","faces":{"north":{"texture":"#head","uv":[8.0,36.0,4.0,37.0],"autoUv":false,"rotation":180},"east":{"texture":"#head","uv":[8.0,36.0,12.0,37.0],"autoUv":false},"south":{"texture":"#head","uv":[8.0,36.0,4.0,37.0],"autoUv":false,"rotation":180},"west":{"texture":"#head","uv":[12.0,36.0,8.0,37.0],"autoUv":false,"rotation":180},"up":{"texture":"#head","uv":[12.0,34.0,8.0,36.0],"autoUv":false},"down":{"texture":"#head","uv":[8.0,36.0,12.0,34.0],"autoUv":false}},"children":[]},{"name":"EarBunny0R.018","from":[-2.208052955568,-7.083302021027,-3.375479131937],"to":[-2.021997131407,-4.563342452049,-2.478478044271],"rotationOrigin":[-2.115025043488,-5.823322296143,-2.926978588104],"stepParentName":"b_EarR","rotationX":-159.980980098837,"rotationY":1.610404820311,"rotationZ":-11.733864574242,"group":"EarBunny0R.001","faces":{"north":{"texture":"#head","uv":[12.0,35.0,11.0,40.0],"autoUv":false},"east":{"texture":"#head","uv":[11.0,35.0,9.0,40.0],"autoUv":false},"south":{"texture":"#head","uv":[14.0,35.0,15.0,40.0],"autoUv":false},"west":{"texture":"#head","uv":[14.0,35.0,12.0,40.0],"autoUv":false},"up":{"texture":"#head","uv":[14.0,34.0,12.0,35.0],"autoUv":false,"rotation":180},"down":{"texture":"#head","uv":[12.0,41.0,14.0,40.0],"autoUv":false,"rotation":180}},"children":[]},{"name":"EarBunny0R.019","from":[-1.236956357956,-3.470786988735,-1.85112631321],"to":[-0.648567795753,-2.190044462681,0.397299408913],"rotationOrigin":[-0.942762076855,-2.830415725708,-0.726913452148],"stepParentName":"b_EarR","rotationX":-89.962204237611,"rotationY":4.084817685015,"rotationZ":81.966388644223,"group":"EarBunny0R.001","faces":{"north":{"texture":"head","uv":[49.0,57.0,55.0,63.0],"autoUv":false,"rotation":180,"enabled":false},"east":{"texture":"#head","uv":[22.0,37.0,19.0,43.0],"autoUv":false,"rotation":270},"south":{"texture":"#head","uv":[17.0,34.0,18.0,37.0],"autoUv":false,"rotation":180},"west":{"texture":"#head","uv":[26.0,37.0,29.0,43.0],"autoUv":false,"rotation":90},"up":{"texture":"#head","uv":[20.0,36.0,21.0,42.0],"autoUv":false,"rotation":180},"down":{"texture":"#head","uv":[21.0,43.0,22.0,36.0],"autoUv":false}},"children":[]},{"name":"EarBunny0R.020","from":[-1.528894215822,-3.675508618355,-1.888528764248],"to":[-1.066818892956,-2.806600451469,-0.108278274536],"rotationOrigin":[-1.29785656929,-3.241054534912,-0.998403549194],"stepParentName":"b_EarR","rotationX":-82.597853293369,"rotationY":20.345950207194,"rotationZ":89.323957210619,"group":"EarBunny0R.001","faces":{"north":{"texture":"head","uv":[49.0,57.0,55.0,63.0],"autoUv":false,"rotation":180,"enabled":false},"east":{"texture":"#head","uv":[21.0,36.0,19.0,42.0],"autoUv":false,"rotation":270},"south":{"texture":"#head","uv":[17.0,34.0,18.0,37.0],"autoUv":false,"rotation":180},"west":{"texture":"#head","uv":[27.0,37.0,29.0,43.0],"autoUv":false,"rotation":90},"up":{"texture":"#head","uv":[19.0,36.0,20.0,42.0],"autoUv":false,"rotation":180},"down":{"texture":"#head","uv":[20.0,43.0,21.0,36.0],"autoUv":false}},"children":[]},{"name":"EarBunny0R.021","from":[-2.304273992777,-4.936866521835,-2.523747861385],"to":[-2.080069154501,-3.060451686382,-1.626746684313],"rotationOrigin":[-2.192171573639,-3.998659133911,-2.07524728775],"stepParentName":"b_EarR","rotationX":-147.23233639036,"rotationY":-1.137797031046,"rotationZ":8.439030837499,"group":"EarBunny0R.001","faces":{"north":{"texture":"#head","uv":[12.0,41.0,11.0,45.0],"autoUv":false},"east":{"texture":"#head","uv":[11.0,41.0,9.0,45.0],"autoUv":false},"south":{"texture":"#head","uv":[14.0,41.0,15.0,45.0],"autoUv":false},"west":{"texture":"#head","uv":[14.0,41.0,12.0,45.0],"autoUv":false},"up":{"texture":"#head","uv":[14.0,40.0,12.0,41.0],"autoUv":false,"rotation":180},"down":{"texture":"#head","uv":[12.0,46.0,14.0,45.0],"autoUv":false,"rotation":180}},"children":[]},{"name":"EarBunny0R.022","from":[-0.144524350762,-5.096035242081,-2.494525671005],"to":[0.137051716447,-3.092906594276,-1.59411457181],"rotationOrigin":[-0.003736317158,-4.094470977783,-2.044320106506],"stepParentName":"b_EarR","rotationX":-149.064862484296,"rotationY":5.105120307854,"rotationZ":0.783527445155,"group":"EarBunny0R.001","faces":{"north":{"texture":"#head","uv":[11.0,41.0,10.0,46.0],"autoUv":false},"east":{"texture":"#head","uv":[10.0,41.0,8.0,46.0],"autoUv":false},"south":{"texture":"#head","uv":[13.0,41.0,14.0,46.0],"autoUv":false},"west":{"texture":"#head","uv":[13.0,41.0,11.0,46.0],"autoUv":false},"up":{"texture":"#head","uv":[13.0,40.0,11.0,41.0],"autoUv":false,"rotation":180},"down":{"texture":"#head","uv":[11.0,47.0,13.0,46.0],"autoUv":false,"rotation":180}},"children":[]},{"name":"EarBunny0R.023","from":[-1.743634834886,-3.705117702484,-1.005211770535],"to":[-1.295584574342,-0.144213080406,-0.108210593462],"rotationOrigin":[-1.519609689713,-1.92466545105,-0.556711196899],"stepParentName":"b_EarR","rotationX":-142.197134594605,"rotationY":0.887522304632,"rotationZ":14.466478973418,"group":"EarBunny0R.001","faces":{"north":{"texture":"#head","uv":[12.0,45.0,11.0,52.0],"autoUv":false},"east":{"texture":"#head","uv":[11.0,45.0,9.0,52.0],"autoUv":false},"south":{"texture":"#head","uv":[14.0,45.0,15.0,52.0],"autoUv":false},"west":{"texture":"#head","uv":[14.0,45.0,12.0,52.0],"autoUv":false},"up":{"texture":"#head","uv":[14.0,44.0,12.0,45.0],"autoUv":false,"rotation":180},"down":{"texture":"#head","uv":[12.0,53.0,14.0,52.0],"autoUv":false,"rotation":180}},"children":[]},{"name":"EarBunny0R.024","from":[-0.455405429006,-3.752059936523,-0.786451786757],"to":[0.026074841619,0.074203252792,0.119859188795],"rotationOrigin":[-0.214665293694,-1.838928222656,-0.333296298981],"stepParentName":"b_EarR","rotationX":-140.184796940579,"rotationY":5.233734050586,"rotationZ":-3.642761011742,"group":"EarBunny0R.001","faces":{"north":{"texture":"#head","uv":[11.0,46.0,10.0,53.0],"autoUv":false},"east":{"texture":"#head","uv":[10.0,46.0,8.0,53.0],"autoUv":false},"south":{"texture":"#head","uv":[13.0,46.0,14.0,53.0],"autoUv":false},"west":{"texture":"#head","uv":[13.0,46.0,11.0,53.0],"autoUv":false},"up":{"texture":"#head","uv":[13.0,45.0,11.0,46.0],"autoUv":false,"rotation":180},"down":{"texture":"#head","uv":[11.0,54.0,13.0,53.0],"autoUv":false,"rotation":180}},"children":[]},{"name":"EarBunny0R.025","from":[-1.059053212404,-2.887476353292,-3.836091591283],"to":[-0.128855824471,-1.835626216288,1.718437267705],"rotationOrigin":[-0.593954503536,-2.36155128479,-1.05882692337],"stepParentName":"b_EarR","rotationX":123.290487953093,"rotationY":-0.111778193542,"rotationZ":89.758036222941,"group":"EarBunny0R.001","faces":{"north":{"texture":"#head","uv":[9.0,51.0,6.0,53.0],"autoUv":false,"rotation":270},"east":{"texture":"#head","uv":[24.0,32.0,21.0,42.0],"autoUv":false,"rotation":270},"south":{"texture":"#head","uv":[9.0,39.0,6.0,41.0],"autoUv":false,"rotation":270},"west":{"texture":"#head","uv":[6.0,41.0,9.0,51.0],"autoUv":false,"rotation":90},"up":{"texture":"#head","uv":[6.0,41.0,4.0,51.0],"autoUv":false,"rotation":180},"down":{"texture":"#head","uv":[9.0,51.0,11.0,41.0],"autoUv":false}},"children":[]},{"name":"EarBunny0R.026","from":[-1.704113960266,-5.229384660721,-1.971637129784],"to":[-0.906144112349,-0.488007307053,-0.834682524204],"rotationOrigin":[-1.305129051208,-2.858695983887,-1.403159856796],"stepParentName":"b_EarR","rotationX":-66.126333015506,"rotationY":-78.441437296606,"rotationZ":-98.670900335053,"group":"EarBunny0R.001","faces":{"north":{"texture":"#head","uv":[11.0,41.0,9.0,52.0],"autoUv":false,"rotation":180},"east":{"texture":"#head","uv":[24.0,32.0,21.0,42.0],"autoUv":false,"rotation":180},"south":{"texture":"#head","uv":[6.0,41.0,4.0,52.0],"autoUv":false,"rotation":180},"west":{"texture":"#head","uv":[9.0,41.0,6.0,52.0],"autoUv":false,"rotation":180},"up":{"texture":"#head","uv":[9.0,52.0,6.0,54.0],"autoUv":false,"rotation":90},"down":{"texture":"#head","uv":[6.0,41.0,9.0,39.0],"autoUv":false,"rotation":270}},"children":[]},{"name":"EarBunny0R.027","from":[-1.070913076401,-4.387991547585,-2.433219194412],"to":[-0.506969213486,-3.210469603539,-0.303616285324],"rotationOrigin":[-0.788941144943,-3.799230575562,-1.368417739868],"stepParentName":"b_EarR","rotationX":-86.562901049966,"rotationY":-0.058480279777,"rotationZ":96.87562609285,"group":"EarBunny0R.001","faces":{"north":{"texture":"head","uv":[49.0,57.0,55.0,63.0],"autoUv":false,"rotation":180,"enabled":false},"east":{"texture":"#head","uv":[19.0,38.0,17.0,44.0],"autoUv":false,"rotation":270},"south":{"texture":"#head","uv":[17.0,34.0,18.0,37.0],"autoUv":false,"rotation":180},"west":{"texture":"#head","uv":[27.0,37.0,29.0,43.0],"autoUv":false,"rotation":90},"up":{"texture":"#head","uv":[19.0,36.0,20.0,42.0],"autoUv":false,"rotation":180},"down":{"texture":"#head","uv":[20.0,43.0,21.0,36.0],"autoUv":false}},"children":[]}],"groups":[]}