{"textureWidth":64,"textureHeight":64,"textures":{},"textureSizes":{"head":[64,64]},"elements":[{"name":"EarShark.110","from":[1.275275486186,-1.032517851989,2.904145645558],"to":[1.642329320893,0.426046400526,3.409402653222],"rotationOrigin":[-0.209270969033,0.377878189087,3.156101942062],"stepParentName":"b_EarR","rotationX":90.929147288221,"rotationY":-88.681147617262,"rotationZ":-66.859984124824,"group":"EarsDragon0R.005","faces":{"north":{"texture":"#head","uv":[10.0,41.0,9.0,44.0],"autoUv":false,"rotation":180},"east":{"texture":"#head","uv":[9.0,41.0,7.0,44.0],"autoUv":false,"rotation":180},"south":{"texture":"#head","uv":[7.0,41.0,6.0,44.0],"autoUv":false,"rotation":180},"west":{"texture":"#head","uv":[12.0,41.0,10.0,44.0],"autoUv":false,"rotation":180},"up":{"texture":"#head","uv":[10.0,44.0,9.0,45.0],"autoUv":false},"down":{"texture":"#head","uv":[9.0,41.0,10.0,40.0],"autoUv":false}},"children":[]},{"name":"EarShark.111","from":[0.916045674428,3.525137433068,3.754004083677],"to":[1.283099659528,4.983701198449,4.259261062397],"rotationOrigin":[-0.223595693707,1.013931274414,4.00532579422],"stepParentName":"b_EarR","rotationX":-89.069785381036,"rotationY":-91.318795919992,"rotationZ":23.140530643841,"group":"EarsDragon0R.005","faces":{"north":{"texture":"#head","uv":[9.0,39.0,8.0,42.0],"autoUv":false},"east":{"texture":"#head","uv":[11.0,39.0,9.0,42.0],"autoUv":false},"south":{"texture":"#head","uv":[12.0,39.0,11.0,42.0],"autoUv":false},"west":{"texture":"#head","uv":[8.0,39.0,6.0,42.0],"autoUv":false},"up":{"texture":"#head","uv":[9.0,38.0,8.0,39.0],"autoUv":false,"rotation":180},"down":{"texture":"#head","uv":[8.0,43.0,9.0,42.0],"autoUv":false,"rotation":180}},"children":[]},{"name":"EarShark.112","from":[-5.233527465792,2.885733327906,4.60341014499],"to":[-4.866473364983,4.34429760709,5.108667133855],"rotationOrigin":[-0.237923502922,1.650129318237,4.854103088379],"stepParentName":"b_EarR","rotationX":-89.072490135947,"rotationY":-91.318836901127,"rotationZ":-66.861391143793,"group":"EarsDragon0R.005","faces":{"north":{"texture":"#head","uv":[9.0,37.0,8.0,40.0],"autoUv":false},"east":{"texture":"#head","uv":[11.0,37.0,9.0,40.0],"autoUv":false},"south":{"texture":"#head","uv":[12.0,37.0,11.0,40.0],"autoUv":false},"west":{"texture":"#head","uv":[8.0,37.0,6.0,40.0],"autoUv":false},"up":{"texture":"#head","uv":[9.0,36.0,8.0,37.0],"autoUv":false,"rotation":180},"down":{"texture":"#head","uv":[8.0,41.0,9.0,40.0],"autoUv":false,"rotation":180}},"children":[]},{"name":"EarShark.113","from":[-6.006203715056,4.52363152444,4.869205357528],"to":[-5.492328809185,5.055713516433,5.576565070445],"rotationOrigin":[-0.258446365595,2.54764175415,5.220675945282],"stepParentName":"b_EarR","rotationX":-89.07205300384,"rotationY":-91.318795919992,"rotationZ":-66.860994992822,"group":"EarsDragon0R.005","faces":{"north":{"texture":"#head","uv":[9.0,35.0,8.0,37.0],"autoUv":false,"rotation":180},"east":{"texture":"#head","uv":[11.0,35.0,9.0,37.0],"autoUv":false,"rotation":180},"south":{"texture":"#head","uv":[12.0,35.0,11.0,37.0],"autoUv":false,"rotation":180},"west":{"texture":"#head","uv":[8.0,35.0,6.0,37.0],"autoUv":false,"rotation":180},"up":{"texture":"#head","uv":[9.0,37.0,8.0,38.0],"autoUv":false},"down":{"texture":"#head","uv":[8.0,35.0,9.0,34.0],"autoUv":false}},"children":[]},{"name":"EarShark.101","from":[-0.461899495991,0.194351252934,-2.083611374408],"to":[0.043357557925,0.561405125239,-0.625047320813],"rotationOrigin":[-0.209270969033,0.377878189087,-1.35432934761],"stepParentName":"b_EarL","rotationX":-67.783418870421,"rotationY":178.787277601064,"rotationZ":-0.518354101809,"group":"EarsDragon0L.005","faces":{"north":{"texture":"#head","uv":[9.0,40.0,10.0,41.0],"autoUv":false,"rotation":270},"east":{"texture":"#head","uv":[6.0,41.0,7.0,44.0],"autoUv":false,"rotation":90},"south":{"texture":"#head","uv":[9.0,44.0,10.0,45.0],"autoUv":false,"rotation":270},"west":{"texture":"#head","uv":[9.0,41.0,10.0,44.0],"autoUv":false,"rotation":270},"up":{"texture":"#head","uv":[10.0,41.0,12.0,44.0],"autoUv":false},"down":{"texture":"#head","uv":[9.0,44.0,7.0,41.0],"autoUv":false,"rotation":180}},"children":[]},{"name":"EarShark.102","from":[-0.476224220666,0.830404338262,-1.23438764146],"to":[0.029032833251,1.197458210567,0.224176412136],"rotationOrigin":[-0.223595693707,1.013931274414,-0.505105614662],"stepParentName":"b_EarL","rotationX":22.205629718176,"rotationY":0.518234413416,"rotationZ":-178.787263940686,"group":"EarsDragon0L.005","faces":{"north":{"texture":"#head","uv":[8.0,42.0,9.0,43.0],"autoUv":false,"rotation":90},"east":{"texture":"#head","uv":[11.0,39.0,12.0,42.0],"autoUv":false,"rotation":270},"south":{"texture":"#head","uv":[8.0,38.0,9.0,39.0],"autoUv":false,"rotation":90},"west":{"texture":"#head","uv":[8.0,39.0,9.0,42.0],"autoUv":false,"rotation":90},"up":{"texture":"#head","uv":[6.0,39.0,8.0,42.0],"autoUv":false,"rotation":180},"down":{"texture":"#head","uv":[11.0,42.0,9.0,39.0],"autoUv":false}},"children":[]},{"name":"EarShark.103","from":[-0.49055202988,1.466602382085,-0.385610228092],"to":[0.014705024036,1.83365625439,1.072953825504],"rotationOrigin":[-0.237923502922,1.650129318237,0.343671798706],"stepParentName":"b_EarL","rotationX":-67.783432530799,"rotationY":-1.212715028175,"rotationZ":-179.481689273601,"group":"EarsDragon0L.005","faces":{"north":{"texture":"#head","uv":[8.0,40.0,9.0,41.0],"autoUv":false,"rotation":90},"east":{"texture":"#head","uv":[11.0,37.0,12.0,40.0],"autoUv":false,"rotation":270},"south":{"texture":"#head","uv":[8.0,36.0,9.0,37.0],"autoUv":false,"rotation":90},"west":{"texture":"#head","uv":[8.0,37.0,9.0,40.0],"autoUv":false,"rotation":90},"up":{"texture":"#head","uv":[6.0,37.0,8.0,40.0],"autoUv":false,"rotation":180},"down":{"texture":"#head","uv":[11.0,40.0,9.0,37.0],"autoUv":false}},"children":[]},{"name":"EarShark.104","from":[-0.612126274691,2.290704081689,0.444203632063],"to":[0.095233543501,2.804579426612,0.976285679156],"rotationOrigin":[-0.258446365595,2.54764175415,0.710244655609],"stepParentName":"b_EarL","rotationX":-67.783432530799,"rotationY":-1.212715241618,"rotationZ":-179.481689273601,"group":"EarsDragon0L.005","faces":{"north":{"texture":"#head","uv":[8.0,34.0,9.0,35.0],"autoUv":false,"rotation":270},"east":{"texture":"#head","uv":[11.0,35.0,12.0,37.0],"autoUv":false,"rotation":90},"south":{"texture":"#head","uv":[8.0,37.0,9.0,38.0],"autoUv":false,"rotation":270},"west":{"texture":"#head","uv":[8.0,35.0,9.0,37.0],"autoUv":false,"rotation":270},"up":{"texture":"#head","uv":[6.0,35.0,8.0,37.0],"autoUv":false},"down":{"texture":"#head","uv":[11.0,37.0,9.0,35.0],"autoUv":false,"rotation":180}},"children":[]}],"groups":[]}