{"textureWidth":64,"textureHeight":64,"textures":{},"textureSizes":{"head":[64,64]},"elements":[{"name":"MeshHead.017","from":[-0.867984830775,-0.716156362117,-0.599793450074],"to":[1.711714744009,0.615284136058,0.710561701195],"rotationOrigin":[0.421864956617,-0.05043611303,0.055384125561],"stepParentName":"b_WingMainL","rotationX":12.875368477017,"rotationY":-4.23326715087,"rotationZ":-5.90755739853,"group":"wings-spiderlegs","faces":{"north":{"texture":"#wings","uv":[0,0,4,4],"autoUv":false},"east":{"texture":"#wings","uv":[0,0,4,4],"autoUv":false},"south":{"texture":"#wings","uv":[0,0,4,4],"autoUv":false},"west":{"texture":"#wings","uv":[0,0,4,4],"autoUv":false},"up":{"texture":"#wings","uv":[0,0,4,4],"autoUv":false},"down":{"texture":"#wings","uv":[0,0,4,4],"autoUv":false}},"children":[]},{"name":"MeshHead.018","from":[0.872907568346,-0.331432907794,-0.111440703295],"to":[3.296426843275,0.919399528716,1.119583055399],"rotationOrigin":[2.084667205811,0.293983310461,0.504071176052],"stepParentName":"b_WingMainL","rotationX":20.163925665813,"rotationY":-11.931532810143,"rotationZ":37.628714250894,"group":"wings-spiderlegs","faces":{"north":{"texture":"#wings","uv":[0,0,4,4],"autoUv":false},"east":{"texture":"#wings","uv":[0,0,4,4],"autoUv":false},"south":{"texture":"#wings","uv":[0,0,4,4],"autoUv":false},"west":{"texture":"#wings","uv":[0,0,4,4],"autoUv":false},"up":{"texture":"#wings","uv":[0,0,4,4],"autoUv":false},"down":{"texture":"#wings","uv":[0,0,4,4],"autoUv":false}},"children":[]},{"name":"MeshHead.019","from":[2.069603807892,0.781843535734,0.695725882621],"to":[4.194476239715,1.878537542987,1.775052344231],"rotationOrigin":[3.132040023804,1.33019053936,1.235389113426],"stepParentName":"b_WingMainL","rotationX":28.035942372948,"rotationY":-23.28223145591,"rotationZ":68.165424520511,"group":"wings-spiderlegs","faces":{"north":{"texture":"#wings","uv":[0,0,4,4],"autoUv":false},"east":{"texture":"#wings","uv":[0,0,4,4],"autoUv":false},"south":{"texture":"#wings","uv":[0,0,4,4],"autoUv":false},"west":{"texture":"#wings","uv":[0,0,4,4],"autoUv":false},"up":{"texture":"#wings","uv":[0,0,4,4],"autoUv":false},"down":{"texture":"#wings","uv":[0,0,4,4],"autoUv":false}},"children":[]},{"name":"MeshHead.020","from":[2.26784814424,2.157133297936,1.654109621063],"to":[4.271018852525,3.191014571175,2.671617841706],"rotationOrigin":[3.269433498383,2.674073934555,2.162863731384],"stepParentName":"b_WingMainL","rotationX":33.533773371756,"rotationY":-17.565971007445,"rotationZ":100.069927982746,"group":"wings-spiderlegs","faces":{"north":{"texture":"#wings","uv":[0,0,4,4],"autoUv":false},"east":{"texture":"#wings","uv":[0,0,4,4],"autoUv":false},"south":{"texture":"#wings","uv":[0,0,4,4],"autoUv":false},"west":{"texture":"#wings","uv":[0,0,4,4],"autoUv":false},"up":{"texture":"#wings","uv":[0,0,4,4],"autoUv":false},"down":{"texture":"#wings","uv":[0,0,4,4],"autoUv":false}},"children":[]},{"name":"MeshHead.021","from":[1.956110470606,3.618912796547,2.522655490126],"to":[3.742972380804,4.541151900719,3.430289742266],"rotationOrigin":[2.849541425705,4.080032348633,2.976472616196],"stepParentName":"b_WingMainL","rotationX":36.639648217563,"rotationY":-20.581668573188,"rotationZ":112.732408854844,"group":"wings-spiderlegs","faces":{"north":{"texture":"#wings","uv":[0,0,4,4],"autoUv":false},"east":{"texture":"#wings","uv":[0,0,4,4],"autoUv":false},"south":{"texture":"#wings","uv":[0,0,4,4],"autoUv":false},"west":{"texture":"#wings","uv":[0,0,4,4],"autoUv":false},"up":{"texture":"#wings","uv":[0,0,4,4],"autoUv":false},"down":{"texture":"#wings","uv":[0,0,4,4],"autoUv":false}},"children":[]},{"name":"MeshHead.022","from":[1.415745510139,4.582924278078,3.052584884129],"to":[2.982414947472,5.391517250242,3.848372700252],"rotationOrigin":[2.199080228806,4.98722076416,3.450478792191],"stepParentName":"b_WingMainL","rotationX":50.131689715304,"rotationY":-16.001690347878,"rotationZ":145.1284468807,"group":"wings-spiderlegs","faces":{"north":{"texture":"#wings","uv":[0,0,4,4],"autoUv":false},"east":{"texture":"#wings","uv":[0,0,4,4],"autoUv":false},"south":{"texture":"#wings","uv":[0,0,4,4],"autoUv":false},"west":{"texture":"#wings","uv":[0,0,4,4],"autoUv":false},"up":{"texture":"#wings","uv":[0,0,4,4],"autoUv":false},"down":{"texture":"#wings","uv":[0,0,4,4],"autoUv":false}},"children":[]},{"name":"MeshHead.023","from":[0.345023738052,5.014498909299,3.167495304834],"to":[1.821962250565,5.776779929813,3.917704528083],"rotationOrigin":[1.083492994308,5.395639419556,3.542599916458],"stepParentName":"b_WingMainL","rotationX":41.492535188897,"rotationY":-9.364073238872,"rotationZ":173.6484618356,"group":"wings-spiderlegs","faces":{"north":{"texture":"#wings","uv":[47.0,43.0,50.0,48.0],"autoUv":false,"rotation":90},"east":{"texture":"#wings","uv":[50.0,41.0,52.0,43.0],"autoUv":false},"south":{"texture":"#wings","uv":[52.0,43.0,55.0,48.0],"autoUv":false,"rotation":90},"west":{"texture":"#wings","uv":[50.0,48.0,52.0,50.0],"autoUv":false},"up":{"texture":"#wings","uv":[50.0,43.0,52.0,48.0],"autoUv":false,"rotation":90},"down":{"texture":"#wings","uv":[57.0,48.0,55.0,43.0],"autoUv":false,"rotation":90}},"children":[]},{"name":"MeshHead.024","from":[-0.574777691998,-2.96521403876,-0.88218261032],"to":[2.004921882786,-1.633773540586,0.42817254095],"rotationOrigin":[0.715072095394,-2.299493789673,-0.227005034685],"stepParentName":"b_WingMainL","rotationX":54.44505321391,"rotationY":10.662314615173,"rotationZ":-26.075013845258,"group":"wings-spiderlegs","faces":{"north":{"texture":"#wings","uv":[0,0,4,4],"autoUv":false},"east":{"texture":"#wings","uv":[0,0,4,4],"autoUv":false},"south":{"texture":"#wings","uv":[0,0,4,4],"autoUv":false},"west":{"texture":"#wings","uv":[0,0,4,4],"autoUv":false},"up":{"texture":"#wings","uv":[0,0,4,4],"autoUv":false},"down":{"texture":"#wings","uv":[0,0,4,4],"autoUv":false}},"children":[]},{"name":"MeshHead.025","from":[1.249064257013,-2.953592955087,-1.033265635393],"to":[3.6725837685,-1.702760518576,0.197758123301],"rotationOrigin":[2.460824012756,-2.328176736832,-0.417753756046],"stepParentName":"b_WingMainL","rotationX":58.467054502902,"rotationY":0.90120194624,"rotationZ":16.026028019438,"group":"wings-spiderlegs","faces":{"north":{"texture":"#wings","uv":[0,0,4,4],"autoUv":false},"east":{"texture":"#wings","uv":[0,0,4,4],"autoUv":false},"south":{"texture":"#wings","uv":[0,0,4,4],"autoUv":false},"west":{"texture":"#wings","uv":[0,0,4,4],"autoUv":false},"up":{"texture":"#wings","uv":[0,0,4,4],"autoUv":false},"down":{"texture":"#wings","uv":[0,0,4,4],"autoUv":false}},"children":[]},{"name":"MeshHead.026","from":[2.866862661805,-2.561767347026,-0.286557888417],"to":[4.991735093628,-1.465073339773,0.792768573193],"rotationOrigin":[3.929298877716,-2.013420343399,0.253105342388],"stepParentName":"b_WingMainL","rotationX":61.040963480297,"rotationY":-12.45400044674,"rotationZ":44.427283060144,"group":"wings-spiderlegs","faces":{"north":{"texture":"#wings","uv":[0,0,4,4],"autoUv":false},"east":{"texture":"#wings","uv":[0,0,4,4],"autoUv":false},"south":{"texture":"#wings","uv":[0,0,4,4],"autoUv":false},"west":{"texture":"#wings","uv":[0,0,4,4],"autoUv":false},"up":{"texture":"#wings","uv":[0,0,4,4],"autoUv":false},"down":{"texture":"#wings","uv":[0,0,4,4],"autoUv":false}},"children":[]},{"name":"MeshHead.027","from":[3.71888566944,-2.108531756386,1.115925037401],"to":[5.722056141168,-1.074650483147,2.133433378203],"rotationOrigin":[4.720470905304,-1.591591119766,1.624679207802],"stepParentName":"b_WingMainL","rotationX":68.202068485408,"rotationY":-9.331059519518,"rotationZ":75.764945708066,"group":"wings-spiderlegs","faces":{"north":{"texture":"#wings","uv":[0,0,4,4],"autoUv":false},"east":{"texture":"#wings","uv":[0,0,4,4],"autoUv":false},"south":{"texture":"#wings","uv":[0,0,4,4],"autoUv":false},"west":{"texture":"#wings","uv":[0,0,4,4],"autoUv":false},"up":{"texture":"#wings","uv":[0,0,4,4],"autoUv":false},"down":{"texture":"#wings","uv":[0,0,4,4],"autoUv":false}},"children":[]},{"name":"MeshHead.028","from":[4.093512348975,-1.509795358137,2.735863688673],"to":[5.880374140894,-0.587556192919,3.643497940813],"rotationOrigin":[4.986943244934,-1.048675775528,3.189680814743],"stepParentName":"b_WingMainL","rotationX":69.638914890536,"rotationY":-13.296377068588,"rotationZ":87.69398037652,"group":"wings-spiderlegs","faces":{"north":{"texture":"#wings","uv":[0,0,4,4],"autoUv":false},"east":{"texture":"#wings","uv":[0,0,4,4],"autoUv":false},"south":{"texture":"#wings","uv":[0,0,4,4],"autoUv":false},"west":{"texture":"#wings","uv":[0,0,4,4],"autoUv":false},"up":{"texture":"#wings","uv":[0,0,4,4],"autoUv":false},"down":{"texture":"#wings","uv":[0,0,4,4],"autoUv":false}},"children":[]},{"name":"MeshHead.029","from":[4.015177799274,-1.06961616725,3.926818845234],"to":[5.581847118329,-0.261023195085,4.722606661357],"rotationOrigin":[4.798512458801,-0.665319681168,4.324712753296],"stepParentName":"b_WingMainL","rotationX":83.580143779043,"rotationY":-14.698369018382,"rotationZ":119.222413623055,"group":"wings-spiderlegs","faces":{"north":{"texture":"#wings","uv":[0,0,4,4],"autoUv":false},"east":{"texture":"#wings","uv":[0,0,4,4],"autoUv":false},"south":{"texture":"#wings","uv":[0,0,4,4],"autoUv":false},"west":{"texture":"#wings","uv":[0,0,4,4],"autoUv":false},"up":{"texture":"#wings","uv":[0,0,4,4],"autoUv":false},"down":{"texture":"#wings","uv":[0,0,4,4],"autoUv":false}},"children":[]},{"name":"MeshHead.030","from":[3.190527783538,-0.795241335323,4.724629694711],"to":[4.667466296051,-0.032960375855,5.47483891796],"rotationOrigin":[3.928997039795,-0.414100855589,5.099734306335],"stepParentName":"b_WingMainL","rotationX":78.733024902463,"rotationY":-5.093415071164,"rotationZ":148.80939974896,"group":"wings-spiderlegs","faces":{"north":{"texture":"#wings","uv":[47.0,43.0,50.0,48.0],"autoUv":false,"rotation":90},"east":{"texture":"#wings","uv":[50.0,41.0,52.0,43.0],"autoUv":false},"south":{"texture":"#wings","uv":[52.0,43.0,55.0,48.0],"autoUv":false,"rotation":90},"west":{"texture":"#wings","uv":[50.0,48.0,52.0,50.0],"autoUv":false},"up":{"texture":"#wings","uv":[50.0,43.0,52.0,48.0],"autoUv":false,"rotation":90},"down":{"texture":"#wings","uv":[57.0,48.0,55.0,43.0],"autoUv":false,"rotation":90}},"children":[]},{"name":"MeshHead.031","from":[3.190527591311,-0.795243197023,-5.474839527885],"to":[4.667466488278,-0.032961494387,-4.72463003846],"rotationOrigin":[3.928997039795,-0.414102345705,-5.099734783173],"stepParentName":"b_WingMainR","rotationX":-78.733024902463,"rotationY":5.093414644277,"rotationZ":-31.190629165659,"group":"wings-spiderlegs","faces":{"north":{"texture":"#wings","uv":[55.0,43.0,52.0,48.0],"autoUv":false,"rotation":90},"east":{"texture":"#wings","uv":[52.0,48.0,50.0,50.0],"autoUv":false,"rotation":180},"south":{"texture":"#wings","uv":[50.0,43.0,47.0,48.0],"autoUv":false,"rotation":90},"west":{"texture":"#wings","uv":[52.0,41.0,50.0,43.0],"autoUv":false,"rotation":180},"up":{"texture":"#wings","uv":[57.0,43.0,55.0,48.0],"autoUv":false,"rotation":270},"down":{"texture":"#wings","uv":[50.0,48.0,52.0,43.0],"autoUv":false,"rotation":270}},"children":[]},{"name":"MeshHead.032","from":[-0.867985575833,-0.716156624329,-0.710562388139],"to":[1.711713921465,0.615284305882,0.599793228047],"rotationOrigin":[0.421864211559,-0.050435926765,-0.055384192616],"stepParentName":"b_WingMainR","rotationX":-12.875373599659,"rotationY":4.233268858417,"rotationZ":174.092437792029,"group":"wings-spiderlegs","faces":{"north":{"texture":"#wings","uv":[0,0,4,4],"autoUv":false},"east":{"texture":"#wings","uv":[0,0,4,4],"autoUv":false},"south":{"texture":"#wings","uv":[0,0,4,4],"autoUv":false},"west":{"texture":"#wings","uv":[0,0,4,4],"autoUv":false},"up":{"texture":"#wings","uv":[0,0,4,4],"autoUv":false},"down":{"texture":"#wings","uv":[0,0,4,4],"autoUv":false}},"children":[]},{"name":"MeshHead.033","from":[0.872908185357,-0.331436424468,-1.119583392993],"to":[3.296427915228,0.919396230427,0.111440875265],"rotationOrigin":[2.084668159485,0.293979793787,-0.504071295261],"stepParentName":"b_WingMainR","rotationX":-20.163925665813,"rotationY":11.931530248822,"rotationZ":-142.371277097684,"group":"wings-spiderlegs","faces":{"north":{"texture":"#wings","uv":[0,0,4,4],"autoUv":false},"east":{"texture":"#wings","uv":[0,0,4,4],"autoUv":false},"south":{"texture":"#wings","uv":[0,0,4,4],"autoUv":false},"west":{"texture":"#wings","uv":[0,0,4,4],"autoUv":false},"up":{"texture":"#wings","uv":[0,0,4,4],"autoUv":false},"down":{"texture":"#wings","uv":[0,0,4,4],"autoUv":false}},"children":[]},{"name":"MeshHead.034","from":[2.069602672115,0.781843585457,-1.775051696545],"to":[4.194475468144,1.878537906276,-0.695725099796],"rotationOrigin":[3.132039070129,1.330190777779,-1.23538839817],"stepParentName":"b_WingMainR","rotationX":-28.035949203138,"rotationY":23.282239993646,"rotationZ":-111.834594148824,"group":"wings-spiderlegs","faces":{"north":{"texture":"#wings","uv":[0,0,4,4],"autoUv":false},"east":{"texture":"#wings","uv":[0,0,4,4],"autoUv":false},"south":{"texture":"#wings","uv":[0,0,4,4],"autoUv":false},"west":{"texture":"#wings","uv":[0,0,4,4],"autoUv":false},"up":{"texture":"#wings","uv":[0,0,4,4],"autoUv":false},"down":{"texture":"#wings","uv":[0,0,4,4],"autoUv":false}},"children":[]},{"name":"MeshHead.035","from":[2.267847488955,2.157133233252,-2.671617962044],"to":[4.271018915149,3.191015048012,-1.654109260049],"rotationOrigin":[3.269433021545,2.674074411392,-2.162863731384],"stepParentName":"b_WingMainR","rotationX":-33.533793862324,"rotationY":17.565998328202,"rotationZ":-79.930090686588,"group":"wings-spiderlegs","faces":{"north":{"texture":"#wings","uv":[0,0,4,4],"autoUv":false},"east":{"texture":"#wings","uv":[0,0,4,4],"autoUv":false},"south":{"texture":"#wings","uv":[0,0,4,4],"autoUv":false},"west":{"texture":"#wings","uv":[0,0,4,4],"autoUv":false},"up":{"texture":"#wings","uv":[0,0,4,4],"autoUv":false},"down":{"texture":"#wings","uv":[0,0,4,4],"autoUv":false}},"children":[]},{"name":"MeshHead.036","from":[1.956111036522,3.618912758649,-3.430291828053],"to":[3.742972667426,4.54115204596,-2.522657474978],"rotationOrigin":[2.849541664124,4.080032348633,-2.976475000381],"stepParentName":"b_WingMainR","rotationX":-36.639665293036,"rotationY":20.581670280735,"rotationZ":-67.26761664468,"group":"wings-spiderlegs","faces":{"north":{"texture":"#wings","uv":[0,0,4,4],"autoUv":false},"east":{"texture":"#wings","uv":[0,0,4,4],"autoUv":false},"south":{"texture":"#wings","uv":[0,0,4,4],"autoUv":false},"west":{"texture":"#wings","uv":[0,0,4,4],"autoUv":false},"up":{"texture":"#wings","uv":[0,0,4,4],"autoUv":false},"down":{"texture":"#wings","uv":[0,0,4,4],"autoUv":false}},"children":[]},{"name":"MeshHead.037","from":[1.415745619465,4.58292426409,-3.848370585391],"to":[2.982415314983,5.391517264231,-3.052582230618],"rotationOrigin":[2.199080467224,4.98722076416,-3.450476408005],"stepParentName":"b_WingMainR","rotationX":-50.131699960588,"rotationY":16.001702300709,"rotationZ":-34.871585449013,"group":"wings-spiderlegs","faces":{"north":{"texture":"#wings","uv":[0,0,4,4],"autoUv":false},"east":{"texture":"#wings","uv":[0,0,4,4],"autoUv":false},"south":{"texture":"#wings","uv":[0,0,4,4],"autoUv":false},"west":{"texture":"#wings","uv":[0,0,4,4],"autoUv":false},"up":{"texture":"#wings","uv":[0,0,4,4],"autoUv":false},"down":{"texture":"#wings","uv":[0,0,4,4],"autoUv":false}},"children":[]},{"name":"MeshHead.038","from":[0.345024393238,5.014498168974,-3.917706704778],"to":[1.821962654384,5.776779250534,-3.167497763422],"rotationOrigin":[1.083493590355,5.395639419556,-3.542602300644],"stepParentName":"b_WingMainR","rotationX":-41.492535188897,"rotationY":9.364074092645,"rotationZ":-6.35154402713,"group":"wings-spiderlegs","faces":{"north":{"texture":"#wings","uv":[55.0,43.0,52.0,48.0],"autoUv":false,"rotation":90},"east":{"texture":"#wings","uv":[52.0,48.0,50.0,50.0],"autoUv":false,"rotation":180},"south":{"texture":"#wings","uv":[50.0,43.0,47.0,48.0],"autoUv":false,"rotation":90},"west":{"texture":"#wings","uv":[52.0,41.0,50.0,43.0],"autoUv":false,"rotation":180},"up":{"texture":"#wings","uv":[57.0,43.0,55.0,48.0],"autoUv":false,"rotation":270},"down":{"texture":"#wings","uv":[50.0,48.0,52.0,43.0],"autoUv":false,"rotation":270}},"children":[]},{"name":"MeshHead.039","from":[-0.574777743781,-2.965213961274,-0.428171950864],"to":[2.004922691548,-1.633773308127,0.882183587836],"rotationOrigin":[0.715072512627,-2.299493789673,0.227006167173],"stepParentName":"b_WingMainR","rotationX":-54.445066874289,"rotationY":-10.662313761399,"rotationZ":153.924992871246,"group":"wings-spiderlegs","faces":{"north":{"texture":"#wings","uv":[0,0,4,4],"autoUv":false},"east":{"texture":"#wings","uv":[0,0,4,4],"autoUv":false},"south":{"texture":"#wings","uv":[0,0,4,4],"autoUv":false},"west":{"texture":"#wings","uv":[0,0,4,4],"autoUv":false},"up":{"texture":"#wings","uv":[0,0,4,4],"autoUv":false},"down":{"texture":"#wings","uv":[0,0,4,4],"autoUv":false}},"children":[]},{"name":"MeshHead.040","from":[1.24906522886,-2.95359247825,-0.197758553724],"to":[3.672584631207,-1.702760114534,1.033265277766],"rotationOrigin":[2.460824966431,-2.328176259995,0.417753398418],"stepParentName":"b_WingMainR","rotationX":-58.467040842524,"rotationY":-0.901192234564,"rotationZ":-163.973976989519,"group":"wings-spiderlegs","faces":{"north":{"texture":"#wings","uv":[0,0,4,4],"autoUv":false},"east":{"texture":"#wings","uv":[0,0,4,4],"autoUv":false},"south":{"texture":"#wings","uv":[0,0,4,4],"autoUv":false},"west":{"texture":"#wings","uv":[0,0,4,4],"autoUv":false},"up":{"texture":"#wings","uv":[0,0,4,4],"autoUv":false},"down":{"texture":"#wings","uv":[0,0,4,4],"autoUv":false}},"children":[]},{"name":"MeshHead.041","from":[2.866861452832,-2.561767125486,-0.792767171746],"to":[4.991733757006,-1.465073054409,0.286559425003],"rotationOrigin":[3.929297924042,-2.013419866562,-0.253103554249],"stepParentName":"b_WingMainR","rotationX":-61.040963480297,"rotationY":12.453996177872,"rotationZ":-135.57269804315,"group":"wings-spiderlegs","faces":{"north":{"texture":"#wings","uv":[0,0,4,4],"autoUv":false},"east":{"texture":"#wings","uv":[0,0,4,4],"autoUv":false},"south":{"texture":"#wings","uv":[0,0,4,4],"autoUv":false},"west":{"texture":"#wings","uv":[0,0,4,4],"autoUv":false},"up":{"texture":"#wings","uv":[0,0,4,4],"autoUv":false},"down":{"texture":"#wings","uv":[0,0,4,4],"autoUv":false}},"children":[]},{"name":"MeshHead.042","from":[3.718885134493,-2.108531339718,-2.133431172356],"to":[5.72205572244,-1.074649946141,-1.115922951713],"rotationOrigin":[4.720470428467,-1.591590642929,-1.624677062035],"stepParentName":"b_WingMainR","rotationX":-68.202123126921,"rotationY":9.33103646763,"rotationZ":-104.235025149944,"group":"wings-spiderlegs","faces":{"north":{"texture":"#wings","uv":[0,0,4,4],"autoUv":false},"east":{"texture":"#wings","uv":[0,0,4,4],"autoUv":false},"south":{"texture":"#wings","uv":[0,0,4,4],"autoUv":false},"west":{"texture":"#wings","uv":[0,0,4,4],"autoUv":false},"up":{"texture":"#wings","uv":[0,0,4,4],"autoUv":false},"down":{"texture":"#wings","uv":[0,0,4,4],"autoUv":false}},"children":[]},{"name":"MeshHead.043","from":[4.093514786091,-1.509789112957,-3.643497917181],"to":[5.880376942777,-0.58755025502,-2.735863336603],"rotationOrigin":[4.986946105957,-1.048669576645,-3.189680814743],"stepParentName":"b_WingMainR","rotationX":-69.638914890536,"rotationY":13.296346332737,"rotationZ":-92.306031462625,"group":"wings-spiderlegs","faces":{"north":{"texture":"#wings","uv":[0,0,4,4],"autoUv":false},"east":{"texture":"#wings","uv":[0,0,4,4],"autoUv":false},"south":{"texture":"#wings","uv":[0,0,4,4],"autoUv":false},"west":{"texture":"#wings","uv":[0,0,4,4],"autoUv":false},"up":{"texture":"#wings","uv":[0,0,4,4],"autoUv":false},"down":{"texture":"#wings","uv":[0,0,4,4],"autoUv":false}},"children":[]},{"name":"MeshHead.044","from":[4.015177858413,-1.06961010954,-4.722605260886],"to":[5.581847059189,-0.261016855029,-3.926817384683],"rotationOrigin":[4.798512458801,-0.665313482285,-4.324711322784],"stepParentName":"b_WingMainR","rotationX":-83.580177929989,"rotationY":14.698369018382,"rotationZ":-60.777564065145,"group":"wings-spiderlegs","faces":{"north":{"texture":"#wings","uv":[0,0,4,4],"autoUv":false},"east":{"texture":"#wings","uv":[0,0,4,4],"autoUv":false},"south":{"texture":"#wings","uv":[0,0,4,4],"autoUv":false},"west":{"texture":"#wings","uv":[0,0,4,4],"autoUv":false},"up":{"texture":"#wings","uv":[0,0,4,4],"autoUv":false},"down":{"texture":"#wings","uv":[0,0,4,4],"autoUv":false}},"children":[]}],"groups":[]}