{"textureWidth":64,"textureHeight":64,"textures":{},"textureSizes":{"head":[64,64]},"elements":[{"name":"MeshHead.083","from":[-0.915216558178,-0.45697707614,-0.379675119658],"to":[1.865339546402,0.601328764167,0.294555483301],"rotationOrigin":[0.475061416626,0.072175882757,-0.042559895664],"stepParentName":"b_WingMainL","rotationX":11.565529439505,"rotationY":16.658411329027,"rotationZ":44.283213879981,"group":"wings-dragon1","faces":{"north":{"texture":"#wings","uv":[15.0,23.0,18.0,28.0],"autoUv":false,"rotation":90},"east":{"texture":"#wings","uv":[18.0,21.0,20.0,23.0],"autoUv":false},"south":{"texture":"#wings","uv":[20.0,23.0,23.0,28.0],"autoUv":false,"rotation":90},"west":{"texture":"#wings","uv":[18.0,28.0,20.0,30.0],"autoUv":false},"up":{"texture":"#wings","uv":[18.0,23.0,20.0,28.0],"autoUv":false,"rotation":90},"down":{"texture":"#wings","uv":[25.0,28.0,23.0,23.0],"autoUv":false,"rotation":90}},"children":[]},{"name":"MeshHead.084","from":[0.468259787747,1.691098001283,-0.378704160307],"to":[3.276966118625,2.681532672617,0.299804280807],"rotationOrigin":[1.872612953186,2.18631529808,-0.03944997862],"stepParentName":"b_WingMainL","rotationX":11.565528585731,"rotationY":16.658413036574,"rotationZ":66.983207567641,"group":"wings-dragon1","faces":{"north":{"texture":"#wings","uv":[15.0,23.0,18.0,28.0],"autoUv":false,"rotation":90},"east":{"texture":"#wings","uv":[18.0,21.0,20.0,23.0],"autoUv":false},"south":{"texture":"#wings","uv":[20.0,23.0,23.0,28.0],"autoUv":false,"rotation":90},"west":{"texture":"#wings","uv":[18.0,28.0,20.0,30.0],"autoUv":false},"up":{"texture":"#wings","uv":[18.0,23.0,20.0,28.0],"autoUv":false,"rotation":90},"down":{"texture":"#wings","uv":[25.0,28.0,23.0,23.0],"autoUv":false,"rotation":90}},"children":[]},{"name":"MeshHead.085","from":[1.040407754806,4.154231434602,-0.03973876339],"to":[3.764155446174,5.112145060759,0.638769615708],"rotationOrigin":[2.402281522751,4.633188247681,0.299515426159],"stepParentName":"b_WingMainL","rotationX":11.565502972522,"rotationY":16.658407913933,"rotationZ":88.909453520459,"group":"wings-dragon1","faces":{"north":{"texture":"#wings","uv":[15.0,23.0,18.0,28.0],"autoUv":false,"rotation":90},"east":{"texture":"#wings","uv":[18.0,21.0,20.0,23.0],"autoUv":false},"south":{"texture":"#wings","uv":[20.0,23.0,23.0,28.0],"autoUv":false,"rotation":90},"west":{"texture":"#wings","uv":[18.0,28.0,20.0,30.0],"autoUv":false},"up":{"texture":"#wings","uv":[18.0,23.0,20.0,28.0],"autoUv":false,"rotation":90},"down":{"texture":"#wings","uv":[25.0,28.0,23.0,23.0],"autoUv":false,"rotation":90}},"children":[]},{"name":"MeshHead.086","from":[2.440067197263,6.181316542745,0.172948295014],"to":[2.987345468134,6.994415271669,3.524229115112],"rotationOrigin":[2.713706254959,6.587865829468,1.848588705063],"stepParentName":"b_WingMainL","rotationX":-28.306655213155,"rotationY":11.260237059078,"rotationZ":97.406543527224,"group":"wings-dragon1","faces":{"north":{"texture":"#wings","uv":[15.0,23.0,18.0,28.0],"autoUv":false,"rotation":90},"east":{"texture":"#wings","uv":[18.0,21.0,20.0,23.0],"autoUv":false},"south":{"texture":"#wings","uv":[20.0,23.0,23.0,28.0],"autoUv":false,"rotation":90},"west":{"texture":"#wings","uv":[18.0,28.0,20.0,30.0],"autoUv":false},"up":{"texture":"#wings","uv":[18.0,23.0,25.0,28.0],"autoUv":false,"rotation":90},"down":{"texture":"#wings","uv":[25.0,28.0,18.0,23.0],"autoUv":false,"rotation":90}},"children":[]},{"name":"MeshHead.045","from":[3.003000719978,8.126865553975,2.71886747493],"to":[3.550278835371,8.939964282899,6.070148295028],"rotationOrigin":[3.276639699936,8.533414840698,4.394507884979],"stepParentName":"b_WingMainL","rotationX":-45.818797499751,"rotationY":8.530031155359,"rotationZ":100.439707594222,"group":"wings-dragon1","faces":{"north":{"texture":"#wings","uv":[15.0,23.0,18.0,28.0],"autoUv":false,"rotation":90},"east":{"texture":"#wings","uv":[18.0,21.0,20.0,23.0],"autoUv":false},"south":{"texture":"#wings","uv":[20.0,23.0,23.0,28.0],"autoUv":false,"rotation":90},"west":{"texture":"#wings","uv":[18.0,28.0,20.0,30.0],"autoUv":false},"up":{"texture":"#wings","uv":[18.0,23.0,25.0,28.0],"autoUv":false,"rotation":90},"down":{"texture":"#wings","uv":[25.0,28.0,18.0,23.0],"autoUv":false,"rotation":90}},"children":[]},{"name":"MeshHead.046","from":[3.538169786277,9.727106261373,5.275027660728],"to":[4.085447998844,10.540204990297,8.308012732176],"rotationOrigin":[3.811808824539,10.133655548096,6.791520118713],"stepParentName":"b_WingMainL","rotationX":-21.17664464424,"rotationY":12.079665099089,"rotationZ":95.962498102711,"group":"wings-dragon1","faces":{"north":{"texture":"#wings","uv":[15.0,23.0,18.0,28.0],"autoUv":false,"rotation":90},"east":{"texture":"#wings","uv":[18.0,21.0,20.0,23.0],"autoUv":false},"south":{"texture":"#wings","uv":[20.0,23.0,23.0,28.0],"autoUv":false,"rotation":90},"west":{"texture":"#wings","uv":[18.0,28.0,20.0,30.0],"autoUv":false},"up":{"texture":"#wings","uv":[18.0,23.0,25.0,28.0],"autoUv":false,"rotation":90},"down":{"texture":"#wings","uv":[25.0,28.0,18.0,23.0],"autoUv":false,"rotation":90}},"children":[]},{"name":"MeshHead.047","from":[-0.450904962155,3.321508786935,1.972919025619],"to":[6.844754169138,3.565438414707,5.248155866483],"rotationOrigin":[3.196924448013,3.443473577499,3.610537290573],"stepParentName":"b_WingMainL","rotationX":-37.36590223201,"rotationY":8.763095139086,"rotationZ":99.280344454315,"group":"wings-dragon1","faces":{"north":{"texture":"#wings","uv":[46.0,14.0,47.0,35.0],"autoUv":false,"rotation":90},"east":{"texture":"#wings","uv":[17.0,50.0,15.0,52.0],"autoUv":false},"south":{"texture":"#wings","uv":[46.0,14.0,47.0,35.0],"autoUv":false,"rotation":270},"west":{"texture":"#wings","uv":[16.0,55.0,14.0,57.0],"autoUv":false},"up":{"texture":"#wings","uv":[58.0,14.0,47.0,35.0],"autoUv":false,"rotation":270},"down":{"texture":"#wings","uv":[47.0,35.0,58.0,14.0],"autoUv":false,"rotation":270}},"children":[]},{"name":"MeshHead.048","from":[0.163622166276,5.020722929209,3.675595637835],"to":[7.094960425735,5.414064914322,8.420486406824],"rotationOrigin":[3.629291296005,5.217393875122,6.048040866852],"stepParentName":"b_WingMainL","rotationX":-40.254232137658,"rotationY":7.458264337783,"rotationZ":99.534393340493,"group":"wings-dragon1","faces":{"north":{"texture":"#wings","uv":[46.0,14.0,47.0,35.0],"autoUv":false,"rotation":90},"east":{"texture":"#wings","uv":[17.0,50.0,15.0,52.0],"autoUv":false},"south":{"texture":"#wings","uv":[46.0,14.0,47.0,35.0],"autoUv":false,"rotation":270},"west":{"texture":"#wings","uv":[16.0,55.0,14.0,57.0],"autoUv":false},"up":{"texture":"#wings","uv":[58.0,14.0,47.0,35.0],"autoUv":false,"rotation":270},"down":{"texture":"#wings","uv":[47.0,35.0,58.0,14.0],"autoUv":false,"rotation":270}},"children":[]},{"name":"MeshHead.049","from":[0.634165535767,6.781662604871,6.308018817696],"to":[7.24939543269,7.02559219805,9.590325533177],"rotationOrigin":[3.941780328751,6.90362739563,7.949172019958],"stepParentName":"b_WingMainL","rotationX":-15.062587148325,"rotationY":12.684067684969,"rotationZ":95.117501249543,"group":"wings-dragon1","faces":{"north":{"texture":"#wings","uv":[26.0,43.0,28.0,60.0],"autoUv":false,"rotation":90},"east":{"texture":"#wings","uv":[26.0,43.0,28.0,51.0],"autoUv":false},"south":{"texture":"#wings","uv":[26.0,43.0,28.0,60.0],"autoUv":false,"rotation":90},"west":{"texture":"#wings","uv":[26.0,43.0,28.0,51.0],"autoUv":false,"rotation":270},"up":{"texture":"#wings","uv":[47.0,11.0,59.0,31.0],"autoUv":false,"rotation":180},"down":{"texture":"#wings","uv":[47.0,31.0,59.0,11.0],"autoUv":false}},"children":[]},{"name":"MeshHead.050","from":[0.947448306922,2.851085403586,0.693600174567],"to":[4.863233173433,3.047805589143,3.407981196634],"rotationOrigin":[2.905340671539,2.949445486069,2.050790548325],"stepParentName":"b_WingMainL","rotationX":-73.124681442884,"rotationY":6.570142523969,"rotationZ":105.95456625463,"group":"wings-dragon1","faces":{"north":{"texture":"#wings","uv":[46.0,14.0,47.0,35.0],"autoUv":false,"rotation":90},"east":{"texture":"#wings","uv":[17.0,50.0,15.0,52.0],"autoUv":false},"south":{"texture":"#wings","uv":[46.0,14.0,47.0,35.0],"autoUv":false,"rotation":270},"west":{"texture":"#wings","uv":[16.0,55.0,14.0,57.0],"autoUv":false},"up":{"texture":"#wings","uv":[58.0,14.0,47.0,35.0],"autoUv":false,"rotation":270},"down":{"texture":"#wings","uv":[47.0,35.0,58.0,14.0],"autoUv":false,"rotation":270}},"children":[]},{"name":"MeshHead.051","from":[0.236566911878,0.731811441315,1.41191044404],"to":[4.809324849902,1.052181032206,3.053077865331],"rotationOrigin":[2.52294588089,0.891996204853,2.232494115829],"stepParentName":"b_WingMainL","rotationX":-75.310888392422,"rotationY":16.951163482138,"rotationZ":110.124690441057,"group":"wings-dragon1","faces":{"north":{"texture":"#wings","uv":[46.0,14.0,47.0,35.0],"autoUv":false,"rotation":90},"east":{"texture":"#wings","uv":[17.0,50.0,15.0,52.0],"autoUv":false},"south":{"texture":"#wings","uv":[46.0,14.0,47.0,35.0],"autoUv":false,"rotation":270},"west":{"texture":"#wings","uv":[16.0,55.0,14.0,57.0],"autoUv":false},"up":{"texture":"#wings","uv":[58.0,14.0,47.0,35.0],"autoUv":false,"rotation":270},"down":{"texture":"#wings","uv":[47.0,35.0,58.0,14.0],"autoUv":false,"rotation":270}},"children":[]},{"name":"MeshHead.052","from":[-0.823969585086,-0.800785008528,0.79610543202],"to":[3.748787624026,-0.516636244755,3.242102332092],"rotationOrigin":[1.46240901947,-0.658710598946,2.019103765488],"stepParentName":"b_WingMainL","rotationX":-88.615229461582,"rotationY":45.068992993045,"rotationZ":117.689350343089,"group":"wings-dragon1","faces":{"north":{"texture":"#wings","uv":[46.0,14.0,47.0,35.0],"autoUv":false,"rotation":90},"east":{"texture":"#wings","uv":[17.0,50.0,15.0,52.0],"autoUv":false},"south":{"texture":"#wings","uv":[46.0,14.0,47.0,35.0],"autoUv":false,"rotation":270},"west":{"texture":"#wings","uv":[16.0,55.0,14.0,57.0],"autoUv":false},"up":{"texture":"#wings","uv":[58.0,14.0,47.0,35.0],"autoUv":false,"rotation":270},"down":{"texture":"#wings","uv":[47.0,35.0,58.0,14.0],"autoUv":false,"rotation":270}},"children":[]},{"name":"MeshHead.053","from":[2.354737187802,5.307262587667,0.274466449158],"to":[2.902015419804,6.120361316591,3.625747269256],"rotationOrigin":[2.628376245499,5.71381187439,1.950106859207],"stepParentName":"b_WingMainL","rotationX":-2.179500557546,"rotationY":13.260708113195,"rotationZ":92.277597385111,"group":"wings-dragon1","faces":{"north":{"texture":"#wings","uv":[15.0,23.0,18.0,28.0],"autoUv":false,"rotation":90},"east":{"texture":"#wings","uv":[18.0,21.0,20.0,23.0],"autoUv":false},"south":{"texture":"#wings","uv":[20.0,23.0,23.0,28.0],"autoUv":false,"rotation":90},"west":{"texture":"#wings","uv":[18.0,28.0,20.0,30.0],"autoUv":false},"up":{"texture":"#wings","uv":[18.0,23.0,25.0,28.0],"autoUv":false,"rotation":90},"down":{"texture":"#wings","uv":[25.0,28.0,18.0,23.0],"autoUv":false,"rotation":90}},"children":[]},{"name":"MeshHead.054","from":[3.072033311307,5.935512709737,3.384861165421],"to":[3.619311582178,6.748611438661,6.736141985519],"rotationOrigin":[3.345672369003,6.34206199646,5.06050157547],"stepParentName":"b_WingMainL","rotationX":-20.027794873013,"rotationY":11.958500958307,"rotationZ":96.204532686139,"group":"wings-dragon1","faces":{"north":{"texture":"#wings","uv":[15.0,23.0,18.0,28.0],"autoUv":false,"rotation":90},"east":{"texture":"#wings","uv":[18.0,21.0,20.0,23.0],"autoUv":false},"south":{"texture":"#wings","uv":[20.0,23.0,23.0,28.0],"autoUv":false,"rotation":90},"west":{"texture":"#wings","uv":[18.0,28.0,20.0,30.0],"autoUv":false},"up":{"texture":"#wings","uv":[18.0,23.0,25.0,28.0],"autoUv":false,"rotation":90},"down":{"texture":"#wings","uv":[25.0,28.0,18.0,23.0],"autoUv":false,"rotation":90}},"children":[]},{"name":"MeshHead.055","from":[3.730859900891,6.317758688323,6.374674229027],"to":[4.278138094023,7.130857572726,9.407659144997],"rotationOrigin":[4.004498958588,6.724308013916,7.891166687012],"stepParentName":"b_WingMainL","rotationX":5.043987126575,"rotationY":13.437941276873,"rotationZ":90.607670774556,"group":"wings-dragon1","faces":{"north":{"texture":"#wings","uv":[15.0,23.0,18.0,28.0],"autoUv":false,"rotation":90},"east":{"texture":"#wings","uv":[18.0,21.0,20.0,23.0],"autoUv":false},"south":{"texture":"#wings","uv":[20.0,23.0,23.0,28.0],"autoUv":false,"rotation":90},"west":{"texture":"#wings","uv":[18.0,28.0,20.0,30.0],"autoUv":false},"up":{"texture":"#wings","uv":[18.0,23.0,25.0,28.0],"autoUv":false,"rotation":90},"down":{"texture":"#wings","uv":[25.0,28.0,18.0,23.0],"autoUv":false,"rotation":90}},"children":[]},{"name":"MeshHead.056","from":[2.389912511289,4.242035079122,0.263513499634],"to":[2.93719078216,5.055133808046,3.614794319732],"rotationOrigin":[2.663551568985,4.648584365845,1.939153909683],"stepParentName":"b_WingMainL","rotationX":32.907615779595,"rotationY":13.219872119695,"rotationZ":86.115878829167,"group":"wings-dragon1","faces":{"north":{"texture":"#wings","uv":[15.0,23.0,18.0,28.0],"autoUv":false,"rotation":90},"east":{"texture":"#wings","uv":[18.0,21.0,20.0,23.0],"autoUv":false},"south":{"texture":"#wings","uv":[20.0,23.0,23.0,28.0],"autoUv":false,"rotation":90},"west":{"texture":"#wings","uv":[18.0,28.0,20.0,30.0],"autoUv":false},"up":{"texture":"#wings","uv":[18.0,23.0,25.0,28.0],"autoUv":false,"rotation":90},"down":{"texture":"#wings","uv":[25.0,28.0,18.0,23.0],"autoUv":false,"rotation":90}},"children":[]},{"name":"MeshHead.057","from":[3.158327962338,2.974080968022,3.159303361314],"to":[3.705606233209,3.787179696947,6.510584181411],"rotationOrigin":[3.431967020035,3.380630254745,4.834943771362],"stepParentName":"b_WingMainL","rotationX":14.954017876373,"rotationY":13.764846083381,"rotationZ":90.337482151368,"group":"wings-dragon1","faces":{"north":{"texture":"#wings","uv":[15.0,23.0,18.0,28.0],"autoUv":false,"rotation":90},"east":{"texture":"#wings","uv":[18.0,21.0,20.0,23.0],"autoUv":false},"south":{"texture":"#wings","uv":[20.0,23.0,23.0,28.0],"autoUv":false,"rotation":90},"west":{"texture":"#wings","uv":[18.0,28.0,20.0,30.0],"autoUv":false},"up":{"texture":"#wings","uv":[18.0,23.0,25.0,28.0],"autoUv":false,"rotation":90},"down":{"texture":"#wings","uv":[25.0,28.0,18.0,23.0],"autoUv":false,"rotation":90}},"children":[]},{"name":"MeshHead.058","from":[3.665885509937,2.173759389043,6.055132835621],"to":[4.213163314374,2.986858117967,7.462077326571],"rotationOrigin":[3.939524412155,2.580308675766,6.758605003357],"stepParentName":"b_WingMainL","rotationX":40.096929465978,"rotationY":12.64432537551,"rotationZ":84.504924071906,"group":"wings-dragon1","faces":{"north":{"texture":"#wings","uv":[15.0,23.0,18.0,28.0],"autoUv":false,"rotation":90},"east":{"texture":"#wings","uv":[18.0,21.0,20.0,23.0],"autoUv":false},"south":{"texture":"#wings","uv":[20.0,23.0,23.0,28.0],"autoUv":false,"rotation":90},"west":{"texture":"#wings","uv":[18.0,28.0,20.0,30.0],"autoUv":false},"up":{"texture":"#wings","uv":[18.0,23.0,25.0,28.0],"autoUv":false,"rotation":90},"down":{"texture":"#wings","uv":[25.0,28.0,18.0,23.0],"autoUv":false,"rotation":90}},"children":[]},{"name":"MeshHead.059","from":[2.219385768353,1.538625764966,-0.238874824536],"to":[2.766664039224,2.35172449389,3.112405689251],"rotationOrigin":[2.49302482605,1.945175051689,1.436765432358],"stepParentName":"b_WingMainL","rotationX":22.99428434088,"rotationY":15.281117343272,"rotationZ":65.586666108805,"group":"wings-dragon1","faces":{"north":{"texture":"#wings","uv":[15.0,23.0,18.0,28.0],"autoUv":false,"rotation":90},"east":{"texture":"#wings","uv":[18.0,21.0,20.0,23.0],"autoUv":false},"south":{"texture":"#wings","uv":[20.0,23.0,23.0,28.0],"autoUv":false,"rotation":90},"west":{"texture":"#wings","uv":[18.0,28.0,20.0,30.0],"autoUv":false},"up":{"texture":"#wings","uv":[18.0,23.0,25.0,28.0],"autoUv":false,"rotation":90},"down":{"texture":"#wings","uv":[25.0,28.0,18.0,23.0],"autoUv":false,"rotation":90}},"children":[]},{"name":"MeshHead.060","from":[2.85945426052,0.323940265298,2.607054986524],"to":[3.406732531391,1.137038994222,4.678457616311],"rotationOrigin":[3.133093357086,0.730489552021,3.642756223679],"stepParentName":"b_WingMainL","rotationX":37.51559948805,"rotationY":12.80693168908,"rotationZ":59.325103847574,"group":"wings-dragon1","faces":{"north":{"texture":"#wings","uv":[15.0,23.0,18.0,28.0],"autoUv":false,"rotation":90},"east":{"texture":"#wings","uv":[18.0,21.0,20.0,23.0],"autoUv":false},"south":{"texture":"#wings","uv":[20.0,23.0,23.0,28.0],"autoUv":false,"rotation":90},"west":{"texture":"#wings","uv":[18.0,28.0,20.0,30.0],"autoUv":false},"up":{"texture":"#wings","uv":[18.0,23.0,25.0,28.0],"autoUv":false,"rotation":90},"down":{"texture":"#wings","uv":[25.0,28.0,18.0,23.0],"autoUv":false,"rotation":90}},"children":[]},{"name":"MeshHead.061","from":[-0.915216772755,-0.456976804939,-0.402697930027],"to":[1.865339331826,0.601329035368,0.271532672931],"rotationOrigin":[0.475061357021,0.072176076472,-0.065582551062],"stepParentName":"b_WingMainR","rotationX":-11.565526878184,"rotationY":-16.658413036574,"rotationZ":-135.716774053502,"group":"wings-dragon1","faces":{"north":{"texture":"#wings","uv":[15.0,23.0,18.0,28.0],"autoUv":false,"rotation":270},"east":{"texture":"#wings","uv":[18.0,21.0,20.0,23.0],"autoUv":false,"rotation":180},"south":{"texture":"#wings","uv":[20.0,23.0,23.0,28.0],"autoUv":false,"rotation":270},"west":{"texture":"#wings","uv":[18.0,28.0,20.0,30.0],"autoUv":false,"rotation":180},"up":{"texture":"#wings","uv":[18.0,23.0,20.0,28.0],"autoUv":false,"rotation":270},"down":{"texture":"#wings","uv":[25.0,28.0,23.0,23.0],"autoUv":false,"rotation":270}},"children":[]},{"name":"MeshHead.062","from":[0.468259787747,1.691098400381,-0.407946749885],"to":[3.276966118625,2.681533071715,0.270561691229],"rotationOrigin":[1.872612953186,2.186315774918,-0.068692490458],"stepParentName":"b_WingMainR","rotationX":-11.565526878184,"rotationY":-16.658414744122,"rotationZ":-113.016783780937,"group":"wings-dragon1","faces":{"north":{"texture":"#wings","uv":[15.0,23.0,18.0,28.0],"autoUv":false,"rotation":270},"east":{"texture":"#wings","uv":[18.0,21.0,20.0,23.0],"autoUv":false,"rotation":180},"south":{"texture":"#wings","uv":[20.0,23.0,23.0,28.0],"autoUv":false,"rotation":270},"west":{"texture":"#wings","uv":[18.0,28.0,20.0,30.0],"autoUv":false,"rotation":180},"up":{"texture":"#wings","uv":[18.0,23.0,20.0,28.0],"autoUv":false,"rotation":270},"down":{"texture":"#wings","uv":[25.0,28.0,23.0,23.0],"autoUv":false,"rotation":270}},"children":[]},{"name":"MeshHead.063","from":[1.040407360909,4.154231434602,-0.746912110863],"to":[3.764155052277,5.112145060759,-0.068403731765],"rotationOrigin":[2.402281284332,4.633188247681,-0.407657921314],"stepParentName":"b_WingMainR","rotationX":-11.565499557427,"rotationY":-16.658406206385,"rotationZ":-91.09053099793,"group":"wings-dragon1","faces":{"north":{"texture":"#wings","uv":[15.0,23.0,18.0,28.0],"autoUv":false,"rotation":270},"east":{"texture":"#wings","uv":[18.0,21.0,20.0,23.0],"autoUv":false,"rotation":180},"south":{"texture":"#wings","uv":[20.0,23.0,23.0,28.0],"autoUv":false,"rotation":270},"west":{"texture":"#wings","uv":[18.0,28.0,20.0,30.0],"autoUv":false,"rotation":180},"up":{"texture":"#wings","uv":[18.0,23.0,20.0,28.0],"autoUv":false,"rotation":270},"down":{"texture":"#wings","uv":[25.0,28.0,23.0,23.0],"autoUv":false,"rotation":270}},"children":[]},{"name":"MeshHead.064","from":[2.440067041785,6.181316387267,-3.632371491058],"to":[2.987345312656,6.994415116191,-0.28109067096],"rotationOrigin":[2.713706254959,6.587865829468,-1.956731081009],"stepParentName":"b_WingMainR","rotationX":28.306660335796,"rotationY":-11.260237059078,"rotationZ":-82.593468311921,"group":"wings-dragon1","faces":{"north":{"texture":"#wings","uv":[15.0,23.0,18.0,28.0],"autoUv":false,"rotation":270},"east":{"texture":"#wings","uv":[18.0,21.0,20.0,23.0],"autoUv":false,"rotation":180},"south":{"texture":"#wings","uv":[20.0,23.0,23.0,28.0],"autoUv":false,"rotation":270},"west":{"texture":"#wings","uv":[18.0,28.0,20.0,30.0],"autoUv":false,"rotation":180},"up":{"texture":"#wings","uv":[18.0,23.0,25.0,28.0],"autoUv":false,"rotation":270},"down":{"texture":"#wings","uv":[25.0,28.0,18.0,23.0],"autoUv":false,"rotation":270}},"children":[]},{"name":"MeshHead.065","from":[3.003000087663,8.126865398497,-6.178291147811],"to":[3.550278203056,8.939964127421,-2.827010327714],"rotationOrigin":[3.276639223099,8.533414840698,-4.502650737762],"stepParentName":"b_WingMainR","rotationX":45.818790669562,"rotationY":-8.53002688649,"rotationZ":-79.560283754356,"group":"wings-dragon1","faces":{"north":{"texture":"#wings","uv":[15.0,23.0,18.0,28.0],"autoUv":false,"rotation":270},"east":{"texture":"#wings","uv":[18.0,21.0,20.0,23.0],"autoUv":false,"rotation":180},"south":{"texture":"#wings","uv":[20.0,23.0,23.0,28.0],"autoUv":false,"rotation":270},"west":{"texture":"#wings","uv":[18.0,28.0,20.0,30.0],"autoUv":false,"rotation":180},"up":{"texture":"#wings","uv":[18.0,23.0,25.0,28.0],"autoUv":false,"rotation":270},"down":{"texture":"#wings","uv":[25.0,28.0,18.0,23.0],"autoUv":false,"rotation":270}},"children":[]},{"name":"MeshHead.066","from":[3.538169173397,9.727106105895,-8.416154969513],"to":[4.085447385964,10.540204834819,-5.383170175283],"rotationOrigin":[3.811808347702,10.133655548096,-6.899662494659],"stepParentName":"b_WingMainR","rotationX":21.176641229146,"rotationY":-12.079659976447,"rotationZ":-84.037493245867,"group":"wings-dragon1","faces":{"north":{"texture":"#wings","uv":[15.0,23.0,18.0,28.0],"autoUv":false,"rotation":270},"east":{"texture":"#wings","uv":[18.0,21.0,20.0,23.0],"autoUv":false,"rotation":180},"south":{"texture":"#wings","uv":[20.0,23.0,23.0,28.0],"autoUv":false,"rotation":270},"west":{"texture":"#wings","uv":[18.0,28.0,20.0,30.0],"autoUv":false,"rotation":180},"up":{"texture":"#wings","uv":[18.0,23.0,25.0,28.0],"autoUv":false,"rotation":270},"down":{"texture":"#wings","uv":[25.0,28.0,18.0,23.0],"autoUv":false,"rotation":270}},"children":[]},{"name":"MeshHead.067","from":[-0.45090551153,3.321509217129,-5.356298092749],"to":[6.844753619763,3.565438844901,-2.081061551245],"rotationOrigin":[3.196924209595,3.443474054337,-3.718679666519],"stepParentName":"b_WingMainR","rotationX":37.3659090622,"rotationY":-8.763090870218,"rotationZ":-80.719646894263,"group":"wings-dragon1","faces":{"north":{"texture":"#wings","uv":[46.0,14.0,47.0,35.0],"autoUv":false,"rotation":270},"east":{"texture":"#wings","uv":[17.0,50.0,15.0,52.0],"autoUv":false,"rotation":180},"south":{"texture":"#wings","uv":[46.0,14.0,47.0,35.0],"autoUv":false,"rotation":90},"west":{"texture":"#wings","uv":[16.0,55.0,14.0,57.0],"autoUv":false,"rotation":180},"up":{"texture":"#wings","uv":[58.0,14.0,47.0,35.0],"autoUv":false,"rotation":90},"down":{"texture":"#wings","uv":[47.0,35.0,58.0,14.0],"autoUv":false,"rotation":90}},"children":[]},{"name":"MeshHead.068","from":[0.163621927857,5.020722835922,-8.528629042763],"to":[7.094960187316,5.414064821035,-3.783738707463],"rotationOrigin":[3.629291057587,5.217393875122,-6.156183719635],"stepParentName":"b_WingMainR","rotationX":40.254221892374,"rotationY":-7.458259215141,"rotationZ":-80.465598008085,"group":"wings-dragon1","faces":{"north":{"texture":"#wings","uv":[46.0,14.0,47.0,35.0],"autoUv":false,"rotation":270},"east":{"texture":"#wings","uv":[17.0,50.0,15.0,52.0],"autoUv":false,"rotation":180},"south":{"texture":"#wings","uv":[46.0,14.0,47.0,35.0],"autoUv":false,"rotation":90},"west":{"texture":"#wings","uv":[16.0,55.0,14.0,57.0],"autoUv":false,"rotation":180},"up":{"texture":"#wings","uv":[58.0,14.0,47.0,35.0],"autoUv":false,"rotation":90},"down":{"texture":"#wings","uv":[47.0,35.0,58.0,14.0],"autoUv":false,"rotation":90}},"children":[]},{"name":"MeshHead.069","from":[0.634164986393,6.78166259321,-9.698467432286],"to":[7.249394883315,7.025592186389,-6.416160716805],"rotationOrigin":[3.941780090332,6.90362739563,-8.057313919067],"stepParentName":"b_WingMainR","rotationX":15.062585440778,"rotationY":-12.684060001006,"rotationZ":-84.882496929224,"group":"wings-dragon1","faces":{"north":{"texture":"#wings","uv":[26.0,43.0,28.0,60.0],"autoUv":false,"rotation":270},"east":{"texture":"#wings","uv":[26.0,43.0,28.0,51.0],"autoUv":false,"rotation":180},"south":{"texture":"#wings","uv":[26.0,43.0,28.0,60.0],"autoUv":false,"rotation":270},"west":{"texture":"#wings","uv":[26.0,43.0,28.0,51.0],"autoUv":false,"rotation":90},"up":{"texture":"#wings","uv":[47.0,11.0,59.0,31.0],"autoUv":false},"down":{"texture":"#wings","uv":[47.0,31.0,59.0,11.0],"autoUv":false,"rotation":180}},"children":[]},{"name":"MeshHead.070","from":[0.947448169646,2.851085859831,-3.51612357258],"to":[4.863233036157,3.047806045389,-0.801742550513],"rotationOrigin":[2.905340671539,2.949445962906,-2.158932924271],"stepParentName":"b_WingMainR","rotationX":73.124681442884,"rotationY":-6.570133986233,"rotationZ":-74.045445584515,"group":"wings-dragon1","faces":{"north":{"texture":"#wings","uv":[46.0,14.0,47.0,35.0],"autoUv":false,"rotation":270},"east":{"texture":"#wings","uv":[17.0,50.0,15.0,52.0],"autoUv":false,"rotation":180},"south":{"texture":"#wings","uv":[46.0,14.0,47.0,35.0],"autoUv":false,"rotation":90},"west":{"texture":"#wings","uv":[16.0,55.0,14.0,57.0],"autoUv":false,"rotation":180},"up":{"texture":"#wings","uv":[58.0,14.0,47.0,35.0],"autoUv":false,"rotation":90},"down":{"texture":"#wings","uv":[47.0,35.0,58.0,14.0],"autoUv":false,"rotation":90}},"children":[]},{"name":"MeshHead.071","from":[0.236567388715,0.731811735128,-3.161220241277],"to":[4.809325326739,1.052181326019,-1.520052819986],"rotationOrigin":[2.522946357727,0.891996562481,-2.340636491776],"stepParentName":"b_WingMainR","rotationX":75.310881562233,"rotationY":-16.951163482138,"rotationZ":-69.875335058467,"group":"wings-dragon1","faces":{"north":{"texture":"#wings","uv":[46.0,14.0,47.0,35.0],"autoUv":false,"rotation":270},"east":{"texture":"#wings","uv":[17.0,50.0,15.0,52.0],"autoUv":false,"rotation":180},"south":{"texture":"#wings","uv":[46.0,14.0,47.0,35.0],"autoUv":false,"rotation":90},"west":{"texture":"#wings","uv":[16.0,55.0,14.0,57.0],"autoUv":false,"rotation":180},"up":{"texture":"#wings","uv":[58.0,14.0,47.0,35.0],"autoUv":false,"rotation":90},"down":{"texture":"#wings","uv":[47.0,35.0,58.0,14.0],"autoUv":false,"rotation":90}},"children":[]},{"name":"MeshHead.072","from":[-0.823969227458,-0.800784714718,-3.350244708038],"to":[3.748787981654,-0.516635950945,-0.904247807966],"rotationOrigin":[1.462409377098,-0.658710360527,-2.127246141434],"stepParentName":"b_WingMainR","rotationX":88.615208971015,"rotationY":-45.068972502478,"rotationZ":-62.310675156435,"group":"wings-dragon1","faces":{"north":{"texture":"#wings","uv":[46.0,14.0,47.0,35.0],"autoUv":false,"rotation":270},"east":{"texture":"#wings","uv":[17.0,50.0,15.0,52.0],"autoUv":false,"rotation":180},"south":{"texture":"#wings","uv":[46.0,14.0,47.0,35.0],"autoUv":false,"rotation":90},"west":{"texture":"#wings","uv":[16.0,55.0,14.0,57.0],"autoUv":false,"rotation":180},"up":{"texture":"#wings","uv":[58.0,14.0,47.0,35.0],"autoUv":false,"rotation":90},"down":{"texture":"#wings","uv":[47.0,35.0,58.0,14.0],"autoUv":false,"rotation":90}},"children":[]},{"name":"MeshHead.073","from":[2.354736832775,5.307262432188,-3.733889645202],"to":[2.902015064777,6.120361161113,-0.382608825104],"rotationOrigin":[2.62837600708,5.71381187439,-2.058249235153],"stepParentName":"b_WingMainR","rotationX":2.17950205165,"rotationY":-13.260709820742,"rotationZ":-87.722414454035,"group":"wings-dragon1","faces":{"north":{"texture":"#wings","uv":[15.0,23.0,18.0,28.0],"autoUv":false,"rotation":270},"east":{"texture":"#wings","uv":[18.0,21.0,20.0,23.0],"autoUv":false,"rotation":180},"south":{"texture":"#wings","uv":[20.0,23.0,23.0,28.0],"autoUv":false,"rotation":270},"west":{"texture":"#wings","uv":[18.0,28.0,20.0,30.0],"autoUv":false,"rotation":180},"up":{"texture":"#wings","uv":[18.0,23.0,25.0,28.0],"autoUv":false,"rotation":270},"down":{"texture":"#wings","uv":[25.0,28.0,18.0,23.0],"autoUv":false,"rotation":270}},"children":[]},{"name":"MeshHead.074","from":[3.07203291741,5.935512554259,-6.844284838302],"to":[3.619311188281,6.748611283183,-3.493004018204],"rotationOrigin":[3.345672130585,6.34206199646,-5.168644428253],"stepParentName":"b_WingMainR","rotationX":20.027791457919,"rotationY":-11.95849925076,"rotationZ":-83.795458662439,"group":"wings-dragon1","faces":{"north":{"texture":"#wings","uv":[15.0,23.0,18.0,28.0],"autoUv":false,"rotation":270},"east":{"texture":"#wings","uv":[18.0,21.0,20.0,23.0],"autoUv":false,"rotation":180},"south":{"texture":"#wings","uv":[20.0,23.0,23.0,28.0],"autoUv":false,"rotation":270},"west":{"texture":"#wings","uv":[18.0,28.0,20.0,30.0],"autoUv":false,"rotation":180},"up":{"texture":"#wings","uv":[18.0,23.0,25.0,28.0],"autoUv":false,"rotation":270},"down":{"texture":"#wings","uv":[25.0,28.0,18.0,23.0],"autoUv":false,"rotation":270}},"children":[]},{"name":"MeshHead.075","from":[3.730859346315,6.317758455106,-9.515801520943],"to":[4.278137539447,7.130857339509,-6.482816604973],"rotationOrigin":[4.00449848175,6.724308013916,-7.999309062958],"stepParentName":"b_WingMainR","rotationX":-5.043984138367,"rotationY":-13.437943838194,"rotationZ":-89.3923342344,"group":"wings-dragon1","faces":{"north":{"texture":"#wings","uv":[15.0,23.0,18.0,28.0],"autoUv":false,"rotation":270},"east":{"texture":"#wings","uv":[18.0,21.0,20.0,23.0],"autoUv":false,"rotation":180},"south":{"texture":"#wings","uv":[20.0,23.0,23.0,28.0],"autoUv":false,"rotation":270},"west":{"texture":"#wings","uv":[18.0,28.0,20.0,30.0],"autoUv":false,"rotation":180},"up":{"texture":"#wings","uv":[18.0,23.0,25.0,28.0],"autoUv":false,"rotation":270},"down":{"texture":"#wings","uv":[25.0,28.0,18.0,23.0],"autoUv":false,"rotation":270}},"children":[]},{"name":"MeshHead.076","from":[2.389912117392,4.242034923644,-3.722936695678],"to":[2.937190388263,5.055133652568,-0.37165587558],"rotationOrigin":[2.663551330566,4.648584365845,-2.047296285629],"stepParentName":"b_WingMainR","rotationX":-32.9076123645,"rotationY":-13.21987809611,"rotationZ":-93.884105689222,"group":"wings-dragon1","faces":{"north":{"texture":"#wings","uv":[15.0,23.0,18.0,28.0],"autoUv":false,"rotation":270},"east":{"texture":"#wings","uv":[18.0,21.0,20.0,23.0],"autoUv":false,"rotation":180},"south":{"texture":"#wings","uv":[20.0,23.0,23.0,28.0],"autoUv":false,"rotation":270},"west":{"texture":"#wings","uv":[18.0,28.0,20.0,30.0],"autoUv":false,"rotation":180},"up":{"texture":"#wings","uv":[18.0,23.0,25.0,28.0],"autoUv":false,"rotation":270},"down":{"texture":"#wings","uv":[25.0,28.0,18.0,23.0],"autoUv":false,"rotation":270}},"children":[]},{"name":"MeshHead.077","from":[3.158327568442,2.974081289381,-6.618727034194],"to":[3.705605839313,3.787180018306,-3.267446214097],"rotationOrigin":[3.431966781616,3.380630731583,-4.943086624146],"stepParentName":"b_WingMainR","rotationX":-14.954014461279,"rotationY":-13.764845229607,"rotationZ":-89.662488706642,"group":"wings-dragon1","faces":{"north":{"texture":"#wings","uv":[15.0,23.0,18.0,28.0],"autoUv":false,"rotation":270},"east":{"texture":"#wings","uv":[18.0,21.0,20.0,23.0],"autoUv":false,"rotation":180},"south":{"texture":"#wings","uv":[20.0,23.0,23.0,28.0],"autoUv":false,"rotation":270},"west":{"texture":"#wings","uv":[18.0,28.0,20.0,30.0],"autoUv":false,"rotation":180},"up":{"texture":"#wings","uv":[18.0,23.0,25.0,28.0],"autoUv":false,"rotation":270},"down":{"texture":"#wings","uv":[25.0,28.0,18.0,23.0],"autoUv":false,"rotation":270}},"children":[]},{"name":"MeshHead.078","from":[3.665885271518,2.173759710402,-7.570219702517],"to":[4.213163075955,2.986858439326,-6.163275211567],"rotationOrigin":[3.939524173737,2.580309152603,-6.866747379303],"stepParentName":"b_WingMainR","rotationX":-40.096919220694,"rotationY":-12.644322814189,"rotationZ":-95.495074106861,"group":"wings-dragon1","faces":{"north":{"texture":"#wings","uv":[15.0,23.0,18.0,28.0],"autoUv":false,"rotation":270},"east":{"texture":"#wings","uv":[18.0,21.0,20.0,23.0],"autoUv":false,"rotation":180},"south":{"texture":"#wings","uv":[20.0,23.0,23.0,28.0],"autoUv":false,"rotation":270},"west":{"texture":"#wings","uv":[18.0,28.0,20.0,30.0],"autoUv":false,"rotation":180},"up":{"texture":"#wings","uv":[18.0,23.0,25.0,28.0],"autoUv":false,"rotation":270},"down":{"texture":"#wings","uv":[25.0,28.0,18.0,23.0],"autoUv":false,"rotation":270}},"children":[]},{"name":"MeshHead.079","from":[2.219385612875,1.538625847907,-3.220548065197],"to":[2.766663883746,2.351724576831,0.13073244859],"rotationOrigin":[2.49302482605,1.945175290108,-1.544907808304],"stepParentName":"b_WingMainR","rotationX":-22.994282633333,"rotationY":-15.281117343272,"rotationZ":-114.413359390719,"group":"wings-dragon1","faces":{"north":{"texture":"#wings","uv":[15.0,23.0,18.0,28.0],"autoUv":false,"rotation":270},"east":{"texture":"#wings","uv":[18.0,21.0,20.0,23.0],"autoUv":false,"rotation":180},"south":{"texture":"#wings","uv":[20.0,23.0,23.0,28.0],"autoUv":false,"rotation":270},"west":{"texture":"#wings","uv":[18.0,28.0,20.0,30.0],"autoUv":false,"rotation":180},"up":{"texture":"#wings","uv":[18.0,23.0,25.0,28.0],"autoUv":false,"rotation":270},"down":{"texture":"#wings","uv":[25.0,28.0,18.0,23.0],"autoUv":false,"rotation":270}},"children":[]},{"name":"MeshHead.080","from":[2.859454659618,0.323940467448,-4.786599992257],"to":[3.406732930489,1.137039196372,-2.71519736247],"rotationOrigin":[3.133093833923,0.730489909649,-3.750898599625],"stepParentName":"b_WingMainR","rotationX":-37.515613148428,"rotationY":-12.806940226817,"rotationZ":-120.674894331193,"group":"wings-dragon1","faces":{"north":{"texture":"#wings","uv":[15.0,23.0,18.0,28.0],"autoUv":false,"rotation":270},"east":{"texture":"#wings","uv":[18.0,21.0,20.0,23.0],"autoUv":false,"rotation":180},"south":{"texture":"#wings","uv":[20.0,23.0,23.0,28.0],"autoUv":false,"rotation":270},"west":{"texture":"#wings","uv":[18.0,28.0,20.0,30.0],"autoUv":false,"rotation":180},"up":{"texture":"#wings","uv":[18.0,23.0,25.0,28.0],"autoUv":false,"rotation":270},"down":{"texture":"#wings","uv":[25.0,28.0,18.0,23.0],"autoUv":false,"rotation":270}},"children":[]}],"groups":[]}