{"textureWidth":64,"textureHeight":64,"textures":{},"textureSizes":{"head":[64,64]},"elements":[{"name":"MeshHead.123","from":[1.351695615097,0.73250197609,1.006927668592],"to":[1.485938539673,3.15889539801,1.22901088045],"rotationOrigin":[1.418817520142,1.945699572563,1.117969274521],"stepParentName":"b_WingMainL","rotationX":94.389457725533,"rotationY":34.250540253446,"rotationZ":-70.987453779885,"group":"wings-insect3","faces":{"north":{"texture":"#wings","uv":[3.0,2.0,5.0,7.0],"autoUv":false},"east":{"texture":"#wings","uv":[-0.0,2.0,3.0,7.0],"autoUv":false,"rotation":180},"south":{"texture":"#wings","uv":[8.0,2.0,10.0,7.0],"autoUv":false},"west":{"texture":"#wings","uv":[5.0,2.0,8.0,7.0],"autoUv":false},"up":{"texture":"#wings","uv":[3.0,0.0,5.0,2.0],"autoUv":false},"down":{"texture":"#wings","uv":[5.0,9.0,3.0,7.0],"autoUv":false,"rotation":180}},"children":[]},{"name":"MeshHead.124","from":[3.095019843567,2.107822369329,1.885412633548],"to":[3.229262802612,4.534215635493,2.117413580289],"rotationOrigin":[3.16214132309,3.321019887924,2.001413106918],"stepParentName":"b_WingMainL","rotationX":89.907002648739,"rotationY":43.627672814011,"rotationZ":-68.159816935202,"group":"wings-insect3","faces":{"north":{"texture":"#wings","uv":[3.0,2.0,5.0,7.0],"autoUv":false},"east":{"texture":"#wings","uv":[-0.0,2.0,3.0,7.0],"autoUv":false,"rotation":180},"south":{"texture":"#wings","uv":[8.0,2.0,10.0,7.0],"autoUv":false},"west":{"texture":"#wings","uv":[5.0,2.0,8.0,7.0],"autoUv":false},"up":{"texture":"#wings","uv":[3.0,0.0,5.0,2.0],"autoUv":false},"down":{"texture":"#wings","uv":[5.0,9.0,3.0,7.0],"autoUv":false,"rotation":180}},"children":[]},{"name":"MeshHead.125","from":[4.141327394812,3.685170759204,2.372004242435],"to":[4.275569868013,4.336077104565,2.616552959958],"rotationOrigin":[4.208448410034,4.010623931885,2.494277715683],"stepParentName":"b_WingMainL","rotationX":107.872790732082,"rotationY":-8.895328455191,"rotationZ":-74.183674952938,"group":"wings-insect3","faces":{"north":{"texture":"#wings","uv":[3.0,2.0,5.0,7.0],"autoUv":false},"east":{"texture":"#wings","uv":[-0.0,2.0,3.0,7.0],"autoUv":false,"rotation":180},"south":{"texture":"#wings","uv":[8.0,2.0,10.0,7.0],"autoUv":false},"west":{"texture":"#wings","uv":[5.0,2.0,8.0,7.0],"autoUv":false},"up":{"texture":"#wings","uv":[3.0,0.0,5.0,2.0],"autoUv":false},"down":{"texture":"#wings","uv":[5.0,9.0,3.0,7.0],"autoUv":false,"rotation":180}},"children":[]},{"name":"MeshHead.126","from":[4.919128976645,2.652595279218,2.428791506648],"to":[5.05337233536,4.175484353091,2.683033005834],"rotationOrigin":[4.98625087738,3.414039373398,2.555912256241],"stepParentName":"b_WingMainL","rotationX":120.058237532168,"rotationY":-42.212932316132,"rotationZ":-68.680195387687,"group":"wings-insect3","faces":{"north":{"texture":"#wings","uv":[3.0,2.0,5.0,7.0],"autoUv":false},"east":{"texture":"#wings","uv":[-0.0,2.0,3.0,7.0],"autoUv":false,"rotation":180},"south":{"texture":"#wings","uv":[8.0,2.0,10.0,7.0],"autoUv":false},"west":{"texture":"#wings","uv":[5.0,2.0,8.0,7.0],"autoUv":false},"up":{"texture":"#wings","uv":[3.0,0.0,5.0,2.0],"autoUv":false},"down":{"texture":"#wings","uv":[5.0,9.0,3.0,7.0],"autoUv":false,"rotation":180}},"children":[]},{"name":"MeshHead.127","from":[5.49622538327,2.397380567488,2.386789560774],"to":[5.630468342316,2.915019773546,2.64320765169],"rotationOrigin":[5.563346862793,2.656200170517,2.514997720718],"stepParentName":"b_WingMainL","rotationX":142.444619668991,"rotationY":-65.120478377195,"rotationZ":-50.203720890291,"group":"wings-insect3","faces":{"north":{"texture":"#wings","uv":[3.0,2.0,5.0,7.0],"autoUv":false},"east":{"texture":"#wings","uv":[-0.0,2.0,3.0,7.0],"autoUv":false,"rotation":180},"south":{"texture":"#wings","uv":[8.0,2.0,10.0,7.0],"autoUv":false},"west":{"texture":"#wings","uv":[5.0,2.0,8.0,7.0],"autoUv":false},"up":{"texture":"#wings","uv":[3.0,0.0,5.0,2.0],"autoUv":false},"down":{"texture":"#wings","uv":[5.0,9.0,3.0,7.0],"autoUv":false,"rotation":180}},"children":[]},{"name":"MeshHead.128","from":[4.668701567981,0.082877168397,1.837417245546],"to":[4.796534721242,3.019167277648,2.103312134107],"rotationOrigin":[4.732618808746,1.551021337509,1.970364689827],"stepParentName":"b_WingMainL","rotationX":-91.351430563846,"rotationY":-45.809829461371,"rotationZ":67.274480984796,"group":"wings-insect3","faces":{"north":{"texture":"#wings","uv":[3.0,2.0,5.0,7.0],"autoUv":false},"east":{"texture":"#wings","uv":[-0.0,2.0,3.0,7.0],"autoUv":false,"rotation":180},"south":{"texture":"#wings","uv":[8.0,2.0,10.0,7.0],"autoUv":false},"west":{"texture":"#wings","uv":[5.0,2.0,8.0,7.0],"autoUv":false},"up":{"texture":"#wings","uv":[3.0,0.0,5.0,2.0],"autoUv":false},"down":{"texture":"#wings","uv":[5.0,9.0,3.0,7.0],"autoUv":false,"rotation":180}},"children":[]},{"name":"MeshHead.129","from":[2.677267068224,-1.321094977469,0.844642540803],"to":[2.792936774191,1.352383954773,1.093900387046],"rotationOrigin":[2.735101699829,0.015645816922,0.969269692898],"stepParentName":"b_WingMainL","rotationX":-83.732935110776,"rotationY":-29.487197062131,"rotationZ":71.979784643639,"group":"wings-insect3","faces":{"north":{"texture":"#wings","uv":[3.0,2.0,5.0,7.0],"autoUv":false},"east":{"texture":"#wings","uv":[-0.0,2.0,3.0,7.0],"autoUv":false,"rotation":180},"south":{"texture":"#wings","uv":[8.0,2.0,10.0,7.0],"autoUv":false},"west":{"texture":"#wings","uv":[5.0,2.0,8.0,7.0],"autoUv":false},"up":{"texture":"#wings","uv":[3.0,0.0,5.0,2.0],"autoUv":false},"down":{"texture":"#wings","uv":[5.0,9.0,3.0,7.0],"autoUv":false,"rotation":180}},"children":[]},{"name":"MeshHead.130","from":[0.346483904468,-2.395415179229,-0.109973797107],"to":[0.424260300054,0.443231285522,0.140801867351],"rotationOrigin":[0.385372102261,-0.976091504097,0.015414920636],"stepParentName":"b_WingMainL","rotationX":-80.858436338198,"rotationY":-21.18992082444,"rotationZ":73.213446581338,"group":"wings-insect3","faces":{"north":{"texture":"#wings","uv":[3.0,2.0,5.0,7.0],"autoUv":false},"east":{"texture":"#wings","uv":[-0.0,2.0,3.0,7.0],"autoUv":false,"rotation":180},"south":{"texture":"#wings","uv":[8.0,2.0,10.0,7.0],"autoUv":false},"west":{"texture":"#wings","uv":[5.0,2.0,8.0,7.0],"autoUv":false},"up":{"texture":"#wings","uv":[3.0,0.0,5.0,2.0],"autoUv":false},"down":{"texture":"#wings","uv":[5.0,9.0,3.0,7.0],"autoUv":false,"rotation":180}},"children":[]},{"name":"MeshHead.131","from":[3.994390454689,1.164073586963,0.934527865352],"to":[4.063189096756,3.831516146161,3.118154534397],"rotationOrigin":[4.028789997101,2.497794866562,2.026341199875],"stepParentName":"b_WingMainL","rotationX":89.405960461795,"rotationY":44.516212123138,"rotationZ":-67.81140898564,"group":"wings-insect3","faces":{"north":{"texture":"#wings","uv":[1.0,48.0,29.0,58.0],"autoUv":false,"rotation":180},"east":{"texture":"#wings","uv":[51.0,53.0,59.0,64.0],"autoUv":false},"south":{"texture":"#wings","uv":[1.0,48.0,29.0,58.0],"autoUv":false,"rotation":180},"west":{"texture":"#wings","uv":[51.0,53.0,59.0,64.0],"autoUv":false,"rotation":180},"up":{"texture":"#wings","uv":[1.0,48.0,29.0,58.0],"autoUv":false,"rotation":270},"down":{"texture":"#wings","uv":[29.0,58.0,1.0,48.0],"autoUv":false,"rotation":90}},"children":[]},{"name":"MeshHead.132","from":[1.954060547357,-0.826856533597,-0.108758549582],"to":[2.022859137755,2.704437074201,2.121328590231],"rotationOrigin":[1.988460063934,0.938791155815,1.006285905838],"stepParentName":"b_WingMainL","rotationX":95.64847332543,"rotationY":31.111815612826,"rotationZ":-71.667303489111,"group":"wings-insect3","faces":{"north":{"texture":"#wings","uv":[1.0,48.0,29.0,58.0],"autoUv":false,"rotation":180},"east":{"texture":"#wings","uv":[39.0,53.0,51.0,64.0],"autoUv":false},"south":{"texture":"#wings","uv":[1.0,48.0,29.0,58.0],"autoUv":false,"rotation":180},"west":{"texture":"#wings","uv":[39.0,53.0,51.0,64.0],"autoUv":false,"rotation":180},"up":{"texture":"#wings","uv":[1.0,48.0,29.0,58.0],"autoUv":false,"rotation":270},"down":{"texture":"#wings","uv":[29.0,58.0,1.0,48.0],"autoUv":false,"rotation":90}},"children":[]},{"name":"MeshHead.133","from":[-0.261243163302,-1.264871983802,-0.882806856725],"to":[-0.192444530069,0.784811257397,0.960321929846],"rotationOrigin":[-0.226843625307,-0.240030363202,0.03875753656],"stepParentName":"b_WingMainL","rotationX":98.242251323121,"rotationY":23.913486076739,"rotationZ":-72.868228330118,"group":"wings-insect3","faces":{"north":{"texture":"#wings","uv":[1.0,48.0,29.0,58.0],"autoUv":false,"rotation":180},"east":{"texture":"#wings","uv":[31.0,53.0,39.0,64.0],"autoUv":false},"south":{"texture":"#wings","uv":[1.0,48.0,29.0,58.0],"autoUv":false,"rotation":180},"west":{"texture":"#wings","uv":[31.0,53.0,39.0,64.0],"autoUv":false,"rotation":180},"up":{"texture":"#wings","uv":[1.0,48.0,29.0,58.0],"autoUv":false,"rotation":270},"down":{"texture":"#wings","uv":[29.0,58.0,1.0,48.0],"autoUv":false,"rotation":90}},"children":[]},{"name":"MeshHead.134","from":[-0.272207235862,-0.186544089815,0.228149494457],"to":[-0.137964754043,1.837394130305,0.450231820801],"rotationOrigin":[-0.205086216331,0.825424134731,0.339190214872],"stepParentName":"b_WingMainL","rotationX":103.535046873234,"rotationY":40.910534769721,"rotationZ":-81.084413146888,"group":"wings-insect3","faces":{"north":{"texture":"#wings","uv":[3.0,2.0,5.0,7.0],"autoUv":false},"east":{"texture":"#wings","uv":[-0.0,2.0,3.0,7.0],"autoUv":false,"rotation":180},"south":{"texture":"#wings","uv":[8.0,2.0,10.0,7.0],"autoUv":false},"west":{"texture":"#wings","uv":[5.0,2.0,8.0,7.0],"autoUv":false},"up":{"texture":"#wings","uv":[3.0,0.0,5.0,2.0],"autoUv":false},"down":{"texture":"#wings","uv":[5.0,9.0,3.0,7.0],"autoUv":false,"rotation":180}},"children":[]},{"name":"MeshHead.135","from":[-1.217057200827,0.714381142331,-0.406307011091],"to":[0.806881741127,0.936463495508,-0.272064512037],"rotationOrigin":[-0.205087453127,0.825422346592,-0.339185982943],"stepParentName":"b_WingMainR","rotationX":-19.400674224179,"rotationY":6.725972862996,"rotationZ":-138.74441932765,"group":"wings-insect3","faces":{"north":{"texture":"#wings","uv":[8.0,2.0,5.0,7.0],"autoUv":false,"rotation":90},"east":{"texture":"#wings","uv":[5.0,7.0,3.0,9.0],"autoUv":false,"rotation":180},"south":{"texture":"#wings","uv":[3.0,2.0,-0.0,7.0],"autoUv":false,"rotation":90},"west":{"texture":"#wings","uv":[5.0,0.0,3.0,2.0],"autoUv":false,"rotation":180},"up":{"texture":"#wings","uv":[10.0,2.0,8.0,7.0],"autoUv":false,"rotation":270},"down":{"texture":"#wings","uv":[3.0,7.0,5.0,2.0],"autoUv":false,"rotation":270}},"children":[]},{"name":"MeshHead.136","from":[0.205619634129,1.834665786231,-1.185093593523],"to":[2.632013277427,2.056749039177,-1.050850677565],"rotationOrigin":[1.418816566467,1.945707440376,-1.117972135544],"stepParentName":"b_WingMainR","rotationX":-15.36460103795,"rotationY":15.621522018675,"rotationZ":-144.239415797952,"group":"wings-insect3","faces":{"north":{"texture":"#wings","uv":[8.0,2.0,5.0,7.0],"autoUv":false,"rotation":90},"east":{"texture":"#wings","uv":[5.0,7.0,3.0,9.0],"autoUv":false,"rotation":180},"south":{"texture":"#wings","uv":[3.0,2.0,-0.0,7.0],"autoUv":false,"rotation":90},"west":{"texture":"#wings","uv":[5.0,0.0,3.0,2.0],"autoUv":false,"rotation":180},"up":{"texture":"#wings","uv":[10.0,2.0,8.0,7.0],"autoUv":false,"rotation":270},"down":{"texture":"#wings","uv":[3.0,7.0,5.0,2.0],"autoUv":false,"rotation":270}},"children":[]},{"name":"MeshHead.137","from":[1.948935929358,3.205031217876,-2.068538320051],"to":[4.375328707698,3.437032171534,-1.934294944101],"rotationOrigin":[3.162132263184,3.321031808853,-2.001415967941],"stepParentName":"b_WingMainR","rotationX":-15.364797405889,"rotationY":15.621576660188,"rotationZ":-134.239185569975,"group":"wings-insect3","faces":{"north":{"texture":"#wings","uv":[8.0,2.0,5.0,7.0],"autoUv":false,"rotation":90},"east":{"texture":"#wings","uv":[5.0,7.0,3.0,9.0],"autoUv":false,"rotation":180},"south":{"texture":"#wings","uv":[3.0,2.0,-0.0,7.0],"autoUv":false,"rotation":90},"west":{"texture":"#wings","uv":[5.0,0.0,3.0,2.0],"autoUv":false,"rotation":180},"up":{"texture":"#wings","uv":[10.0,2.0,8.0,7.0],"autoUv":false,"rotation":270},"down":{"texture":"#wings","uv":[3.0,7.0,5.0,2.0],"autoUv":false,"rotation":270}},"children":[]},{"name":"MeshHead.138","from":[3.882999072943,3.888351519717,-2.561398701134],"to":[4.533905487209,4.132900380128,-2.427156219314],"rotationOrigin":[4.208452224731,4.010625839233,-2.494277238846],"stepParentName":"b_WingMainR","rotationX":-15.364659094558,"rotationY":15.621247103561,"rotationZ":170.76056223187,"group":"wings-insect3","faces":{"north":{"texture":"#wings","uv":[8.0,2.0,5.0,7.0],"autoUv":false,"rotation":90},"east":{"texture":"#wings","uv":[5.0,7.0,3.0,9.0],"autoUv":false,"rotation":180},"south":{"texture":"#wings","uv":[3.0,2.0,-0.0,7.0],"autoUv":false,"rotation":90},"west":{"texture":"#wings","uv":[5.0,0.0,3.0,2.0],"autoUv":false,"rotation":180},"up":{"texture":"#wings","uv":[10.0,2.0,8.0,7.0],"autoUv":false,"rotation":270},"down":{"texture":"#wings","uv":[3.0,7.0,5.0,2.0],"autoUv":false,"rotation":270}},"children":[]},{"name":"MeshHead.139","from":[4.224812905475,3.286922472583,-2.62303791213],"to":[5.747702090037,3.541164635903,-2.488794978937],"rotationOrigin":[4.986257553101,3.414043664932,-2.555915117264],"stepParentName":"b_WingMainR","rotationX":-15.364662509653,"rotationY":15.621516896033,"rotationZ":135.760582886839,"group":"wings-insect3","faces":{"north":{"texture":"#wings","uv":[8.0,2.0,5.0,7.0],"autoUv":false,"rotation":90},"east":{"texture":"#wings","uv":[5.0,7.0,3.0,9.0],"autoUv":false,"rotation":180},"south":{"texture":"#wings","uv":[3.0,2.0,-0.0,7.0],"autoUv":false,"rotation":90},"west":{"texture":"#wings","uv":[5.0,0.0,3.0,2.0],"autoUv":false,"rotation":180},"up":{"texture":"#wings","uv":[10.0,2.0,8.0,7.0],"autoUv":false,"rotation":270},"down":{"texture":"#wings","uv":[3.0,7.0,5.0,2.0],"autoUv":false,"rotation":270}},"children":[]},{"name":"MeshHead.140","from":[5.304537528803,2.527994768919,-2.582125824646],"to":[5.82217695624,2.784413048293,-2.447882457313],"rotationOrigin":[5.56335735321,2.656204462051,-2.515003919601],"stepParentName":"b_WingMainR","rotationX":-15.364691537957,"rotationY":15.62146225452,"rotationZ":109.611565649471,"group":"wings-insect3","faces":{"north":{"texture":"#wings","uv":[8.0,2.0,5.0,7.0],"autoUv":false,"rotation":90},"east":{"texture":"#wings","uv":[5.0,7.0,3.0,9.0],"autoUv":false,"rotation":180},"south":{"texture":"#wings","uv":[3.0,2.0,-0.0,7.0],"autoUv":false,"rotation":90},"west":{"texture":"#wings","uv":[5.0,0.0,3.0,2.0],"autoUv":false,"rotation":180},"up":{"texture":"#wings","uv":[10.0,2.0,8.0,7.0],"autoUv":false,"rotation":270},"down":{"texture":"#wings","uv":[3.0,7.0,5.0,2.0],"autoUv":false,"rotation":270}},"children":[]},{"name":"MeshHead.141","from":[3.264486911456,1.418068319185,-2.034282211298],"to":[6.200776455243,1.683963644038,-1.906448598868],"rotationOrigin":[4.73263168335,1.5510160923,-1.970365405083],"stepParentName":"b_WingMainR","rotationX":-15.364293679438,"rotationY":15.621424688479,"rotationZ":48.118853457469,"group":"wings-insect3","faces":{"north":{"texture":"#wings","uv":[8.0,2.0,5.0,7.0],"autoUv":false,"rotation":90},"east":{"texture":"#wings","uv":[5.0,7.0,3.0,9.0],"autoUv":false,"rotation":180},"south":{"texture":"#wings","uv":[3.0,2.0,-0.0,7.0],"autoUv":false,"rotation":90},"west":{"texture":"#wings","uv":[5.0,0.0,3.0,2.0],"autoUv":false,"rotation":180},"up":{"texture":"#wings","uv":[10.0,2.0,8.0,7.0],"autoUv":false,"rotation":270},"down":{"texture":"#wings","uv":[3.0,7.0,5.0,2.0],"autoUv":false,"rotation":270}},"children":[]},{"name":"MeshHead.142","from":[1.398372925888,-0.108967290206,-1.027117317555],"to":[4.071853872871,0.140290540037,-0.911447613109],"rotationOrigin":[2.735113620758,0.015661403537,-0.96928268671],"stepParentName":"b_WingMainR","rotationX":-15.364471264356,"rotationY":15.621711556424,"rotationZ":30.737606623674,"group":"wings-insect3","faces":{"north":{"texture":"#wings","uv":[8.0,2.0,5.0,7.0],"autoUv":false,"rotation":90},"east":{"texture":"#wings","uv":[5.0,7.0,3.0,9.0],"autoUv":false,"rotation":180},"south":{"texture":"#wings","uv":[3.0,2.0,-0.0,7.0],"autoUv":false,"rotation":90},"west":{"texture":"#wings","uv":[5.0,0.0,3.0,2.0],"autoUv":false,"rotation":180},"up":{"texture":"#wings","uv":[10.0,2.0,8.0,7.0],"autoUv":false,"rotation":270},"down":{"texture":"#wings","uv":[3.0,7.0,5.0,2.0],"autoUv":false,"rotation":270}},"children":[]},{"name":"MeshHead.143","from":[-1.033949363257,-1.101477443135,-0.054304149777],"to":[1.804697212182,-0.850701854643,0.023472492151],"rotationOrigin":[0.385373979807,-0.97608935833,-0.015415939502],"stepParentName":"b_WingMainR","rotationX":-15.364445651147,"rotationY":15.621465669614,"rotationZ":22.044362121683,"group":"wings-insect3","faces":{"north":{"texture":"#wings","uv":[8.0,2.0,5.0,7.0],"autoUv":false,"rotation":90},"east":{"texture":"#wings","uv":[5.0,7.0,3.0,9.0],"autoUv":false,"rotation":180},"south":{"texture":"#wings","uv":[3.0,2.0,-0.0,7.0],"autoUv":false,"rotation":90},"west":{"texture":"#wings","uv":[5.0,0.0,3.0,2.0],"autoUv":false,"rotation":180},"up":{"texture":"#wings","uv":[10.0,2.0,8.0,7.0],"autoUv":false,"rotation":270},"down":{"texture":"#wings","uv":[3.0,7.0,5.0,2.0],"autoUv":false,"rotation":270}},"children":[]},{"name":"MeshHead.144","from":[2.695045949014,1.405991184069,-2.060741472374],"to":[5.362488669049,3.589618244148,-1.991942834724],"rotationOrigin":[4.028767585754,2.497804880142,-2.026342153549],"stepParentName":"b_WingMainR","rotationX":-15.364322707742,"rotationY":15.62187206587,"rotationZ":-133.28059584072,"group":"wings-insect3","faces":{"north":{"texture":"#wings","uv":[59.0,53.0,51.0,64.0],"autoUv":false,"rotation":270},"east":{"texture":"#wings","uv":[29.0,48.0,1.0,58.0],"autoUv":false,"rotation":270},"south":{"texture":"#wings","uv":[59.0,53.0,51.0,64.0],"autoUv":false,"rotation":270},"west":{"texture":"#wings","uv":[29.0,48.0,1.0,58.0],"autoUv":false,"rotation":270},"up":{"texture":"#wings","uv":[29.0,48.0,1.0,58.0],"autoUv":false,"rotation":90},"down":{"texture":"#wings","uv":[1.0,58.0,29.0,48.0],"autoUv":false,"rotation":90}},"children":[]},{"name":"MeshHead.145","from":[0.22282248553,-0.176241395716,-1.040696640674],"to":[3.75411755881,2.053845744097,-0.971898025105],"rotationOrigin":[1.988470077515,0.938802838326,-1.006297111511],"stepParentName":"b_WingMainR","rotationX":-15.364076820931,"rotationY":15.622343348922,"rotationZ":-147.552248790705,"group":"wings-insect3","faces":{"north":{"texture":"#wings","uv":[51.0,53.0,39.0,64.0],"autoUv":false,"rotation":270},"east":{"texture":"#wings","uv":[29.0,48.0,1.0,58.0],"autoUv":false,"rotation":270},"south":{"texture":"#wings","uv":[51.0,53.0,39.0,64.0],"autoUv":false,"rotation":270},"west":{"texture":"#wings","uv":[29.0,48.0,1.0,58.0],"autoUv":false,"rotation":270},"up":{"texture":"#wings","uv":[29.0,48.0,1.0,58.0],"autoUv":false,"rotation":90},"down":{"texture":"#wings","uv":[1.0,58.0,29.0,48.0],"autoUv":false,"rotation":90}},"children":[]},{"name":"MeshHead.146","from":[-1.251686890387,-1.161591014157,-0.073156418078],"to":[0.797997340752,0.681538104482,-0.004357550217],"rotationOrigin":[-0.226844608784,-0.240026399493,-0.038756873459],"stepParentName":"b_WingMainR","rotationX":-15.364445651147,"rotationY":15.621627886607,"rotationZ":-155.108282163815,"group":"wings-insect3","faces":{"north":{"texture":"#wings","uv":[39.0,53.0,31.0,64.0],"autoUv":false,"rotation":270},"east":{"texture":"#wings","uv":[29.0,48.0,1.0,58.0],"autoUv":false,"rotation":270},"south":{"texture":"#wings","uv":[39.0,53.0,31.0,64.0],"autoUv":false,"rotation":270},"west":{"texture":"#wings","uv":[29.0,48.0,1.0,58.0],"autoUv":false,"rotation":270},"up":{"texture":"#wings","uv":[29.0,48.0,1.0,58.0],"autoUv":false,"rotation":90},"down":{"texture":"#wings","uv":[1.0,58.0,29.0,48.0],"autoUv":false,"rotation":90}},"children":[]},{"name":"MeshHead.147","from":[1.784044525267,-3.167762155759,0.513511003079],"to":[1.948852146088,0.046452198236,0.840980111537],"rotationOrigin":[1.866448879242,-1.560653805733,0.677245557308],"stepParentName":"b_WingMainL","rotationX":93.85342447947,"rotationY":-19.720040209391,"rotationZ":-67.211704716134,"group":"wings-insect3","faces":{"north":{"texture":"#wings","uv":[3.0,2.0,5.0,7.0],"autoUv":false},"east":{"texture":"#wings","uv":[-0.0,2.0,3.0,7.0],"autoUv":false,"rotation":180},"south":{"texture":"#wings","uv":[8.0,2.0,10.0,7.0],"autoUv":false},"west":{"texture":"#wings","uv":[5.0,2.0,8.0,7.0],"autoUv":false},"up":{"texture":"#wings","uv":[3.0,0.0,5.0,2.0],"autoUv":false},"down":{"texture":"#wings","uv":[5.0,9.0,3.0,7.0],"autoUv":false,"rotation":180}},"children":[]},{"name":"MeshHead.148","from":[4.66419440745,-3.953107081554,1.573526491217],"to":[4.829002079976,-0.727361448,1.914618621774],"rotationOrigin":[4.746598243713,-2.34023308754,1.744072556496],"stepParentName":"b_WingMainL","rotationX":89.931502537292,"rotationY":-10.462421445149,"rotationZ":-68.236397016176,"group":"wings-insect3","faces":{"north":{"texture":"#wings","uv":[3.0,2.0,5.0,7.0],"autoUv":false},"east":{"texture":"#wings","uv":[-0.0,2.0,3.0,7.0],"autoUv":false,"rotation":180},"south":{"texture":"#wings","uv":[8.0,2.0,10.0,7.0],"autoUv":false},"west":{"texture":"#wings","uv":[5.0,2.0,8.0,7.0],"autoUv":false},"up":{"texture":"#wings","uv":[3.0,0.0,5.0,2.0],"autoUv":false},"down":{"texture":"#wings","uv":[5.0,9.0,3.0,7.0],"autoUv":false,"rotation":180}},"children":[]},{"name":"MeshHead.149","from":[6.239196693481,-3.385250849757,2.167966952105],"to":[6.404003770738,-2.473483757939,2.510527597971],"rotationOrigin":[6.321599960327,-2.929367303848,2.339246034622],"stepParentName":"b_WingMainL","rotationX":125.426083200881,"rotationY":-58.459875974084,"rotationZ":-45.811338933177,"group":"wings-insect3","faces":{"north":{"texture":"#wings","uv":[3.0,2.0,5.0,7.0],"autoUv":false},"east":{"texture":"#wings","uv":[-0.0,2.0,3.0,7.0],"autoUv":false,"rotation":180},"south":{"texture":"#wings","uv":[8.0,2.0,10.0,7.0],"autoUv":false},"west":{"texture":"#wings","uv":[5.0,2.0,8.0,7.0],"autoUv":false},"up":{"texture":"#wings","uv":[3.0,0.0,5.0,2.0],"autoUv":false},"down":{"texture":"#wings","uv":[5.0,9.0,3.0,7.0],"autoUv":false,"rotation":180}},"children":[]},{"name":"MeshHead.150","from":[6.155713817717,-5.476889129886,2.244675588706],"to":[6.320521982103,-3.237908495523,2.582674550912],"rotationOrigin":[6.238118171692,-4.357399463654,2.413675069809],"stepParentName":"b_WingMainL","rotationX":-155.609563407381,"rotationY":-65.962729494317,"rotationZ":26.47557882687,"group":"wings-insect3","faces":{"north":{"texture":"#wings","uv":[3.0,2.0,5.0,7.0],"autoUv":false},"east":{"texture":"#wings","uv":[-0.0,2.0,3.0,7.0],"autoUv":false,"rotation":180},"south":{"texture":"#wings","uv":[8.0,2.0,10.0,7.0],"autoUv":false},"west":{"texture":"#wings","uv":[5.0,2.0,8.0,7.0],"autoUv":false},"up":{"texture":"#wings","uv":[3.0,0.0,5.0,2.0],"autoUv":false},"down":{"texture":"#wings","uv":[5.0,9.0,3.0,7.0],"autoUv":false,"rotation":180}},"children":[]},{"name":"MeshHead.151","from":[5.737345042216,-6.076981622805,2.192916647438],"to":[5.902152714742,-5.319595258603,2.535619941191],"rotationOrigin":[5.819748878479,-5.698288440704,2.364267110825],"stepParentName":"b_WingMainL","rotationX":-119.715198111293,"rotationY":-47.712426466002,"rotationZ":57.18762688267,"group":"wings-insect3","faces":{"north":{"texture":"#wings","uv":[3.0,2.0,5.0,7.0],"autoUv":false},"east":{"texture":"#wings","uv":[-0.0,2.0,3.0,7.0],"autoUv":false,"rotation":180},"south":{"texture":"#wings","uv":[8.0,2.0,10.0,7.0],"autoUv":false},"west":{"texture":"#wings","uv":[5.0,2.0,8.0,7.0],"autoUv":false},"up":{"texture":"#wings","uv":[3.0,0.0,5.0,2.0],"autoUv":false},"down":{"texture":"#wings","uv":[5.0,9.0,3.0,7.0],"autoUv":false,"rotation":180}},"children":[]},{"name":"MeshHead.152","from":[3.86018464231,-7.683688455371,1.511419644441],"to":[4.017123049355,-3.772920819146,1.901740441237],"rotationOrigin":[3.938654661179,-5.72830581665,1.706580042839],"stepParentName":"b_WingMainL","rotationX":-90.951878157779,"rotationY":8.271223334876,"rotationZ":68.380568649177,"group":"wings-insect3","faces":{"north":{"texture":"#wings","uv":[3.0,2.0,5.0,7.0],"autoUv":false},"east":{"texture":"#wings","uv":[-0.0,2.0,3.0,7.0],"autoUv":false,"rotation":180},"south":{"texture":"#wings","uv":[8.0,2.0,10.0,7.0],"autoUv":false},"west":{"texture":"#wings","uv":[5.0,2.0,8.0,7.0],"autoUv":false},"up":{"texture":"#wings","uv":[3.0,0.0,5.0,2.0],"autoUv":false},"down":{"texture":"#wings","uv":[5.0,9.0,3.0,7.0],"autoUv":false,"rotation":180}},"children":[]},{"name":"MeshHead.153","from":[0.613327551914,-6.571212379602,0.314056707652],"to":[0.755333084004,-3.026645756765,0.681307872305],"rotationOrigin":[0.684330046177,-4.798927307129,0.497679680586],"stepParentName":"b_WingMainL","rotationX":-84.013731017745,"rotationY":24.337724494014,"rotationZ":66.411097262382,"group":"wings-insect3","faces":{"north":{"texture":"#wings","uv":[3.0,2.0,5.0,7.0],"autoUv":false},"east":{"texture":"#wings","uv":[-0.0,2.0,3.0,7.0],"autoUv":false,"rotation":180},"south":{"texture":"#wings","uv":[8.0,2.0,10.0,7.0],"autoUv":false},"west":{"texture":"#wings","uv":[5.0,2.0,8.0,7.0],"autoUv":false},"up":{"texture":"#wings","uv":[3.0,0.0,5.0,2.0],"autoUv":false},"down":{"texture":"#wings","uv":[5.0,9.0,3.0,7.0],"autoUv":false,"rotation":180}},"children":[]},{"name":"MeshHead.155","from":[4.432121148761,-5.847206905455,0.169916018798],"to":[4.516583980892,-2.298514530092,3.378434076951],"rotationOrigin":[4.474352836609,-4.072860717773,1.774175047874],"stepParentName":"b_WingMainL","rotationX":89.570445077387,"rotationY":-9.572129338727,"rotationZ":-68.299309888621,"group":"wings-insect3","faces":{"north":{"texture":"#wings","uv":[1.0,48.0,29.0,58.0],"autoUv":false,"rotation":180},"east":{"texture":"#wings","uv":[51.0,53.0,59.0,64.0],"autoUv":false},"south":{"texture":"#wings","uv":[1.0,48.0,29.0,58.0],"autoUv":false,"rotation":180},"west":{"texture":"#wings","uv":[51.0,53.0,59.0,64.0],"autoUv":false,"rotation":180},"up":{"texture":"#wings","uv":[1.0,48.0,29.0,58.0],"autoUv":false,"rotation":270},"down":{"texture":"#wings","uv":[29.0,58.0,1.0,48.0],"autoUv":false,"rotation":90}},"children":[]},{"name":"MeshHead.156","from":[1.118536723427,-5.455066682837,-1.101219843307],"to":[1.202999512413,-0.775495966812,2.185975872112],"rotationOrigin":[1.160768389702,-3.115280151367,0.542379319668],"stepParentName":"b_WingMainL","rotationX":95.243525069919,"rotationY":-22.768935909594,"rotationZ":-66.707568453496,"group":"wings-insect3","faces":{"north":{"texture":"#wings","uv":[1.0,48.0,29.0,58.0],"autoUv":false,"rotation":180},"east":{"texture":"#wings","uv":[39.0,53.0,51.0,64.0],"autoUv":false},"south":{"texture":"#wings","uv":[1.0,48.0,29.0,58.0],"autoUv":false,"rotation":180},"west":{"texture":"#wings","uv":[39.0,53.0,51.0,64.0],"autoUv":false,"rotation":180},"up":{"texture":"#wings","uv":[1.0,48.0,29.0,58.0],"autoUv":false,"rotation":270},"down":{"texture":"#wings","uv":[29.0,58.0,1.0,48.0],"autoUv":false,"rotation":90}},"children":[]},{"name":"MeshHead.160","from":[0.259348598092,-1.724384317173,-0.759652577752],"to":[3.473562933831,-1.396915269668,-0.594844974166],"rotationOrigin":[1.86645591259,-1.560649752617,-0.677248775959],"stepParentName":"b_WingMainR","rotationX":4.215033107107,"rotationY":21.383700121382,"rotationZ":158.754100538985,"group":"wings-insect3","faces":{"north":{"texture":"#wings","uv":[8.0,2.0,5.0,7.0],"autoUv":false,"rotation":90},"east":{"texture":"#wings","uv":[5.0,7.0,3.0,9.0],"autoUv":false,"rotation":180},"south":{"texture":"#wings","uv":[3.0,2.0,-0.0,7.0],"autoUv":false,"rotation":90},"west":{"texture":"#wings","uv":[5.0,0.0,3.0,2.0],"autoUv":false,"rotation":180},"up":{"texture":"#wings","uv":[10.0,2.0,8.0,7.0],"autoUv":false,"rotation":270},"down":{"texture":"#wings","uv":[3.0,7.0,5.0,2.0],"autoUv":false,"rotation":270}},"children":[]},{"name":"MeshHead.161","from":[3.133730333861,-2.510755990492,-1.826480817748],"to":[6.359475837464,-2.169663790192,-1.661672601657],"rotationOrigin":[4.746603012085,-2.340209722519,-1.744075894356],"stepParentName":"b_WingMainR","rotationX":4.214970354744,"rotationY":21.383887951584,"rotationZ":168.754330766962,"group":"wings-insect3","faces":{"north":{"texture":"#wings","uv":[8.0,2.0,5.0,7.0],"autoUv":false,"rotation":90},"east":{"texture":"#wings","uv":[5.0,7.0,3.0,9.0],"autoUv":false,"rotation":180},"south":{"texture":"#wings","uv":[3.0,2.0,-0.0,7.0],"autoUv":false,"rotation":90},"west":{"texture":"#wings","uv":[5.0,0.0,3.0,2.0],"autoUv":false,"rotation":180},"up":{"texture":"#wings","uv":[10.0,2.0,8.0,7.0],"autoUv":false,"rotation":270},"down":{"texture":"#wings","uv":[3.0,7.0,5.0,2.0],"autoUv":false,"rotation":270}},"children":[]},{"name":"MeshHead.162","from":[5.865721349923,-3.100647149945,-2.421647460847],"to":[6.777488262524,-2.758086193974,-2.25684038359],"rotationOrigin":[6.321604728699,-2.929366827011,-2.339243650436],"stepParentName":"b_WingMainR","rotationX":4.214748800483,"rotationY":21.383592545903,"rotationZ":113.754225645245,"group":"wings-insect3","faces":{"north":{"texture":"#wings","uv":[8.0,2.0,5.0,7.0],"autoUv":false,"rotation":90},"east":{"texture":"#wings","uv":[5.0,7.0,3.0,9.0],"autoUv":false,"rotation":180},"south":{"texture":"#wings","uv":[3.0,2.0,-0.0,7.0],"autoUv":false,"rotation":90},"west":{"texture":"#wings","uv":[5.0,0.0,3.0,2.0],"autoUv":false,"rotation":180},"up":{"texture":"#wings","uv":[10.0,2.0,8.0,7.0],"autoUv":false,"rotation":270},"down":{"texture":"#wings","uv":[3.0,7.0,5.0,2.0],"autoUv":false,"rotation":270}},"children":[]},{"name":"MeshHead.163","from":[5.118636177084,-4.526406241736,-2.496081941424],"to":[7.357617169701,-4.188406331321,-2.331274320603],"rotationOrigin":[6.238126754761,-4.357406139374,-2.41367650032],"stepParentName":"b_WingMainR","rotationX":4.214990418424,"rotationY":21.383744517612,"rotationZ":78.754184828511,"group":"wings-insect3","faces":{"north":{"texture":"#wings","uv":[8.0,2.0,5.0,7.0],"autoUv":false,"rotation":90},"east":{"texture":"#wings","uv":[5.0,7.0,3.0,9.0],"autoUv":false,"rotation":180},"south":{"texture":"#wings","uv":[3.0,2.0,-0.0,7.0],"autoUv":false,"rotation":90},"west":{"texture":"#wings","uv":[5.0,0.0,3.0,2.0],"autoUv":false,"rotation":180},"up":{"texture":"#wings","uv":[10.0,2.0,8.0,7.0],"autoUv":false,"rotation":270},"down":{"texture":"#wings","uv":[3.0,7.0,5.0,2.0],"autoUv":false,"rotation":270}},"children":[]},{"name":"MeshHead.164","from":[5.441066372951,-5.869647634459,-2.446677178228],"to":[6.198452994606,-5.526944077753,-2.281869031077],"rotationOrigin":[5.819759845734,-5.698295116425,-2.36427283287],"stepParentName":"b_WingMainR","rotationX":4.214924250967,"rotationY":21.383753055348,"rotationZ":52.605188081711,"group":"wings-insect3","faces":{"north":{"texture":"#wings","uv":[8.0,2.0,5.0,7.0],"autoUv":false,"rotation":90},"east":{"texture":"#wings","uv":[5.0,7.0,3.0,9.0],"autoUv":false,"rotation":180},"south":{"texture":"#wings","uv":[3.0,2.0,-0.0,7.0],"autoUv":false,"rotation":90},"west":{"texture":"#wings","uv":[5.0,0.0,3.0,2.0],"autoUv":false,"rotation":180},"up":{"texture":"#wings","uv":[10.0,2.0,8.0,7.0],"autoUv":false,"rotation":270},"down":{"texture":"#wings","uv":[3.0,7.0,5.0,2.0],"autoUv":false,"rotation":270}},"children":[]},{"name":"MeshHead.165","from":[1.983274946112,-5.923485796305,-1.785049287931],"to":[5.894042959314,-5.533164308942,-1.62811032091],"rotationOrigin":[3.938658952713,-5.728324890137,-1.70657980442],"stepParentName":"b_WingMainR","rotationX":4.215118911358,"rotationY":21.383409838342,"rotationZ":-8.887519841422,"group":"wings-insect3","faces":{"north":{"texture":"#wings","uv":[8.0,2.0,5.0,7.0],"autoUv":false,"rotation":90},"east":{"texture":"#wings","uv":[5.0,7.0,3.0,9.0],"autoUv":false,"rotation":180},"south":{"texture":"#wings","uv":[3.0,2.0,-0.0,7.0],"autoUv":false,"rotation":90},"west":{"texture":"#wings","uv":[5.0,0.0,3.0,2.0],"autoUv":false,"rotation":180},"up":{"texture":"#wings","uv":[10.0,2.0,8.0,7.0],"autoUv":false,"rotation":270},"down":{"texture":"#wings","uv":[3.0,7.0,5.0,2.0],"autoUv":false,"rotation":270}},"children":[]},{"name":"MeshHead.166","from":[-1.087931510599,-4.982552579282,-0.568697077942],"to":[2.456639176488,-4.615301382628,-0.426691422778],"rotationOrigin":[0.684354126453,-4.798927307129,-0.497694522142],"stepParentName":"b_WingMainR","rotationX":4.215275151935,"rotationY":21.383698413835,"rotationZ":-26.268869981829,"group":"wings-insect3","faces":{"north":{"texture":"#wings","uv":[8.0,2.0,5.0,7.0],"autoUv":false,"rotation":90},"east":{"texture":"#wings","uv":[5.0,7.0,3.0,9.0],"autoUv":false,"rotation":180},"south":{"texture":"#wings","uv":[3.0,2.0,-0.0,7.0],"autoUv":false,"rotation":90},"west":{"texture":"#wings","uv":[5.0,0.0,3.0,2.0],"autoUv":false,"rotation":180},"up":{"texture":"#wings","uv":[10.0,2.0,8.0,7.0],"autoUv":false,"rotation":270},"down":{"texture":"#wings","uv":[3.0,7.0,5.0,2.0],"autoUv":false,"rotation":270}},"children":[]},{"name":"MeshHead.168","from":[2.700003235727,-5.677086160375,-1.816408146119],"to":[6.248695025482,-2.468567098545,-1.73194528749],"rotationOrigin":[4.474349498749,-4.072826385498,-1.774176716805],"stepParentName":"b_WingMainR","rotationX":4.215460420817,"rotationY":21.383684753456,"rotationZ":169.712838533947,"group":"wings-insect3","faces":{"north":{"texture":"#wings","uv":[59.0,53.0,51.0,64.0],"autoUv":false,"rotation":270},"east":{"texture":"#wings","uv":[29.0,48.0,1.0,58.0],"autoUv":false,"rotation":270},"south":{"texture":"#wings","uv":[59.0,53.0,51.0,64.0],"autoUv":false,"rotation":270},"west":{"texture":"#wings","uv":[29.0,48.0,1.0,58.0],"autoUv":false,"rotation":270},"up":{"texture":"#wings","uv":[29.0,48.0,1.0,58.0],"autoUv":false,"rotation":90},"down":{"texture":"#wings","uv":[1.0,58.0,29.0,48.0],"autoUv":false,"rotation":90}},"children":[]},{"name":"MeshHead.169","from":[-1.17899937655,-4.758882965881,-0.584623996912],"to":[3.500574633081,-1.471686924146,-0.500161173613],"rotationOrigin":[1.160787701607,-3.115283966064,-0.54239231348],"stepParentName":"b_WingMainR","rotationX":4.216069161426,"rotationY":21.383717196855,"rotationZ":155.441076300935,"group":"wings-insect3","faces":{"north":{"texture":"#wings","uv":[51.0,53.0,39.0,64.0],"autoUv":false,"rotation":270},"east":{"texture":"#wings","uv":[29.0,48.0,1.0,58.0],"autoUv":false,"rotation":270},"south":{"texture":"#wings","uv":[51.0,53.0,39.0,64.0],"autoUv":false,"rotation":270},"west":{"texture":"#wings","uv":[29.0,48.0,1.0,58.0],"autoUv":false,"rotation":270},"up":{"texture":"#wings","uv":[29.0,48.0,1.0,58.0],"autoUv":false,"rotation":90},"down":{"texture":"#wings","uv":[1.0,58.0,29.0,48.0],"autoUv":false,"rotation":90}},"children":[]}],"groups":[]}