{"textureWidth":64,"textureHeight":64,"textures":{},"textureSizes":{"head":[64,64]},"elements":[{"name":"HornDeer0L.026","from":[-1.374018492586,6.796218908957,2.383462220985],"to":[-1.014834818953,8.065758668252,2.742645948571],"rotationOrigin":[-1.194426655769,7.430988788605,2.563054084778],"stepParentName":"b_Head","rotationX":62.984787506759,"rotationY":-52.766445432921,"rotationZ":3.860989397705,"group":"horn-deer0L.003","faces":{"north":{"texture":"#head","uv":[42.0,45.0,45.0,54.0],"autoUv":false},"east":{"texture":"#head","uv":[51.0,45.0,54.0,54.0],"autoUv":false},"south":{"texture":"#head","uv":[48.0,45.0,51.0,54.0],"autoUv":false},"west":{"texture":"#head","uv":[45.0,45.0,48.0,54.0],"autoUv":false},"up":{"texture":"#head","uv":[45.0,42.0,48.0,45.0],"autoUv":false,"rotation":90},"down":{"texture":"#head","uv":[51.0,45.0,48.0,42.0],"autoUv":false,"rotation":270}},"children":[]},{"name":"HornDeer0L.031","from":[-1.599660783254,7.419151830596,3.165871793599],"to":[-1.315512508906,8.440858316498,3.450020139842],"rotationOrigin":[-1.45758664608,7.930005073547,3.307945966721],"stepParentName":"b_Head","rotationX":88.261582756927,"rotationY":-42.462866013335,"rotationZ":49.383903529498,"group":"horn-deer0L.003","faces":{"north":{"texture":"#head","uv":[40.0,42.0,42.0,51.0],"autoUv":false},"east":{"texture":"#head","uv":[46.0,42.0,48.0,51.0],"autoUv":false},"south":{"texture":"#head","uv":[44.0,42.0,46.0,51.0],"autoUv":false},"west":{"texture":"#head","uv":[42.0,42.0,44.0,51.0],"autoUv":false},"up":{"texture":"#head","uv":[42.0,40.0,44.0,42.0],"autoUv":false,"rotation":90},"down":{"texture":"#head","uv":[46.0,42.0,44.0,40.0],"autoUv":false,"rotation":270}},"children":[]},{"name":"HornDeer0L.032","from":[-2.043215379564,7.980002386205,3.569217636251],"to":[-1.817592992933,8.72832013882,3.794839904642],"rotationOrigin":[-1.930404186249,8.354161262512,3.682028770447],"stepParentName":"b_Head","rotationX":88.804002229863,"rotationY":-40.931349771216,"rotationZ":73.675795746634,"group":"horn-deer0L.003","faces":{"north":{"texture":"#head","uv":[38.0,41.0,40.0,47.0],"autoUv":false},"east":{"texture":"#head","uv":[44.0,41.0,46.0,47.0],"autoUv":false},"south":{"texture":"#head","uv":[42.0,41.0,44.0,47.0],"autoUv":false},"west":{"texture":"#head","uv":[40.0,41.0,42.0,47.0],"autoUv":false},"up":{"texture":"#head","uv":[40.0,39.0,42.0,41.0],"autoUv":false,"rotation":90},"down":{"texture":"#head","uv":[44.0,41.0,42.0,39.0],"autoUv":false,"rotation":270}},"children":[]},{"name":"HornDeer0L.040","from":[-2.472168139542,8.476903038438,3.677965692852],"to":[-2.29706747142,9.192974967543,3.853066392567],"rotationOrigin":[-2.384617805481,8.834939002991,3.765516042709],"stepParentName":"b_Head","rotationX":102.540967481052,"rotationY":-51.253080418521,"rotationZ":102.327305503436,"group":"horn-deer0L.003","faces":{"north":{"texture":"#head","uv":[45.0,46.0,47.0,55.0],"autoUv":false},"east":{"texture":"#head","uv":[51.0,46.0,53.0,55.0],"autoUv":false},"south":{"texture":"#head","uv":[49.0,46.0,51.0,55.0],"autoUv":false},"west":{"texture":"#head","uv":[47.0,46.0,49.0,55.0],"autoUv":false},"up":{"texture":"#head","uv":[47.0,44.0,49.0,46.0],"autoUv":false,"rotation":90},"down":{"texture":"#head","uv":[51.0,46.0,49.0,44.0],"autoUv":false,"rotation":270}},"children":[]},{"name":"HornDeer0L.041","from":[-2.206554815658,4.167708082459,1.280604535335],"to":[-1.53259466865,7.295160608032,1.954564746686],"rotationOrigin":[-1.427685976028,5.731434345245,1.617584705353],"stepParentName":"b_Head","rotationX":8.54842400102,"rotationY":-29.032214255854,"rotationZ":-21.713220890342,"group":"horn-deer0L.003","faces":{"north":{"texture":"#head","uv":[36.0,42.0,40.0,52.0],"autoUv":false},"east":{"texture":"#head","uv":[48.0,42.0,52.0,52.0],"autoUv":false},"south":{"texture":"#head","uv":[44.0,42.0,48.0,52.0],"autoUv":false},"west":{"texture":"#head","uv":[40.0,42.0,44.0,52.0],"autoUv":false},"up":{"texture":"#head","uv":[40.0,38.0,44.0,42.0],"autoUv":false,"rotation":90},"down":{"texture":"#head","uv":[48.0,42.0,44.0,38.0],"autoUv":false,"rotation":270}},"children":[]},{"name":"HornDeer0L.042","from":[-1.068626558089,7.49208288643,2.601331837077],"to":[-0.739418352342,8.319693274764,2.930539958577],"rotationOrigin":[-0.904022455215,7.905888080597,2.765935897827],"stepParentName":"b_Head","rotationX":51.235660021043,"rotationY":-135.877693310348,"rotationZ":62.348289008194,"group":"horn-deer0L.003","faces":{"north":{"texture":"#head","uv":[38.0,49.0,40.0,55.0],"autoUv":false},"east":{"texture":"#head","uv":[44.0,49.0,46.0,55.0],"autoUv":false},"south":{"texture":"#head","uv":[42.0,49.0,44.0,55.0],"autoUv":false},"west":{"texture":"#head","uv":[40.0,49.0,42.0,55.0],"autoUv":false},"up":{"texture":"#head","uv":[40.0,47.0,42.0,49.0],"autoUv":false,"rotation":90},"down":{"texture":"#head","uv":[44.0,49.0,42.0,47.0],"autoUv":false,"rotation":270}},"children":[]},{"name":"HornDeer0L.043","from":[-0.638548494141,8.096104302044,2.636803626547],"to":[-0.381983398636,8.809071860676,2.893368721475],"rotationOrigin":[-0.510265946388,8.45258808136,2.765086174011],"stepParentName":"b_Head","rotationX":44.681273889715,"rotationY":-127.713117402946,"rotationZ":50.329932540869,"group":"horn-deer0L.003","faces":{"north":{"texture":"#head","uv":[44.0,46.0,46.0,52.0],"autoUv":false},"east":{"texture":"#head","uv":[50.0,46.0,52.0,52.0],"autoUv":false},"south":{"texture":"#head","uv":[48.0,46.0,50.0,52.0],"autoUv":false},"west":{"texture":"#head","uv":[46.0,46.0,48.0,52.0],"autoUv":false},"up":{"texture":"#head","uv":[46.0,44.0,48.0,46.0],"autoUv":false,"rotation":90},"down":{"texture":"#head","uv":[50.0,46.0,48.0,44.0],"autoUv":false,"rotation":270}},"children":[]},{"name":"HornDeer0L.044","from":[-0.332750402213,8.633850322422,2.702564192379],"to":[-0.168503798723,9.3979966777,2.866810845768],"rotationOrigin":[-0.250627100468,9.015923500061,2.784687519073],"stepParentName":"b_Head","rotationX":43.026209770794,"rotationY":-126.742274314321,"rotationZ":43.005282071177,"group":"horn-deer0L.003","faces":{"north":{"texture":"#head","uv":[48.0,44.0,49.0,50.0],"autoUv":false},"east":{"texture":"#head","uv":[51.0,44.0,52.0,50.0],"autoUv":false},"south":{"texture":"#head","uv":[50.0,44.0,51.0,50.0],"autoUv":false},"west":{"texture":"#head","uv":[49.0,44.0,50.0,50.0],"autoUv":false},"up":{"texture":"#head","uv":[49.0,43.0,50.0,44.0],"autoUv":false,"rotation":90},"down":{"texture":"#head","uv":[51.0,44.0,50.0,43.0],"autoUv":false,"rotation":270}},"children":[]},{"name":"HornDeer0R.026","from":[-1.374018596648,6.79621800882,-2.744140356225],"to":[-1.014834953309,8.065757661041,-2.384956628638],"rotationOrigin":[-1.194426774979,7.43098783493,-2.564548492432],"stepParentName":"b_Head","rotationX":-62.984821657704,"rotationY":52.766445432921,"rotationZ":3.860987263271,"group":"horn-deer0R.003","faces":{"north":{"texture":"#head","uv":[51.0,45.0,48.0,54.0],"autoUv":false},"east":{"texture":"#head","uv":[54.0,45.0,51.0,54.0],"autoUv":false},"south":{"texture":"#head","uv":[45.0,45.0,42.0,54.0],"autoUv":false},"west":{"texture":"#head","uv":[48.0,45.0,45.0,54.0],"autoUv":false},"up":{"texture":"#head","uv":[48.0,42.0,45.0,45.0],"autoUv":false,"rotation":90},"down":{"texture":"#head","uv":[48.0,45.0,51.0,42.0],"autoUv":false,"rotation":270}},"children":[]},{"name":"HornDeer0R.031","from":[-1.599660783254,7.419149923248,-3.451514547496],"to":[-1.315512508906,8.44085640915,-3.167366201253],"rotationOrigin":[-1.45758664608,7.930003166199,-3.309440374374],"stepParentName":"b_Head","rotationX":-88.261610077683,"rotationY":42.462862598241,"rotationZ":49.383906944593,"group":"horn-deer0R.003","faces":{"north":{"texture":"#head","uv":[46.0,42.0,44.0,51.0],"autoUv":false},"east":{"texture":"#head","uv":[48.0,42.0,46.0,51.0],"autoUv":false},"south":{"texture":"#head","uv":[42.0,42.0,40.0,51.0],"autoUv":false},"west":{"texture":"#head","uv":[44.0,42.0,42.0,51.0],"autoUv":false},"up":{"texture":"#head","uv":[44.0,40.0,42.0,42.0],"autoUv":false,"rotation":90},"down":{"texture":"#head","uv":[44.0,42.0,46.0,40.0],"autoUv":false,"rotation":270}},"children":[]},{"name":"HornDeer0R.032","from":[-2.043215479744,7.980000415743,-3.796334312296],"to":[-1.817593131172,8.728318294584,-3.570712043905],"rotationOrigin":[-1.930404305458,8.354159355164,-3.683523178101],"stepParentName":"b_Head","rotationX":-88.80402955062,"rotationY":40.931356601405,"rotationZ":73.675795746634,"group":"horn-deer0R.003","faces":{"north":{"texture":"#head","uv":[44.0,41.0,42.0,47.0],"autoUv":false},"east":{"texture":"#head","uv":[46.0,41.0,44.0,47.0],"autoUv":false},"south":{"texture":"#head","uv":[40.0,41.0,38.0,47.0],"autoUv":false},"west":{"texture":"#head","uv":[42.0,41.0,40.0,47.0],"autoUv":false},"up":{"texture":"#head","uv":[42.0,39.0,40.0,41.0],"autoUv":false,"rotation":90},"down":{"texture":"#head","uv":[42.0,41.0,44.0,39.0],"autoUv":false,"rotation":270}},"children":[]},{"name":"HornDeer0R.040","from":[-2.472168146926,8.476901131089,-3.854561530244],"to":[-2.297067464036,9.192973060195,-3.679460800994],"rotationOrigin":[-2.384617805481,8.834937095642,-3.767011165619],"stepParentName":"b_Head","rotationX":-102.540967481052,"rotationY":51.253090663805,"rotationZ":102.32727135249,"group":"horn-deer0R.003","faces":{"north":{"texture":"#head","uv":[51.0,46.0,49.0,55.0],"autoUv":false},"east":{"texture":"#head","uv":[53.0,46.0,51.0,55.0],"autoUv":false},"south":{"texture":"#head","uv":[47.0,46.0,45.0,55.0],"autoUv":false},"west":{"texture":"#head","uv":[49.0,46.0,47.0,55.0],"autoUv":false},"up":{"texture":"#head","uv":[49.0,44.0,47.0,46.0],"autoUv":false,"rotation":90},"down":{"texture":"#head","uv":[49.0,46.0,51.0,44.0],"autoUv":false,"rotation":270}},"children":[]},{"name":"HornDeer0R.041","from":[-1.959382455163,4.167706827415,-1.905978609632],"to":[-1.285422115128,7.295159955727,-1.32829835494],"rotationOrigin":[-1.427685976028,5.731433391571,-1.617138385773],"stepParentName":"b_Head","rotationX":-8.548448760455,"rotationY":29.032214255854,"rotationZ":-21.713224305437,"group":"horn-deer0R.003","faces":{"north":{"texture":"#head","uv":[48.0,42.0,44.0,52.0],"autoUv":false},"east":{"texture":"#head","uv":[52.0,42.0,48.0,52.0],"autoUv":false},"south":{"texture":"#head","uv":[40.0,42.0,36.0,52.0],"autoUv":false},"west":{"texture":"#head","uv":[44.0,42.0,40.0,52.0],"autoUv":false},"up":{"texture":"#head","uv":[44.0,38.0,40.0,42.0],"autoUv":false,"rotation":90},"down":{"texture":"#head","uv":[44.0,42.0,48.0,38.0],"autoUv":false,"rotation":270}},"children":[]},{"name":"HornDeer0R.042","from":[-1.068626558089,7.492082002557,-2.932034870833],"to":[-0.739418352342,8.319692251289,-2.602826693803],"rotationOrigin":[-0.904022455215,7.905887126923,-2.767430782318],"stepParentName":"b_Head","rotationX":-51.235694171989,"rotationY":135.877693310348,"rotationZ":62.348295838383,"group":"horn-deer0R.003","faces":{"north":{"texture":"#head","uv":[44.0,49.0,42.0,55.0],"autoUv":false},"east":{"texture":"#head","uv":[46.0,49.0,44.0,55.0],"autoUv":false},"south":{"texture":"#head","uv":[40.0,49.0,38.0,55.0],"autoUv":false},"west":{"texture":"#head","uv":[42.0,49.0,40.0,55.0],"autoUv":false},"up":{"texture":"#head","uv":[42.0,47.0,40.0,49.0],"autoUv":false,"rotation":90},"down":{"texture":"#head","uv":[42.0,49.0,44.0,47.0],"autoUv":false,"rotation":270}},"children":[]},{"name":"HornDeer0R.043","from":[-0.638548515779,8.096102454827,-2.894863573508],"to":[-0.381983376997,8.809069893196,-2.638298543497],"rotationOrigin":[-0.510265946388,8.452586174011,-2.766581058502],"stepParentName":"b_Head","rotationX":-44.681294380283,"rotationY":127.713131063325,"rotationZ":50.329918880491,"group":"horn-deer0R.003","faces":{"north":{"texture":"#head","uv":[50.0,46.0,48.0,52.0],"autoUv":false},"east":{"texture":"#head","uv":[52.0,46.0,50.0,52.0],"autoUv":false},"south":{"texture":"#head","uv":[46.0,46.0,44.0,52.0],"autoUv":false},"west":{"texture":"#head","uv":[48.0,46.0,46.0,52.0],"autoUv":false},"up":{"texture":"#head","uv":[48.0,44.0,46.0,46.0],"autoUv":false,"rotation":90},"down":{"texture":"#head","uv":[48.0,46.0,50.0,44.0],"autoUv":false,"rotation":270}},"children":[]},{"name":"HornDeer0R.044","from":[-0.332750367581,8.63384838285,-2.894050189209],"to":[-0.168503833354,9.397994802575,-2.729803494263],"rotationOrigin":[-0.250627100468,9.015921592712,-2.811926841736],"stepParentName":"b_Head","rotationX":-43.026267827402,"rotationY":126.742246993564,"rotationZ":43.005319637218,"group":"horn-deer0R.003","faces":{"north":{"texture":"#head","uv":[51.0,44.0,50.0,50.0],"autoUv":false},"east":{"texture":"#head","uv":[52.0,44.0,51.0,50.0],"autoUv":false},"south":{"texture":"#head","uv":[49.0,44.0,48.0,50.0],"autoUv":false},"west":{"texture":"#head","uv":[50.0,44.0,49.0,50.0],"autoUv":false},"up":{"texture":"#head","uv":[50.0,43.0,49.0,44.0],"autoUv":false,"rotation":90},"down":{"texture":"#head","uv":[50.0,44.0,51.0,43.0],"autoUv":false,"rotation":270}},"children":[]}],"groups":[]}