{"textureWidth":64,"textureHeight":64,"textures":{},"textureSizes":{"head":[64,64]},"elements":[{"name":"HornDeer0L.016","from":[2.996131301562,8.107232910171,2.369817487945],"to":[3.28175413545,9.040237564072,2.655440576325],"rotationOrigin":[3.138942718506,8.573735237122,2.512629032135],"stepParentName":"b_Head","rotationX":-47.129343461842,"rotationY":-18.485090781034,"rotationZ":-73.574893362026,"group":"horn-deer0L.001","faces":{"north":{"texture":"#head","uv":[46.0,44.0,47.0,48.0],"autoUv":false},"east":{"texture":"#head","uv":[49.0,44.0,50.0,48.0],"autoUv":false},"south":{"texture":"#head","uv":[48.0,44.0,49.0,48.0],"autoUv":false},"west":{"texture":"#head","uv":[47.0,44.0,48.0,48.0],"autoUv":false},"up":{"texture":"#head","uv":[47.0,43.0,48.0,44.0],"autoUv":false,"rotation":90},"down":{"texture":"#head","uv":[49.0,44.0,48.0,43.0],"autoUv":false,"rotation":270}},"children":[]},{"name":"HornDeer0L.017","from":[-0.64455512166,5.67243874073,2.119514733553],"to":[0.148953765631,8.687990069389,2.913023680449],"rotationOrigin":[-0.247800678015,7.18021440506,2.516269207001],"stepParentName":"b_Head","rotationX":4.897892795323,"rotationY":-28.460368620426,"rotationZ":-73.561403738415,"group":"horn-deer0L.001","faces":{"north":{"texture":"#head","uv":[35.0,40.0,39.0,52.0],"autoUv":false},"east":{"texture":"#head","uv":[47.0,40.0,51.0,52.0],"autoUv":false},"south":{"texture":"#head","uv":[43.0,40.0,47.0,52.0],"autoUv":false},"west":{"texture":"#head","uv":[39.0,40.0,43.0,52.0],"autoUv":false},"up":{"texture":"#head","uv":[39.0,36.0,43.0,40.0],"autoUv":false,"rotation":90},"down":{"texture":"#head","uv":[47.0,40.0,43.0,36.0],"autoUv":false,"rotation":270}},"children":[]},{"name":"HornDeer0L.023","from":[1.104188925173,7.01904922223,2.509209368793],"to":[1.676678174589,8.458254282714,3.081698681744],"rotationOrigin":[1.390433549881,7.738651752472,2.795454025269],"stepParentName":"b_Head","rotationX":-52.409974445043,"rotationY":-9.196802759872,"rotationZ":-61.690903791148,"group":"horn-deer0L.001","faces":{"north":{"texture":"#head","uv":[38.0,43.0,40.0,49.0],"autoUv":false},"east":{"texture":"#head","uv":[44.0,43.0,46.0,49.0],"autoUv":false},"south":{"texture":"#head","uv":[42.0,43.0,44.0,49.0],"autoUv":false},"west":{"texture":"#head","uv":[40.0,43.0,42.0,49.0],"autoUv":false},"up":{"texture":"#head","uv":[40.0,41.0,42.0,43.0],"autoUv":false,"rotation":90},"down":{"texture":"#head","uv":[44.0,43.0,42.0,41.0],"autoUv":false,"rotation":270}},"children":[]},{"name":"HornDeer0L.024","from":[2.164981607747,7.664632348204,2.314596368794],"to":[2.611145253825,8.743893118715,2.760760114665],"rotationOrigin":[2.388063430786,8.204262733459,2.53767824173],"stepParentName":"b_Head","rotationX":-47.552948379071,"rotationY":-17.150062005863,"rotationZ":-67.697775128418,"group":"horn-deer0L.001","faces":{"north":{"texture":"#head","uv":[45.0,47.0,47.0,53.0],"autoUv":false},"east":{"texture":"#head","uv":[51.0,47.0,53.0,53.0],"autoUv":false},"south":{"texture":"#head","uv":[49.0,47.0,51.0,53.0],"autoUv":false},"west":{"texture":"#head","uv":[47.0,47.0,49.0,53.0],"autoUv":false},"up":{"texture":"#head","uv":[47.0,45.0,49.0,47.0],"autoUv":false,"rotation":90},"down":{"texture":"#head","uv":[51.0,47.0,49.0,45.0],"autoUv":false,"rotation":270}},"children":[]},{"name":"HornDeer0L.025","from":[-2.192993342876,4.334670066833,1.052318900824],"to":[-1.301084578037,7.231847763062,1.944227844477],"rotationOrigin":[-1.747038960457,5.783258914948,1.49827337265],"stepParentName":"b_Head","rotationX":8.548423147246,"rotationY":-29.032210840759,"rotationZ":-21.713219182795,"group":"horn-deer0L.001","faces":{"north":{"texture":"#head","uv":[36.0,42.0,40.0,52.0],"autoUv":false},"east":{"texture":"#head","uv":[48.0,42.0,52.0,52.0],"autoUv":false},"south":{"texture":"#head","uv":[44.0,42.0,48.0,52.0],"autoUv":false},"west":{"texture":"#head","uv":[40.0,42.0,44.0,52.0],"autoUv":false},"up":{"texture":"#head","uv":[40.0,38.0,44.0,42.0],"autoUv":false,"rotation":90},"down":{"texture":"#head","uv":[48.0,42.0,44.0,38.0],"autoUv":false,"rotation":270}},"children":[]},{"name":"HornDeer0L.018","from":[-0.324624141262,8.833298580662,1.971902799535],"to":[-0.086959997608,9.609643084987,2.209567117762],"rotationOrigin":[-0.205792069435,9.221470832825,2.090734958649],"stepParentName":"b_Head","rotationX":-15.239548811984,"rotationY":-48.028486639655,"rotationZ":-20.099950698953,"group":"horn-deer0L.001","faces":{"north":{"texture":"#head","uv":[46.0,44.0,47.0,48.0],"autoUv":false},"east":{"texture":"#head","uv":[49.0,44.0,50.0,48.0],"autoUv":false},"south":{"texture":"#head","uv":[48.0,44.0,49.0,48.0],"autoUv":false},"west":{"texture":"#head","uv":[47.0,44.0,48.0,48.0],"autoUv":false},"up":{"texture":"#head","uv":[47.0,43.0,48.0,44.0],"autoUv":false,"rotation":90},"down":{"texture":"#head","uv":[49.0,44.0,48.0,43.0],"autoUv":false,"rotation":270}},"children":[]},{"name":"HornDeer0L.019","from":[-0.787272355105,7.047328762008,2.087889727089],"to":[-0.310909369443,8.244878002213,2.56425279763],"rotationOrigin":[-0.549090862274,7.646103382111,2.32607126236],"stepParentName":"b_Head","rotationX":-30.409088184975,"rotationY":-45.715846058391,"rotationZ":-18.051392551758,"group":"horn-deer0L.001","faces":{"north":{"texture":"#head","uv":[38.0,43.0,40.0,49.0],"autoUv":false},"east":{"texture":"#head","uv":[44.0,43.0,46.0,49.0],"autoUv":false},"south":{"texture":"#head","uv":[42.0,43.0,44.0,49.0],"autoUv":false},"west":{"texture":"#head","uv":[40.0,43.0,42.0,49.0],"autoUv":false},"up":{"texture":"#head","uv":[40.0,41.0,42.0,43.0],"autoUv":false,"rotation":90},"down":{"texture":"#head","uv":[44.0,43.0,42.0,41.0],"autoUv":false,"rotation":270}},"children":[]},{"name":"HornDeer0L.020","from":[-0.531707518117,8.090385336222,1.925953621295],"to":[-0.160458810313,8.988428216635,2.297202354047],"rotationOrigin":[-0.346083164215,8.539406776428,2.111577987671],"stepParentName":"b_Head","rotationX":-17.185377498967,"rotationY":-47.542966057599,"rotationZ":-15.534433691663,"group":"horn-deer0L.001","faces":{"north":{"texture":"#head","uv":[45.0,47.0,47.0,53.0],"autoUv":false},"east":{"texture":"#head","uv":[51.0,47.0,53.0,53.0],"autoUv":false},"south":{"texture":"#head","uv":[49.0,47.0,51.0,53.0],"autoUv":false},"west":{"texture":"#head","uv":[47.0,47.0,49.0,53.0],"autoUv":false},"up":{"texture":"#head","uv":[47.0,45.0,49.0,47.0],"autoUv":false,"rotation":90},"down":{"texture":"#head","uv":[51.0,47.0,49.0,45.0],"autoUv":false,"rotation":270}},"children":[]},{"name":"HornDeer0R.016","from":[2.99613128559,8.107231002822,-2.655444867859],"to":[3.281754151421,9.040235656723,-2.36982177948],"rotationOrigin":[3.138942718506,8.573733329773,-2.512633323669],"stepParentName":"b_Head","rotationX":47.129302480707,"rotationY":18.485089073486,"rotationZ":-73.574879701647,"group":"horn-deer0R.001","faces":{"north":{"texture":"#head","uv":[49.0,44.0,48.0,48.0],"autoUv":false},"east":{"texture":"#head","uv":[50.0,44.0,49.0,48.0],"autoUv":false},"south":{"texture":"#head","uv":[47.0,44.0,46.0,48.0],"autoUv":false},"west":{"texture":"#head","uv":[48.0,44.0,47.0,48.0],"autoUv":false},"up":{"texture":"#head","uv":[48.0,43.0,47.0,44.0],"autoUv":false,"rotation":90},"down":{"texture":"#head","uv":[48.0,44.0,49.0,43.0],"autoUv":false,"rotation":270}},"children":[]},{"name":"HornDeer0R.017","from":[-0.64455512166,5.672437787056,-2.913027018309],"to":[0.148953765631,8.687989115715,-2.119518071413],"rotationOrigin":[-0.247800678015,7.180213451385,-2.516272544861],"stepParentName":"b_Head","rotationX":-4.897915847211,"rotationY":28.460366912878,"rotationZ":-73.561396908226,"group":"horn-deer0R.001","faces":{"north":{"texture":"#head","uv":[47.0,40.0,43.0,52.0],"autoUv":false},"east":{"texture":"#head","uv":[51.0,40.0,47.0,52.0],"autoUv":false},"south":{"texture":"#head","uv":[39.0,40.0,35.0,52.0],"autoUv":false},"west":{"texture":"#head","uv":[43.0,40.0,39.0,52.0],"autoUv":false},"up":{"texture":"#head","uv":[43.0,36.0,39.0,40.0],"autoUv":false,"rotation":90},"down":{"texture":"#head","uv":[43.0,40.0,47.0,36.0],"autoUv":false,"rotation":270}},"children":[]},{"name":"HornDeer0R.023","from":[1.104188805964,7.019048268556,-3.081702496442],"to":[1.67667805538,8.458253329039,-2.50921318349],"rotationOrigin":[1.390433430672,7.738650798798,-2.795457839966],"stepParentName":"b_Head","rotationX":52.409940294097,"rotationY":9.196805321193,"rotationZ":-61.690910621337,"group":"horn-deer0R.001","faces":{"north":{"texture":"#head","uv":[44.0,43.0,42.0,49.0],"autoUv":false},"east":{"texture":"#head","uv":[46.0,43.0,44.0,49.0],"autoUv":false},"south":{"texture":"#head","uv":[40.0,43.0,38.0,49.0],"autoUv":false},"west":{"texture":"#head","uv":[42.0,43.0,40.0,49.0],"autoUv":false},"up":{"texture":"#head","uv":[42.0,41.0,40.0,43.0],"autoUv":false,"rotation":90},"down":{"texture":"#head","uv":[42.0,43.0,44.0,41.0],"autoUv":false,"rotation":270}},"children":[]},{"name":"HornDeer0R.024","from":[2.164981557851,7.664630440856,-2.760763954311],"to":[2.611145303722,8.743891211366,-2.314600158543],"rotationOrigin":[2.388063430786,8.204260826111,-2.537682056427],"stepParentName":"b_Head","rotationX":47.552924473409,"rotationY":17.150067128505,"rotationZ":-67.697775128418,"group":"horn-deer0R.001","faces":{"north":{"texture":"#head","uv":[51.0,47.0,49.0,53.0],"autoUv":false},"east":{"texture":"#head","uv":[53.0,47.0,51.0,53.0],"autoUv":false},"south":{"texture":"#head","uv":[47.0,47.0,45.0,53.0],"autoUv":false},"west":{"texture":"#head","uv":[49.0,47.0,47.0,53.0],"autoUv":false},"up":{"texture":"#head","uv":[49.0,45.0,47.0,47.0],"autoUv":false,"rotation":90},"down":{"texture":"#head","uv":[49.0,47.0,51.0,45.0],"autoUv":false,"rotation":270}},"children":[]},{"name":"HornDeer0R.025","from":[-2.192993462086,4.334669113159,-1.9442307055],"to":[-1.301084697247,7.231846809387,-1.052321761847],"rotationOrigin":[-1.747039079666,5.783257961273,-1.498276233673],"stepParentName":"b_Head","rotationX":-8.548451321776,"rotationY":29.032224501138,"rotationZ":-21.713229428078,"group":"horn-deer0R.001","faces":{"north":{"texture":"#head","uv":[48.0,42.0,44.0,52.0],"autoUv":false},"east":{"texture":"#head","uv":[52.0,42.0,48.0,52.0],"autoUv":false},"south":{"texture":"#head","uv":[40.0,42.0,36.0,52.0],"autoUv":false},"west":{"texture":"#head","uv":[44.0,42.0,40.0,52.0],"autoUv":false},"up":{"texture":"#head","uv":[44.0,38.0,40.0,42.0],"autoUv":false,"rotation":90},"down":{"texture":"#head","uv":[44.0,42.0,48.0,38.0],"autoUv":false,"rotation":270}},"children":[]},{"name":"HornDeer0R.018","from":[-0.324624141262,8.833296621143,-2.209571170878],"to":[-0.086959997608,9.609641229809,-1.971906852651],"rotationOrigin":[-0.205792069435,9.221468925476,-2.090739011765],"stepParentName":"b_Head","rotationX":15.239523198774,"rotationY":48.028493469844,"rotationZ":-20.099948991405,"group":"horn-deer0R.001","faces":{"north":{"texture":"#head","uv":[49.0,44.0,48.0,48.0],"autoUv":false},"east":{"texture":"#head","uv":[50.0,44.0,49.0,48.0],"autoUv":false},"south":{"texture":"#head","uv":[47.0,44.0,46.0,48.0],"autoUv":false},"west":{"texture":"#head","uv":[48.0,44.0,47.0,48.0],"autoUv":false},"up":{"texture":"#head","uv":[48.0,43.0,47.0,44.0],"autoUv":false,"rotation":90},"down":{"texture":"#head","uv":[48.0,44.0,49.0,43.0],"autoUv":false,"rotation":270}},"children":[]},{"name":"HornDeer0R.019","from":[-0.787272355105,7.047327848571,-2.564256612328],"to":[-0.310909369443,8.244877008301,-2.087893541786],"rotationOrigin":[-0.549090862274,7.646102428436,-2.326075077057],"stepParentName":"b_Head","rotationX":30.409050618934,"rotationY":45.715846058391,"rotationZ":-18.051387429116,"group":"horn-deer0R.001","faces":{"north":{"texture":"#head","uv":[44.0,43.0,42.0,49.0],"autoUv":false},"east":{"texture":"#head","uv":[46.0,43.0,44.0,49.0],"autoUv":false},"south":{"texture":"#head","uv":[40.0,43.0,38.0,49.0],"autoUv":false},"west":{"texture":"#head","uv":[42.0,43.0,40.0,49.0],"autoUv":false},"up":{"texture":"#head","uv":[42.0,41.0,40.0,43.0],"autoUv":false,"rotation":90},"down":{"texture":"#head","uv":[42.0,43.0,44.0,41.0],"autoUv":false,"rotation":270}},"children":[]},{"name":"HornDeer0R.020","from":[-0.531707543065,8.090383428873,-2.297206633107],"to":[-0.160458785365,8.988426309286,-1.925957925303],"rotationOrigin":[-0.346083164215,8.53940486908,-2.111582279205],"stepParentName":"b_Head","rotationX":17.185348470663,"rotationY":47.542969472694,"rotationZ":-15.534431984115,"group":"horn-deer0R.001","faces":{"north":{"texture":"#head","uv":[51.0,47.0,49.0,53.0],"autoUv":false},"east":{"texture":"#head","uv":[53.0,47.0,51.0,53.0],"autoUv":false},"south":{"texture":"#head","uv":[47.0,47.0,45.0,53.0],"autoUv":false},"west":{"texture":"#head","uv":[49.0,47.0,47.0,53.0],"autoUv":false},"up":{"texture":"#head","uv":[49.0,45.0,47.0,47.0],"autoUv":false,"rotation":90},"down":{"texture":"#head","uv":[49.0,47.0,51.0,45.0],"autoUv":false,"rotation":270}},"children":[]}],"groups":[]}