{"textureWidth":64,"textureHeight":64,"textures":{},"textureSizes":{"head":[64,64]},"elements":[{"name":"HornDeer0L.022","from":[-0.608653664589,5.808874964714,2.155416369438],"to":[0.113051950932,8.551553845406,2.877121984959],"rotationOrigin":[-0.247800678015,7.18021440506,2.516269207001],"stepParentName":"b_Head","rotationX":4.897892795323,"rotationY":-28.460368620426,"rotationZ":-73.561403738415,"group":"horn-deer0L.002","faces":{"north":{"texture":"#head","uv":[35.0,40.0,39.0,52.0],"autoUv":false},"east":{"texture":"#head","uv":[47.0,40.0,51.0,52.0],"autoUv":false},"south":{"texture":"#head","uv":[43.0,40.0,47.0,52.0],"autoUv":false},"west":{"texture":"#head","uv":[39.0,40.0,43.0,52.0],"autoUv":false},"up":{"texture":"#head","uv":[39.0,36.0,43.0,40.0],"autoUv":false,"rotation":90},"down":{"texture":"#head","uv":[47.0,40.0,43.0,36.0],"autoUv":false,"rotation":270}},"children":[]},{"name":"HornDeer0L.027","from":[0.553419739008,6.84673345089,3.37364795804],"to":[1.061663597822,8.643128991127,3.881891936064],"rotationOrigin":[0.807541668415,7.744931221008,3.627769947052],"stepParentName":"b_Head","rotationX":62.984787506759,"rotationY":-52.766445432921,"rotationZ":3.860989397705,"group":"horn-deer0L.002","faces":{"north":{"texture":"#head","uv":[42.0,45.0,45.0,54.0],"autoUv":false},"east":{"texture":"#head","uv":[51.0,45.0,54.0,54.0],"autoUv":false},"south":{"texture":"#head","uv":[48.0,45.0,51.0,54.0],"autoUv":false},"west":{"texture":"#head","uv":[45.0,45.0,48.0,54.0],"autoUv":false},"up":{"texture":"#head","uv":[45.0,42.0,48.0,45.0],"autoUv":false,"rotation":90},"down":{"texture":"#head","uv":[51.0,45.0,48.0,42.0],"autoUv":false,"rotation":270}},"children":[]},{"name":"HornDeer0L.028","from":[0.234136626124,7.728183209896,4.480755314231],"to":[0.636205747724,9.173895418644,4.88282443583],"rotationOrigin":[0.435171186924,8.45103931427,4.681789875031],"stepParentName":"b_Head","rotationX":88.261582756927,"rotationY":-42.462866013335,"rotationZ":49.383903529498,"group":"horn-deer0L.002","faces":{"north":{"texture":"#head","uv":[40.0,42.0,42.0,51.0],"autoUv":false},"east":{"texture":"#head","uv":[46.0,42.0,48.0,51.0],"autoUv":false},"south":{"texture":"#head","uv":[44.0,42.0,46.0,51.0],"autoUv":false},"west":{"texture":"#head","uv":[42.0,42.0,44.0,51.0],"autoUv":false},"up":{"texture":"#head","uv":[42.0,40.0,44.0,42.0],"autoUv":false,"rotation":90},"down":{"texture":"#head","uv":[46.0,42.0,44.0,40.0],"autoUv":false,"rotation":270}},"children":[]},{"name":"HornDeer0L.029","from":[-0.393492117524,8.521779537201,5.051488354802],"to":[-0.074237093329,9.58064699173,5.370743319392],"rotationOrigin":[-0.233864605427,9.051213264465,5.211115837097],"stepParentName":"b_Head","rotationX":88.804002229863,"rotationY":-40.931349771216,"rotationZ":73.675795746634,"group":"horn-deer0L.002","faces":{"north":{"texture":"#head","uv":[38.0,41.0,40.0,47.0],"autoUv":false},"east":{"texture":"#head","uv":[44.0,41.0,46.0,47.0],"autoUv":false},"south":{"texture":"#head","uv":[42.0,41.0,44.0,47.0],"autoUv":false},"west":{"texture":"#head","uv":[40.0,41.0,42.0,47.0],"autoUv":false},"up":{"texture":"#head","uv":[40.0,39.0,42.0,41.0],"autoUv":false,"rotation":90},"down":{"texture":"#head","uv":[44.0,41.0,42.0,39.0],"autoUv":false,"rotation":270}},"children":[]},{"name":"HornDeer0L.030","from":[-1.000459507108,9.224887490273,5.205366812646],"to":[-0.752692505717,10.238127112389,5.45313385874],"rotationOrigin":[-0.876576006413,9.731507301331,5.329250335693],"stepParentName":"b_Head","rotationX":102.540967481052,"rotationY":-51.253080418521,"rotationZ":102.327305503436,"group":"horn-deer0L.002","faces":{"north":{"texture":"#head","uv":[45.0,46.0,47.0,55.0],"autoUv":false},"east":{"texture":"#head","uv":[51.0,46.0,53.0,55.0],"autoUv":false},"south":{"texture":"#head","uv":[49.0,46.0,51.0,55.0],"autoUv":false},"west":{"texture":"#head","uv":[47.0,46.0,49.0,55.0],"autoUv":false},"up":{"texture":"#head","uv":[47.0,44.0,49.0,46.0],"autoUv":false,"rotation":90},"down":{"texture":"#head","uv":[51.0,46.0,49.0,44.0],"autoUv":false,"rotation":270}},"children":[]},{"name":"HornDeer0L.033","from":[-2.192993342876,4.334670066833,1.052318900824],"to":[-1.301084578037,7.231847763062,1.944227844477],"rotationOrigin":[-1.747038960457,5.783258914948,1.49827337265],"stepParentName":"b_Head","rotationX":8.548423147246,"rotationY":-29.032210840759,"rotationZ":-21.713219182795,"group":"horn-deer0L.002","faces":{"north":{"texture":"#head","uv":[36.0,42.0,40.0,52.0],"autoUv":false},"east":{"texture":"#head","uv":[48.0,42.0,52.0,52.0],"autoUv":false},"south":{"texture":"#head","uv":[44.0,42.0,48.0,52.0],"autoUv":false},"west":{"texture":"#head","uv":[40.0,42.0,44.0,52.0],"autoUv":false},"up":{"texture":"#head","uv":[40.0,38.0,44.0,42.0],"autoUv":false,"rotation":90},"down":{"texture":"#head","uv":[48.0,42.0,44.0,38.0],"autoUv":false,"rotation":270}},"children":[]},{"name":"HornDeer0L.034","from":[0.98554867506,7.831372201443,3.681933045387],"to":[1.45137745142,9.002438604832,4.147761702538],"rotationOrigin":[1.21846306324,8.416905403137,3.914847373962],"stepParentName":"b_Head","rotationX":51.235663436137,"rotationY":-135.877693310348,"rotationZ":62.348289008194,"group":"horn-deer0L.002","faces":{"north":{"texture":"#head","uv":[38.0,49.0,40.0,55.0],"autoUv":false},"east":{"texture":"#head","uv":[44.0,49.0,46.0,55.0],"autoUv":false},"south":{"texture":"#head","uv":[42.0,49.0,44.0,55.0],"autoUv":false},"west":{"texture":"#head","uv":[40.0,49.0,42.0,55.0],"autoUv":false},"up":{"texture":"#head","uv":[40.0,47.0,42.0,49.0],"autoUv":false,"rotation":90},"down":{"texture":"#head","uv":[44.0,49.0,42.0,47.0],"autoUv":false,"rotation":270}},"children":[]},{"name":"HornDeer0L.035","from":[1.594107940793,8.686060488224,3.732125580311],"to":[1.957146808505,9.694907605648,4.095164477825],"rotationOrigin":[1.775627374649,9.190484046936,3.913645029068],"stepParentName":"b_Head","rotationX":44.681273889715,"rotationY":-127.713117402946,"rotationZ":50.329932540869,"group":"horn-deer0L.002","faces":{"north":{"texture":"#head","uv":[44.0,46.0,46.0,52.0],"autoUv":false},"east":{"texture":"#head","uv":[50.0,46.0,52.0,52.0],"autoUv":false},"south":{"texture":"#head","uv":[48.0,46.0,50.0,52.0],"autoUv":false},"west":{"texture":"#head","uv":[46.0,46.0,48.0,52.0],"autoUv":false},"up":{"texture":"#head","uv":[46.0,44.0,48.0,46.0],"autoUv":false,"rotation":90},"down":{"texture":"#head","uv":[50.0,46.0,48.0,44.0],"autoUv":false,"rotation":270}},"children":[]},{"name":"HornDeer0L.036","from":[2.026811398566,9.446974515915,3.825176678598],"to":[2.25921984762,10.528239488602,4.057585276663],"rotationOrigin":[2.143015623093,9.987607002258,3.941380977631],"stepParentName":"b_Head","rotationX":43.026209770794,"rotationY":-126.742274314321,"rotationZ":43.005282071177,"group":"horn-deer0L.002","faces":{"north":{"texture":"#head","uv":[48.0,44.0,49.0,50.0],"autoUv":false},"east":{"texture":"#head","uv":[51.0,44.0,52.0,50.0],"autoUv":false},"south":{"texture":"#head","uv":[50.0,44.0,51.0,50.0],"autoUv":false},"west":{"texture":"#head","uv":[49.0,44.0,50.0,50.0],"autoUv":false},"up":{"texture":"#head","uv":[49.0,43.0,50.0,44.0],"autoUv":false,"rotation":90},"down":{"texture":"#head","uv":[51.0,44.0,50.0,43.0],"autoUv":false,"rotation":270}},"children":[]},{"name":"HornDeer0L.037","from":[0.179535225034,8.758264303207,4.89662052691],"to":[0.532686039805,9.646064996719,5.249771341681],"rotationOrigin":[0.35611063242,9.202164649963,5.073195934296],"stepParentName":"b_Head","rotationX":24.431858161155,"rotationY":-149.504713006467,"rotationZ":20.552881033384,"group":"horn-deer0L.002","faces":{"north":{"texture":"#head","uv":[40.0,43.0,42.0,49.0],"autoUv":false},"east":{"texture":"#head","uv":[46.0,43.0,48.0,49.0],"autoUv":false},"south":{"texture":"#head","uv":[44.0,43.0,46.0,49.0],"autoUv":false},"west":{"texture":"#head","uv":[42.0,43.0,44.0,49.0],"autoUv":false},"up":{"texture":"#head","uv":[42.0,41.0,44.0,43.0],"autoUv":false,"rotation":90},"down":{"texture":"#head","uv":[46.0,43.0,44.0,41.0],"autoUv":false,"rotation":270}},"children":[]},{"name":"HornDeer0L.038","from":[0.382013723254,9.471385240555,5.079862236977],"to":[0.657238200307,10.166083097458,5.355086684227],"rotationOrigin":[0.519625961781,9.818734169006,5.217474460602],"stepParentName":"b_Head","rotationX":14.154202724565,"rotationY":-146.372688781422,"rotationZ":7.96757959136,"group":"horn-deer0L.002","faces":{"north":{"texture":"#head","uv":[44.0,46.0,46.0,52.0],"autoUv":false},"east":{"texture":"#head","uv":[50.0,46.0,52.0,52.0],"autoUv":false},"south":{"texture":"#head","uv":[48.0,46.0,50.0,52.0],"autoUv":false},"west":{"texture":"#head","uv":[46.0,46.0,48.0,52.0],"autoUv":false},"up":{"texture":"#head","uv":[46.0,44.0,48.0,46.0],"autoUv":false,"rotation":90},"down":{"texture":"#head","uv":[50.0,46.0,48.0,44.0],"autoUv":false,"rotation":270}},"children":[]},{"name":"HornDeer0L.039","from":[0.461107999086,9.974047511816,5.228636421263],"to":[0.637299865484,10.748610645533,5.404828391969],"rotationOrigin":[0.549203932285,10.361329078674,5.316732406616],"stepParentName":"b_Head","rotationX":12.479794656141,"rotationY":-146.325341910096,"rotationZ":1.032942741673,"group":"horn-deer0L.002","faces":{"north":{"texture":"#head","uv":[48.0,44.0,49.0,50.0],"autoUv":false},"east":{"texture":"#head","uv":[51.0,44.0,52.0,50.0],"autoUv":false},"south":{"texture":"#head","uv":[50.0,44.0,51.0,50.0],"autoUv":false},"west":{"texture":"#head","uv":[49.0,44.0,50.0,50.0],"autoUv":false},"up":{"texture":"#head","uv":[49.0,43.0,50.0,44.0],"autoUv":false,"rotation":90},"down":{"texture":"#head","uv":[51.0,44.0,50.0,43.0],"autoUv":false,"rotation":270}},"children":[]},{"name":"HornDeer0R.022","from":[-0.571536719799,5.949929118156,-2.840008199215],"to":[0.075934648514,8.410497784615,-2.1925368011],"rotationOrigin":[-0.247800678015,7.180213451385,-2.516272544861],"stepParentName":"b_Head","rotationX":-4.897915847211,"rotationY":28.460366912878,"rotationZ":-73.561396908226,"group":"horn-deer0R.002","faces":{"north":{"texture":"#head","uv":[47.0,40.0,43.0,52.0],"autoUv":false},"east":{"texture":"#head","uv":[51.0,40.0,47.0,52.0],"autoUv":false},"south":{"texture":"#head","uv":[39.0,40.0,35.0,52.0],"autoUv":false},"west":{"texture":"#head","uv":[43.0,40.0,39.0,52.0],"autoUv":false},"up":{"texture":"#head","uv":[43.0,36.0,39.0,40.0],"autoUv":false,"rotation":90},"down":{"texture":"#head","uv":[43.0,40.0,47.0,36.0],"autoUv":false,"rotation":270}},"children":[]},{"name":"HornDeer0R.027","from":[0.553419739008,6.846731543541,-3.881895750761],"to":[1.061663597822,8.643127083778,-3.373651772738],"rotationOrigin":[0.807541668415,7.74492931366,-3.627773761749],"stepParentName":"b_Head","rotationX":-62.984821657704,"rotationY":52.766445432921,"rotationZ":3.860987263271,"group":"horn-deer0R.002","faces":{"north":{"texture":"#head","uv":[51.0,45.0,48.0,54.0],"autoUv":false},"east":{"texture":"#head","uv":[54.0,45.0,51.0,54.0],"autoUv":false},"south":{"texture":"#head","uv":[45.0,45.0,42.0,54.0],"autoUv":false},"west":{"texture":"#head","uv":[48.0,45.0,45.0,54.0],"autoUv":false},"up":{"texture":"#head","uv":[48.0,42.0,45.0,45.0],"autoUv":false,"rotation":90},"down":{"texture":"#head","uv":[48.0,45.0,51.0,42.0],"autoUv":false,"rotation":270}},"children":[]},{"name":"HornDeer0R.028","from":[0.234136626124,7.728181302547,-4.882828250527],"to":[0.636205747724,9.173893511295,-4.480759128928],"rotationOrigin":[0.435171186924,8.451037406921,-4.681793689728],"stepParentName":"b_Head","rotationX":-88.261616907872,"rotationY":42.46286942843,"rotationZ":49.383913774782,"group":"horn-deer0R.002","faces":{"north":{"texture":"#head","uv":[46.0,42.0,44.0,51.0],"autoUv":false},"east":{"texture":"#head","uv":[48.0,42.0,46.0,51.0],"autoUv":false},"south":{"texture":"#head","uv":[42.0,42.0,40.0,51.0],"autoUv":false},"west":{"texture":"#head","uv":[44.0,42.0,42.0,51.0],"autoUv":false},"up":{"texture":"#head","uv":[44.0,40.0,42.0,42.0],"autoUv":false,"rotation":90},"down":{"texture":"#head","uv":[44.0,42.0,46.0,40.0],"autoUv":false,"rotation":270}},"children":[]},{"name":"HornDeer0R.029","from":[-0.393492117524,8.521777629852,-5.370748087764],"to":[-0.074237093329,9.580645084381,-5.051493123174],"rotationOrigin":[-0.233864605427,9.051211357117,-5.211120605469],"stepParentName":"b_Head","rotationX":-88.804036380809,"rotationY":40.931349771216,"rotationZ":73.675795746634,"group":"horn-deer0R.002","faces":{"north":{"texture":"#head","uv":[44.0,41.0,42.0,47.0],"autoUv":false},"east":{"texture":"#head","uv":[46.0,41.0,44.0,47.0],"autoUv":false},"south":{"texture":"#head","uv":[40.0,41.0,38.0,47.0],"autoUv":false},"west":{"texture":"#head","uv":[42.0,41.0,40.0,47.0],"autoUv":false},"up":{"texture":"#head","uv":[42.0,39.0,40.0,41.0],"autoUv":false,"rotation":90},"down":{"texture":"#head","uv":[42.0,41.0,44.0,39.0],"autoUv":false,"rotation":270}},"children":[]},{"name":"HornDeer0R.030","from":[-1.000459507108,9.224885582924,-5.453138627112],"to":[-0.752692505717,10.23812520504,-5.205371581018],"rotationOrigin":[-0.876576006413,9.731505393982,-5.329255104065],"stepParentName":"b_Head","rotationX":-102.540967481052,"rotationY":51.253090663805,"rotationZ":102.32727135249,"group":"horn-deer0R.002","faces":{"north":{"texture":"#head","uv":[51.0,46.0,49.0,55.0],"autoUv":false},"east":{"texture":"#head","uv":[53.0,46.0,51.0,55.0],"autoUv":false},"south":{"texture":"#head","uv":[47.0,46.0,45.0,55.0],"autoUv":false},"west":{"texture":"#head","uv":[49.0,46.0,47.0,55.0],"autoUv":false},"up":{"texture":"#head","uv":[49.0,44.0,47.0,46.0],"autoUv":false,"rotation":90},"down":{"texture":"#head","uv":[49.0,46.0,51.0,44.0],"autoUv":false,"rotation":270}},"children":[]},{"name":"HornDeer0R.033","from":[-2.192993462086,4.334669113159,-1.9442307055],"to":[-1.301084697247,7.231846809387,-1.052321761847],"rotationOrigin":[-1.747039079666,5.783257961273,-1.498276233673],"stepParentName":"b_Head","rotationX":-8.548451321776,"rotationY":29.032224501138,"rotationZ":-21.713229428078,"group":"horn-deer0R.002","faces":{"north":{"texture":"#head","uv":[48.0,42.0,44.0,52.0],"autoUv":false},"east":{"texture":"#head","uv":[52.0,42.0,48.0,52.0],"autoUv":false},"south":{"texture":"#head","uv":[40.0,42.0,36.0,52.0],"autoUv":false},"west":{"texture":"#head","uv":[44.0,42.0,40.0,52.0],"autoUv":false},"up":{"texture":"#head","uv":[44.0,38.0,40.0,42.0],"autoUv":false,"rotation":90},"down":{"texture":"#head","uv":[44.0,42.0,48.0,38.0],"autoUv":false,"rotation":270}},"children":[]},{"name":"HornDeer0R.034","from":[0.985548555851,7.831370294094,-4.147765517235],"to":[1.451377332211,9.002436697483,-3.681936860085],"rotationOrigin":[1.218462944031,8.416903495789,-3.91485118866],"stepParentName":"b_Head","rotationX":-51.235694171989,"rotationY":135.877693310348,"rotationZ":62.348295838383,"group":"horn-deer0R.002","faces":{"north":{"texture":"#head","uv":[44.0,49.0,42.0,55.0],"autoUv":false},"east":{"texture":"#head","uv":[46.0,49.0,44.0,55.0],"autoUv":false},"south":{"texture":"#head","uv":[40.0,49.0,38.0,55.0],"autoUv":false},"west":{"texture":"#head","uv":[42.0,49.0,40.0,55.0],"autoUv":false},"up":{"texture":"#head","uv":[42.0,47.0,40.0,49.0],"autoUv":false,"rotation":90},"down":{"texture":"#head","uv":[42.0,49.0,44.0,47.0],"autoUv":false,"rotation":270}},"children":[]},{"name":"HornDeer0R.035","from":[1.594107821584,8.686058580875,-4.09516876936],"to":[1.957146689296,9.694905698299,-3.732129871845],"rotationOrigin":[1.77562725544,9.190482139587,-3.913649320602],"stepParentName":"b_Head","rotationX":-44.681325116134,"rotationY":127.713117402946,"rotationZ":50.329949616342,"group":"horn-deer0R.002","faces":{"north":{"texture":"#head","uv":[50.0,46.0,48.0,52.0],"autoUv":false},"east":{"texture":"#head","uv":[52.0,46.0,50.0,52.0],"autoUv":false},"south":{"texture":"#head","uv":[46.0,46.0,44.0,52.0],"autoUv":false},"west":{"texture":"#head","uv":[48.0,46.0,46.0,52.0],"autoUv":false},"up":{"texture":"#head","uv":[48.0,44.0,46.0,46.0],"autoUv":false,"rotation":90},"down":{"texture":"#head","uv":[48.0,46.0,50.0,44.0],"autoUv":false,"rotation":270}},"children":[]},{"name":"HornDeer0R.036","from":[2.026811398566,9.446972608566,-4.094017542899],"to":[2.25921984762,10.528237581253,-3.861608944833],"rotationOrigin":[2.143015623093,9.98760509491,-3.977813243866],"stepParentName":"b_Head","rotationX":-43.026267827402,"rotationY":126.742246993564,"rotationZ":43.005319637218,"group":"horn-deer0R.002","faces":{"north":{"texture":"#head","uv":[51.0,44.0,50.0,50.0],"autoUv":false},"east":{"texture":"#head","uv":[52.0,44.0,51.0,50.0],"autoUv":false},"south":{"texture":"#head","uv":[49.0,44.0,48.0,50.0],"autoUv":false},"west":{"texture":"#head","uv":[50.0,44.0,49.0,50.0],"autoUv":false},"up":{"texture":"#head","uv":[50.0,43.0,49.0,44.0],"autoUv":false,"rotation":90},"down":{"texture":"#head","uv":[50.0,44.0,51.0,43.0],"autoUv":false,"rotation":270}},"children":[]},{"name":"HornDeer0R.037","from":[0.179535225034,8.758262395859,-5.249776110053],"to":[0.532686039805,9.646063089371,-4.896625295281],"rotationOrigin":[0.35611063242,9.202162742615,-5.073200702667],"stepParentName":"b_Head","rotationX":-24.431885481912,"rotationY":149.504713006467,"rotationZ":20.552884448478,"group":"horn-deer0R.002","faces":{"north":{"texture":"#head","uv":[46.0,43.0,44.0,49.0],"autoUv":false},"east":{"texture":"#head","uv":[48.0,43.0,46.0,49.0],"autoUv":false},"south":{"texture":"#head","uv":[42.0,43.0,40.0,49.0],"autoUv":false},"west":{"texture":"#head","uv":[44.0,43.0,42.0,49.0],"autoUv":false},"up":{"texture":"#head","uv":[44.0,41.0,42.0,43.0],"autoUv":false,"rotation":90},"down":{"texture":"#head","uv":[44.0,43.0,46.0,41.0],"autoUv":false,"rotation":270}},"children":[]},{"name":"HornDeer0R.038","from":[0.382013723254,9.471383333206,-5.355091452599],"to":[0.657238200307,10.166081190109,-5.079867005348],"rotationOrigin":[0.519625961781,9.818732261658,-5.217479228973],"stepParentName":"b_Head","rotationX":-14.154229191548,"rotationY":146.372688781422,"rotationZ":7.967581298907,"group":"horn-deer0R.002","faces":{"north":{"texture":"#head","uv":[50.0,46.0,48.0,52.0],"autoUv":false},"east":{"texture":"#head","uv":[52.0,46.0,50.0,52.0],"autoUv":false},"south":{"texture":"#head","uv":[46.0,46.0,44.0,52.0],"autoUv":false},"west":{"texture":"#head","uv":[48.0,46.0,46.0,52.0],"autoUv":false},"up":{"texture":"#head","uv":[48.0,44.0,46.0,46.0],"autoUv":false,"rotation":90},"down":{"texture":"#head","uv":[48.0,46.0,50.0,44.0],"autoUv":false,"rotation":270}},"children":[]},{"name":"HornDeer0R.039","from":[0.461107999086,9.974045604467,-5.404833160341],"to":[0.637299865484,10.748608738184,-5.228641189635],"rotationOrigin":[0.549203932285,10.361327171326,-5.316737174988],"stepParentName":"b_Head","rotationX":-12.479825391992,"rotationY":146.325328249718,"rotationZ":1.032952346626,"group":"horn-deer0R.002","faces":{"north":{"texture":"#head","uv":[51.0,44.0,50.0,50.0],"autoUv":false},"east":{"texture":"#head","uv":[52.0,44.0,51.0,50.0],"autoUv":false},"south":{"texture":"#head","uv":[49.0,44.0,48.0,50.0],"autoUv":false},"west":{"texture":"#head","uv":[50.0,44.0,49.0,50.0],"autoUv":false},"up":{"texture":"#head","uv":[50.0,43.0,49.0,44.0],"autoUv":false,"rotation":90},"down":{"texture":"#head","uv":[50.0,44.0,51.0,43.0],"autoUv":false,"rotation":270}},"children":[]}],"groups":[]}