{"textureWidth":32,"textureHeight":32,"textures":{},"textureSizes":{"headtattoo":[32,32]},"elements":[{"name":"MeshHead.093","from":[-3.158440709441,0.566805834591,1.889134593072],"to":[-1.643842815291,2.262518230636,2.361489311541],"rotationOrigin":[-2.401141643524,1.414661884308,2.125311851501],"stepParentName":"b_Head","rotationX":-1.453448e-05,"rotationY":-13.393888264274,"rotationZ":-179.9999776882,"group":"prototattoo","faces":{"north":{"texture":"#head","uv":[10.0,58.0,14.0,62.0],"autoUv":false,"glow":128,"rotation":180},"east":{"texture":"#head","uv":[10.0,58.0,14.0,62.0],"autoUv":false,"glow":128,"rotation":180},"south":{"texture":"#head","uv":[10.0,58.0,14.0,62.0],"autoUv":false,"glow":128,"rotation":180},"west":{"texture":"#head","uv":[10.0,58.0,14.0,62.0],"autoUv":false,"glow":128,"rotation":180},"up":{"texture":"#head","uv":[10.0,58.0,14.0,62.0],"autoUv":false,"glow":128},"down":{"texture":"#head","uv":[14.0,62.0,10.0,58.0],"autoUv":false,"glow":128}},"children":[]},{"name":"MeshHead.094","from":[-3.235890825688,0.566802874697,-2.386507062011],"to":[-1.581638852657,2.262515270743,-1.903030106712],"rotationOrigin":[-2.408764839172,1.414659023285,-2.144768714905],"stepParentName":"b_Head","rotationX":-1.5504171e-05,"rotationY":14.976683859134,"rotationZ":2.1089701e-05,"group":"prototattoo","faces":{"north":{"texture":"#head","uv":[10.0,58.0,14.0,62.0],"autoUv":false,"glow":128},"east":{"texture":"#head","uv":[10.0,58.0,14.0,62.0],"autoUv":false,"glow":128,"rotation":270},"south":{"texture":"#head","uv":[10.0,58.0,14.0,62.0],"autoUv":false,"glow":128,"rotation":270},"west":{"texture":"#head","uv":[10.0,58.0,14.0,62.0],"autoUv":false,"glow":128,"rotation":270},"up":{"texture":"#head","uv":[10.0,58.0,14.0,62.0],"autoUv":false,"glow":128,"rotation":270},"down":{"texture":"#head","uv":[14.0,62.0,10.0,58.0],"autoUv":false,"glow":128,"rotation":270}},"children":[]},{"name":"MeshHead.092","from":[-3.179429337057,0.566805834591,1.911229994284],"to":[-1.655774973971,2.262518230636,2.400354248973],"rotationOrigin":[-2.401141643524,1.414661884308,2.125311851501],"stepParentName":"b_Head","rotationX":-1.453448e-05,"rotationY":-13.393888264274,"rotationZ":-179.9999776882,"group":"prototattoo","faces":{"north":{"texture":"#headtattoo","uv":[0.0,0.0,32.0,32.0],"autoUv":false,"glow":128,"rotation":180},"east":{"texture":"#headtattoo","uv":[0.0,0.0,32.0,32.0],"autoUv":false,"glow":128,"rotation":180},"south":{"texture":"#headtattoo","uv":[0.0,0.0,32.0,32.0],"autoUv":false,"glow":128,"rotation":180},"west":{"texture":"#headtattoo","uv":[0.0,0.0,32.0,32.0],"autoUv":false,"glow":128,"rotation":180},"up":{"texture":"#headtattoo","uv":[0.0,0.0,32.0,32.0],"autoUv":false,"glow":128},"down":{"texture":"#headtattoo","uv":[32.0,32.0,0.0,0.0],"autoUv":false,"glow":128}},"children":[]},{"name":"MeshHead.095","from":[-3.25662108895,0.587533049687,-2.425206306877],"to":[-1.56090868334,2.241785095753,-1.933612917308],"rotationOrigin":[-2.408764839172,1.414659023285,-2.144768714905],"stepParentName":"b_Head","rotationX":-1.5504171e-05,"rotationY":14.976683859134,"rotationZ":2.1089701e-05,"group":"prototattoo","faces":{"north":{"texture":"#headtattoo","uv":[0.0,0.0,32.0,32.0],"autoUv":false,"glow":128},"east":{"texture":"#headtattoo","uv":[0.0,0.0,32.0,32.0],"autoUv":false,"glow":128,"rotation":180},"south":{"texture":"#headtattoo","uv":[0.0,0.0,32.0,32.0],"autoUv":false,"glow":128,"rotation":180},"west":{"texture":"#headtattoo","uv":[0.0,0.0,32.0,32.0],"autoUv":false,"glow":128,"rotation":180},"up":{"texture":"#headtattoo","uv":[0.0,0.0,32.0,32.0],"autoUv":false,"glow":128,"rotation":180},"down":{"texture":"#headtattoo","uv":[32.0,32.0,0.0,0.0],"autoUv":false,"glow":128,"rotation":180}},"children":[]},{"name":"MeshHead.090","from":[-3.422310343788,0.35483883755,-2.37082550617],"to":[-1.354495533897,2.474479332608,-1.766479427177],"rotationOrigin":[-2.388402938843,1.414659023285,-2.068652629852],"stepParentName":"b_Head","rotationX":-1.5504171e-05,"rotationY":14.976683859134,"rotationZ":2.1089703e-05,"group":"prototattoo","faces":{"north":{"texture":"#head","uv":[50.0,12.0,53.0,14.0],"autoUv":false},"east":{"texture":"#head","uv":[58.0,12.0,61.0,14.0],"autoUv":false},"south":{"texture":"#head","uv":[55.0,12.0,58.0,14.0],"autoUv":false},"west":{"texture":"#head","uv":[53.0,12.0,55.0,14.0],"autoUv":false},"up":{"texture":"#head","uv":[45.0,18.0,47.0,21.0],"autoUv":false,"rotation":90},"down":{"texture":"#head","uv":[53.0,21.0,51.0,18.0],"autoUv":false,"rotation":90}},"children":[]},{"name":"MeshHead.091","from":[-3.328172699778,0.354841822161,1.747809390687],"to":[-1.434925360388,2.474482317219,2.338252815825],"rotationOrigin":[-2.381548881531,1.414661884308,2.043030977249],"stepParentName":"b_Head","rotationX":-1.453448e-05,"rotationY":-13.393889971821,"rotationZ":-179.9999776882,"group":"prototattoo","faces":{"north":{"texture":"#head","uv":[58.0,12.0,55.0,14.0],"autoUv":false,"rotation":180},"east":{"texture":"#head","uv":[55.0,12.0,53.0,14.0],"autoUv":false,"rotation":180},"south":{"texture":"#head","uv":[53.0,12.0,50.0,14.0],"autoUv":false,"rotation":180},"west":{"texture":"#head","uv":[61.0,12.0,58.0,14.0],"autoUv":false,"rotation":180},"up":{"texture":"#head","uv":[53.0,18.0,51.0,21.0],"autoUv":false,"rotation":270},"down":{"texture":"#head","uv":[45.0,21.0,47.0,18.0],"autoUv":false,"rotation":270}},"children":[]}],"groups":[]}