{"textureWidth": 64, "textureHeight": 64, "textures": {"tail": "kemono:entity/kemono/tail/kemono-tail"}, "textureSizes": {"tail": [64, 64]}, "elements": [{"name": "TailShark0.005", "from": [-1.2068787813, -1.7765761698, -1.733129503], "to": [3.3548859358, 1.7962260162, 1.7331294997], "rotationOrigin": [-1.2068787813, 0.0098266518, -1.6e-09], "stepParentName": "b_Tail0", "rotationX": 0, "rotationY": 0, "rotationZ": -1.334e-06, "group": "tail-shark1", "faces": {"north": {"texture": "#tail", "uv": [34, 28, 24, 34], "autoUv": false}, "east": {"texture": "#tail", "uv": [6, 28, 11, 34], "autoUv": false}, "south": {"texture": "#tail", "uv": [22, 28, 32, 34], "autoUv": false}, "west": {"texture": "#tail", "uv": [3, 28, 7, 34], "autoUv": false}, "up": {"texture": "#tail", "uv": [25, 5, 35, 10], "autoUv": false}, "down": {"texture": "#tail", "uv": [32, 40, 22, 35], "autoUv": false}}, "children": []}, {"name": "TailShark0.006", "from": [-0.2945469916, -1.68347013, -1.4651862399], "to": [3.9417835176, 1.7031202316, 1.4651862367], "rotationOrigin": [-0.2945469916, 0.0098266602, -1.6e-09], "stepParentName": "b_Tail1", "rotationX": 0, "rotationY": 0, "rotationZ": -9.071e-07, "group": "tail-shark1", "faces": {"north": {"texture": "#tail", "uv": [46, 28, 36, 34], "autoUv": false}, "east": {"texture": "#tail", "uv": [2, 27, 9, 34], "autoUv": false}, "south": {"texture": "#tail", "uv": [38, 28, 48, 34], "autoUv": false}, "west": {"texture": "#tail", "uv": [7, 27, 14, 34], "autoUv": false}, "up": {"texture": "#tail", "uv": [30, 6, 40, 12], "autoUv": false}, "down": {"texture": "#tail", "uv": [40, 58, 30, 52], "autoUv": false}}, "children": []}, {"name": "TailShark0.007", "from": [-0.531409204, -1.4631274939, -1.3466606156], "to": [4.5119729638, 1.4827779531, 1.3466606124], "rotationOrigin": [-0.531409204, 0.0098266602, -1.6e-09], "stepParentName": "b_Tail2", "rotationX": 0, "rotationY": 0, "rotationZ": -9.071e-07, "group": "tail-shark1", "faces": {"north": {"texture": "#tail", "uv": [33, 27, 21, 34], "autoUv": false}, "east": {"texture": "#tail", "uv": [2, 27, 9, 34], "autoUv": false}, "south": {"texture": "#tail", "uv": [23, 27, 35, 34], "autoUv": false}, "west": {"texture": "#tail", "uv": [7, 27, 14, 34], "autoUv": false}, "up": {"texture": "#tail", "uv": [32, 3, 44, 10], "autoUv": false}, "down": {"texture": "#tail", "uv": [41, 42, 29, 35], "autoUv": false}}, "children": []}, {"name": "TailShark0.008", "from": [-0.3819898665, -1.2718508244, -1.1223179118], "to": [4.341830343, 1.2915017605, 1.1223179086], "rotationOrigin": [-0.3819898665, 0.0098266602, -1.6e-09], "stepParentName": "b_Tail3", "rotationX": 0, "rotationY": 0, "rotationZ": -9.071e-07, "group": "tail-shark1", "faces": {"north": {"texture": "#tail", "uv": [36, 28, 26, 33], "autoUv": false}, "east": {"texture": "#tail", "uv": [2, 27, 9, 34], "autoUv": false}, "south": {"texture": "#tail", "uv": [28, 28, 38, 33], "autoUv": false}, "west": {"texture": "#tail", "uv": [7, 27, 14, 34], "autoUv": false}, "up": {"texture": "#tail", "uv": [34, 5, 44, 9], "autoUv": false}, "down": {"texture": "#tail", "uv": [41, 47, 31, 43], "autoUv": false}}, "children": []}, {"name": "TailShark0.009", "from": [-0.495044142, -0.9847031236, -0.9241391437], "to": [3.8040538728, 1.0043544769, 0.9241391404], "rotationOrigin": [-0.495044142, 0.0098266602, -1.6e-09], "stepParentName": "b_Tail4", "rotationX": 0, "rotationY": 0, "rotationZ": -9.071e-07, "group": "tail-shark1", "faces": {"north": {"texture": "#tail", "uv": [39, 28, 30, 33], "autoUv": false}, "east": {"texture": "#tail", "uv": [2, 27, 9, 34], "autoUv": false}, "south": {"texture": "#tail", "uv": [32, 28, 41, 33], "autoUv": false}, "west": {"texture": "#tail", "uv": [7, 27, 14, 34], "autoUv": false}, "up": {"texture": "#tail", "uv": [35, 6, 44, 10], "autoUv": false}, "down": {"texture": "#tail", "uv": [41, 42, 32, 35], "autoUv": false}}, "children": []}, {"name": "TailShark0FinTop.002", "from": [2.2753722072, 0.5682906508, -0.4934443235], "to": [3.9492862821, 4.1741082668, 0.4934443235], "rotationOrigin": [3.1123292446, 1.4170322418, 0], "stepParentName": "b_Tail2", "rotationX": 0, "rotationY": 0, "rotationZ": 17.3864394851, "group": "tail-shark1", "faces": {"north": {"texture": "#tail", "uv": [30, 5, 34, 14], "autoUv": false}, "east": {"texture": "#tail", "uv": [27, 5, 30, 14], "autoUv": false}, "south": {"texture": "#tail", "uv": [23, 5, 27, 14], "autoUv": false}, "west": {"texture": "#tail", "uv": [34, 5, 37, 14], "autoUv": false}, "up": {"texture": "#tail", "uv": [27, 2, 30, 5], "autoUv": false, "rotation": 270}, "down": {"texture": "#tail", "uv": [34, 5, 30, 2], "autoUv": false, "rotation": 90}}, "children": []}, {"name": "TailShark0FinTop.003", "from": [0.6886004806, 0.2794463038, -0.4882778823], "to": [2.6402814388, 3.7313435078, 0.4882778823], "rotationOrigin": [1.3138939142, 1.0656929016, 0], "stepParentName": "b_Tail2", "rotationX": 0, "rotationY": 0, "rotationZ": -16.8840893169, "group": "tail-shark1", "faces": {"north": {"texture": "#tail", "uv": [30, 5, 34, 13], "autoUv": false}, "east": {"texture": "#tail", "uv": [27, 5, 30, 13], "autoUv": false}, "south": {"texture": "#tail", "uv": [23, 5, 27, 13], "autoUv": false}, "west": {"texture": "#tail", "uv": [34, 5, 37, 13], "autoUv": false}, "up": {"texture": "#tail", "uv": [27, 2, 30, 5], "autoUv": false, "rotation": 270}, "down": {"texture": "#tail", "uv": [34, 5, 30, 2], "autoUv": false, "rotation": 90}}, "children": []}, {"name": "TailShark0FinR.004", "from": [3.2036793725, -1.6869072914, -2.0161427879], "to": [4.4702175594, 1.0930187702, 2.3242067021], "rotationOrigin": [2.0309090614, 0.0334091187, -1.8060368299], "stepParentName": "b_Tail5", "rotationX": -90.0000161649, "rotationY": 7.6834454294, "rotationZ": -89.9998932215, "group": "tail-shark1", "faces": {"north": {"texture": "#tail", "uv": [32.7109794617, 1.9062843323, 31.0969581604, 5.3483123779], "autoUv": false, "rotation": 270}, "east": {"texture": "#tail", "uv": [28.7283191681, 13.3512420654, 35.2678146362, 14.2553482056], "autoUv": false}, "south": {"texture": "#tail", "uv": [38.8151092529, 2.473323822, 37.8466873169, 5.5133209229], "autoUv": false, "rotation": 180}, "west": {"texture": "#tail", "uv": [22.5654220581, 11.1950683594, 26.8292999268, 11.7845687866], "autoUv": false, "rotation": 270}, "up": {"texture": "#tail", "uv": [38.8087768555, 10.9321479797, 27.6014080048, 13.6342887878], "autoUv": false, "rotation": 270}, "down": {"texture": "#tail", "uv": [25.3108444214, 14.1559066772, 36.5182151794, 11.7683639526], "autoUv": false, "rotation": 270}}, "children": []}, {"name": "TailShark0FinR.005", "from": [5.9637540346, -4.405959077, -2.2254695892], "to": [7.2213820871, -2.1902875634, 0.37225914], "rotationOrigin": [2.768597126, 0.0334091187, -3.8239712715], "stepParentName": "b_Tail5", "rotationX": -90.0000025045, "rotationY": 46.5795473846, "rotationZ": -90.0000025045, "group": "tail-shark1", "faces": {"north": {"texture": "#tail", "uv": [46.7623901367, 1.7893638611, 41.1319923401, 4.7089309692], "autoUv": false, "rotation": 270}, "east": {"texture": "#tail", "uv": [23.0765686035, 15.8723564148, 27.7307701111, 22.1645965576], "autoUv": false}, "south": {"texture": "#tail", "uv": [43.8310928345, 11.4075393677, 39.6082992554, 11.6061172485], "autoUv": false, "rotation": 180}, "west": {"texture": "#tail", "uv": [29.6989269257, 16.6861686707, 30.1955909729, 17.3576278687], "autoUv": false, "rotation": 90}, "up": {"texture": "#tail", "uv": [39.9311561584, 13.5262145996, 35.2459106445, 19.2043228149], "autoUv": false, "rotation": 270}, "down": {"texture": "#tail", "uv": [20.2299365997, 19.5629882812, 24.9151744843, 18.2773666382], "autoUv": false}}, "children": []}, {"name": "TailShark0FinR.006", "from": [5.8396665552, -1.4340990224, -2.5011854768], "to": [7.0767093116, 0.75396106, 2.9296071529], "rotationOrigin": [3.4217267036, 0.0334091187, -3.0364596844], "stepParentName": "b_Tail5", "rotationX": -90.0000093347, "rotationY": 7.6834454294, "rotationZ": -89.9999068818, "group": "tail-shark1", "faces": {"north": {"texture": "#tail", "uv": [34.3815574646, 1.6002540588, 33.3410148621, 5.0906906128], "autoUv": false, "rotation": 270}, "east": {"texture": "#tail", "uv": [28.0197467804, 15.5180931091, 33.788105011, 16.2235717773], "autoUv": false}, "south": {"texture": "#tail", "uv": [43.3383598328, 3.1453590393, 42.557926178, 6.1368904114], "autoUv": false, "rotation": 180}, "west": {"texture": "#tail", "uv": [24.356546402, 13.6634216309, 27.2308883667, 14.0149536133], "autoUv": false, "rotation": 270}, "up": {"texture": "#tail", "uv": [44.0625801086, 13.4167137146, 29.7051753998, 15.8285217285], "autoUv": false, "rotation": 270}, "down": {"texture": "#tail", "uv": [19.2279644012, 16.1320114136, 33.5853691101, 14.0741653442], "autoUv": false, "rotation": 270}}, "children": []}, {"name": "TailShark0FinR.007", "from": [2.5358050168, -1.6337186098, -1.4561755846], "to": [3.7317097783, 0.0648414195, 1.1415526322], "rotationOrigin": [2.8614296913, 0.0334091187, -0.2723257244], "stepParentName": "b_Tail5", "rotationX": -90.0000366554, "rotationY": 70.849497619, "rotationZ": -89.9999820139, "group": "tail-shark1", "faces": {"north": {"texture": "#tail", "uv": [34.8577156067, 1.5983734131, 30.4300537109, 4.1483650208], "autoUv": false, "rotation": 270}, "east": {"texture": "#tail", "uv": [28.1897468567, 5.6745033264, 30.1089096069, 16.5151367188], "autoUv": false}, "south": {"texture": "#tail", "uv": [33.9954681396, 4.6286125183, 29.567817688, 6.468334198], "autoUv": false, "rotation": 270}, "west": {"texture": "#tail", "uv": [26.4597930908, 6.3213272095, 25.2509059906, 13.1498832703], "autoUv": false, "rotation": 180}, "up": {"texture": "#tail", "uv": [29.7191772461, 4.2569541931, 27.3676357269, 14.5866661072], "autoUv": false, "rotation": 270}, "down": {"texture": "#tail", "uv": [29.2556800842, 14.9152107239, 31.607219696, 7.575756073], "autoUv": false}}, "children": []}, {"name": "TailShark0FinL.004", "from": [3.1976200839, -1.0261999369, -2.3242093325], "to": [4.476267192, 1.7537260056, 2.0161403567], "rotationOrigin": [2.0309090614, 0.0334091187, 1.8060368299], "stepParentName": "b_Tail5", "rotationX": -90.0000025045, "rotationY": -7.6834385992, "rotationZ": 89.9999615233, "group": "tail-shark1", "faces": {"north": {"texture": "#tail", "uv": [18.2825717926, 2.2713394165, 19.2418079376, 5.7152938843], "autoUv": false, "rotation": 90}, "east": {"texture": "#tail", "uv": [27.1353263855, 13.5195999146, 22.8714466095, 14.1090965271], "autoUv": false, "rotation": 270}, "south": {"texture": "#tail", "uv": [32.2910079956, 2.1082611084, 33.8897438049, 5.1463356018], "autoUv": false, "rotation": 180}, "west": {"texture": "#tail", "uv": [29.0343456268, 11.0266876221, 35.573841095, 11.9307975769], "autoUv": false, "rotation": 270}, "up": {"texture": "#tail", "uv": [36.4819641113, 11.5988578796, 47.5832138062, 14.3253593445], "autoUv": false, "rotation": 270}, "down": {"texture": "#tail", "uv": [29.3900775909, 13.4891395569, 18.2888355255, 11.0772743225], "autoUv": false, "rotation": 270}}, "children": []}, {"name": "TailShark0FinL.005", "from": [5.9637542251, 2.2571065426, -0.3722584131], "to": [7.2213818757, 4.4727787971, 2.2254702806], "rotationOrigin": [2.768597126, 0.0334091187, 3.8239712715], "stepParentName": "b_Tail5", "rotationX": -90.000022995, "rotationY": -46.5795371393, "rotationZ": 89.9999956743, "group": "tail-shark1", "faces": {"north": {"texture": "#tail", "uv": [19.7426834106, 10.3954734802, 22.8762664795, 12.5619659424], "autoUv": false, "rotation": 90}, "east": {"texture": "#tail", "uv": [33.232673645, 16.8036689758, 33.601234436, 17.3019485474], "autoUv": false}, "south": {"texture": "#tail", "uv": [22.7619094849, 5.2773361206, 26.9400100708, 5.4246864319], "autoUv": false, "rotation": 180}, "west": {"texture": "#tail", "uv": [28.3184890747, 13.236618042, 31.7721824646, 17.9058380127], "autoUv": false, "rotation": 270}, "up": {"texture": "#tail", "uv": [44.1683006287, 14.8731307983, 47.6450042725, 19.0865936279], "autoUv": false, "rotation": 270}, "down": {"texture": "#tail", "uv": [26.1134147644, 15.5609817505, 22.6366767883, 14.6069793701], "autoUv": false, "rotation": 180}}, "children": []}, {"name": "TailShark0FinL.006", "from": [5.8396621693, -0.687142508, -2.9296095371], "to": [7.0767049995, 1.5009178241, 2.5011829734], "rotationOrigin": [3.4217267036, 0.0334091187, 3.0364596844], "stepParentName": "b_Tail5", "rotationX": -90.0000093347, "rotationY": -7.6834454294, "rotationZ": 90.0000093347, "group": "tail-shark1", "faces": {"north": {"texture": "#tail", "uv": [20.1083374023, 5.0888900757, 20.6874427795, 7.6790008545], "autoUv": false, "rotation": 90}, "east": {"texture": "#tail", "uv": [28.2689647675, 14.5866355896, 30.4018917084, 14.8474845886], "autoUv": false, "rotation": 180}, "south": {"texture": "#tail", "uv": [31.9492301941, 4.3125343323, 32.7213745117, 6.5324516296], "autoUv": false, "rotation": 180}, "west": {"texture": "#tail", "uv": [30.9872779846, 12.9477081299, 35.2677497864, 13.471206665], "autoUv": false, "rotation": 270}, "up": {"texture": "#tail", "uv": [37.7344818115, 13.2525100708, 48.38854599, 15.0421905518], "autoUv": false, "rotation": 270}, "down": {"texture": "#tail", "uv": [30.2249698639, 14.5543327332, 19.5709190369, 13.0273017883], "autoUv": false, "rotation": 270}}, "children": []}, {"name": "TailShark0FinL.007", "from": [2.535801044, 0.0019796342, -1.1415535859], "to": [3.7317059481, 1.7005394697, 1.4561745117], "rotationOrigin": [2.8614296913, 0.0334091187, 0.2723257244], "stepParentName": "b_Tail5", "rotationX": -90.000022995, "rotationY": -70.8494839587, "rotationZ": 89.9999888441, "group": "tail-shark1", "faces": {"north": {"texture": "#tail", "uv": [23.0045204163, 4.2734489441, 27.43217659, 6.8234634399], "autoUv": false, "rotation": 90}, "east": {"texture": "#tail", "uv": [27.2462253571, 7.6805381775, 28.4551010132, 14.5090751648], "autoUv": false}, "south": {"texture": "#tail", "uv": [28.1422767639, 1.9535255432, 32.5699424744, 3.7932243347], "autoUv": false, "rotation": 90}, "west": {"texture": "#tail", "uv": [30.1850738525, 4.3152923584, 32.1042366028, 15.155921936], "autoUv": false, "rotation": 270}, "up": {"texture": "#tail", "uv": [37.3927879333, 6.0806159973, 39.7443313599, 16.4103431702], "autoUv": false, "rotation": 270}, "down": {"texture": "#tail", "uv": [29.6323490143, 13.0915412903, 27.2808170319, 5.7520713806], "autoUv": false, "rotation": 180}}, "children": []}, {"name": "TailShark0FinTop.004", "from": [2.2504678624, -0.8052692973, 0.8979889514], "to": [3.254816447, 1.3582213582, 1.4901221631], "rotationOrigin": [2.7526421547, -0.2960243225, 1.1940555573], "stepParentName": "b_Tail2", "rotationX": 130.0000013408, "rotationY": -1.5669e-06, "rotationZ": 17.38643607, "group": "tail-shark1", "faces": {"north": {"texture": "#tail", "uv": [30, 5, 34, 14], "autoUv": false}, "east": {"texture": "#tail", "uv": [27, 5, 30, 14], "autoUv": false}, "south": {"texture": "#tail", "uv": [23, 5, 27, 14], "autoUv": false}, "west": {"texture": "#tail", "uv": [34, 5, 37, 14], "autoUv": false}, "up": {"texture": "#tail", "uv": [27, 2, 30, 5], "autoUv": false, "rotation": 270}, "down": {"texture": "#tail", "uv": [34, 5, 30, 2], "autoUv": false, "rotation": 90}}, "children": []}, {"name": "TailShark0FinTop.005", "from": [1.2984046906, -0.6322704383, 0.7396042171], "to": [2.4694133121, 1.4388679663, 1.3255376992], "rotationOrigin": [1.6735807657, -0.1605224609, 1.0325709581], "stepParentName": "b_Tail2", "rotationX": 130.0000150012, "rotationY": -1.0054e-06, "rotationZ": -16.8840824868, "group": "tail-shark1", "faces": {"north": {"texture": "#tail", "uv": [30, 5, 34, 13], "autoUv": false}, "east": {"texture": "#tail", "uv": [27, 5, 30, 13], "autoUv": false}, "south": {"texture": "#tail", "uv": [23, 5, 27, 13], "autoUv": false}, "west": {"texture": "#tail", "uv": [34, 5, 37, 13], "autoUv": false}, "up": {"texture": "#tail", "uv": [27, 2, 30, 5], "autoUv": false, "rotation": 270}, "down": {"texture": "#tail", "uv": [34, 5, 30, 2], "autoUv": false, "rotation": 90}}, "children": []}, {"name": "TailShark0FinTop.006", "from": [2.2504678624, -0.8182602489, -1.4969001649], "to": [3.254816447, 1.3452304067, -0.9047669531], "rotationOrigin": [2.7526421547, -0.309015274, -1.200833559], "stepParentName": "b_Tail2", "rotationX": -139.999985682, "rotationY": -8.934e-07, "rotationZ": 17.3864394851, "group": "tail-shark1", "faces": {"north": {"texture": "#tail", "uv": [30, 5, 34, 14], "autoUv": false}, "east": {"texture": "#tail", "uv": [27, 5, 30, 14], "autoUv": false}, "south": {"texture": "#tail", "uv": [23, 5, 27, 14], "autoUv": false}, "west": {"texture": "#tail", "uv": [34, 5, 37, 14], "autoUv": false}, "up": {"texture": "#tail", "uv": [27, 2, 30, 5], "autoUv": false, "rotation": 270}, "down": {"texture": "#tail", "uv": [34, 5, 30, 2], "autoUv": false, "rotation": 90}}, "children": []}, {"name": "TailShark0FinTop.007", "from": [1.2984046906, -0.6192794868, -1.3582984385], "to": [2.4694133121, 1.4518589178, -0.7723649564], "rotationOrigin": [1.6735807657, -0.1475315094, -1.0653316975], "stepParentName": "b_Tail2", "rotationX": -139.9999993424, "rotationY": 1.7043e-06, "rotationZ": -16.8840807792, "group": "tail-shark1", "faces": {"north": {"texture": "#tail", "uv": [30, 5, 34, 13], "autoUv": false}, "east": {"texture": "#tail", "uv": [27, 5, 30, 13], "autoUv": false}, "south": {"texture": "#tail", "uv": [23, 5, 27, 13], "autoUv": false}, "west": {"texture": "#tail", "uv": [34, 5, 37, 13], "autoUv": false}, "up": {"texture": "#tail", "uv": [27, 2, 30, 5], "autoUv": false, "rotation": 270}, "down": {"texture": "#tail", "uv": [34, 5, 30, 2], "autoUv": false, "rotation": 90}}, "children": []}], "groups": []}