{"textureWidth": 64, "textureHeight": 64, "textures": {"tail": "kemono:entity/kemono/tail/kemono-tail"}, "textureSizes": {"tail": [64, 64]}, "elements": [{"name": "TailFox0.007", "from": [8.3309364319, 2.3758795261, -1.6895880699], "to": [12.8365588188, 6.3218858242, 1.6895880699], "rotationOrigin": [8.3309364319, 4.3488807678, 0], "stepParentName": "b_Tail1", "rotationX": 0, "rotationY": 0, "rotationZ": 136.3105906999, "group": "tail-squirrel", "faces": {"north": {"texture": "#tail", "uv": [12, 58.5, 10, 60], "autoUv": false}, "east": {"texture": "#0", "uv": [0, 0, 4, 4], "autoUv": false}, "south": {"texture": "#tail", "uv": [10, 58.5, 12, 60], "autoUv": false}, "west": {"texture": "#tail", "uv": [0.5, 60.5, 2, 63], "autoUv": false}, "up": {"texture": "#tail", "uv": [10, 57.5, 11.5, 59], "autoUv": false}, "down": {"texture": "#tail", "uv": [12, 60, 10.5, 59], "autoUv": false}}, "children": []}, {"name": "TailFox0Fluff.007", "from": [-0.5877971053, -0.6847567558, -0.9860317186], "to": [2.9051652551, 0.6315429807, 0.7690153643], "rotationOrigin": [-0.5877971053, -0.0266075134, -0.1085081771], "stepParentName": "b_Tail1", "rotationX": 1.9881303964, "rotationY": -3.3936437356, "rotationZ": 12.7603173555, "group": "tail-squirrel", "faces": {"north": {"texture": "#tail", "uv": [53.5, 27, 52.5, 28], "autoUv": false}, "east": {"texture": "#0", "uv": [0, 0, 4, 4], "autoUv": false}, "south": {"texture": "#tail", "uv": [52.5, 26.5, 53.5, 27.5], "autoUv": false}, "west": {"texture": "#tail", "uv": [43.5, 29, 44.5, 30], "autoUv": false, "rotation": 90}, "up": {"texture": "#tail", "uv": [52.5, 27, 54, 28], "autoUv": false}, "down": {"texture": "#tail", "uv": [53.5, 28, 52, 27], "autoUv": false}}, "children": []}, {"name": "TailFox0Fluff.008", "from": [6.6428894997, 3.8957799077, -1.2366260663], "to": [10.3466959, 5.6709713936, 1.1302696094], "rotationOrigin": [6.6428894997, 4.7833747864, -0.0531782284], "stepParentName": "b_Tail1", "rotationX": -0.5369742647, "rotationY": -0.8379885988, "rotationZ": 146.8140146245, "group": "tail-squirrel", "faces": {"north": {"texture": "#tail", "uv": [57, 39, 56, 39.5], "autoUv": false}, "east": {"texture": "#0", "uv": [0, 0, 4, 4], "autoUv": false}, "south": {"texture": "#tail", "uv": [56, 38.5, 57, 39], "autoUv": false}, "west": {"texture": "#tail", "uv": [47, 41, 48, 42.5], "autoUv": false, "rotation": 90}, "up": {"texture": "#tail", "uv": [56, 39, 57, 39.5], "autoUv": false}, "down": {"texture": "#tail", "uv": [57, 40, 55.5, 39.5], "autoUv": false}}, "children": []}, {"name": "TailFox0Fluff.009", "from": [5.2993001938, -0.1281833649, -1.2943127751], "to": [8.8339653015, 1.688316226, 0.4243883491], "rotationOrigin": [5.2993001938, 0.7800655365, -0.434962213], "stepParentName": "b_Tail1", "rotationX": -10.3435727385, "rotationY": 4.1621307307, "rotationZ": 36.8752351024, "group": "tail-squirrel", "faces": {"north": {"texture": "#tail", "uv": [62.5, 46, 60, 47], "autoUv": false}, "east": {"texture": "#0", "uv": [0, 0, 4, 4], "autoUv": false}, "south": {"texture": "#tail", "uv": [60, 45, 62, 46], "autoUv": false}, "west": {"texture": "#tail", "uv": [51.5, 47.5, 53, 49], "autoUv": false, "rotation": 90}, "up": {"texture": "#tail", "uv": [61, 44, 63.5, 45], "autoUv": false}, "down": {"texture": "#tail", "uv": [62, 46.5, 59.5, 45.5], "autoUv": false}}, "children": []}, {"name": "TailFox0.009", "from": [1.8569728136, -1.0650167465, -1.2224428654], "to": [7.5543576479, 1.2495238781, 1.2224428654], "rotationOrigin": [1.8569728136, 0.0922546387, 0], "stepParentName": "b_Tail1", "rotationX": 0, "rotationY": 0, "rotationZ": 3.2820629905, "group": "tail-squirrel", "faces": {"north": {"texture": "#tail", "uv": [33, 38.5, 31, 40], "autoUv": false}, "east": {"texture": "#tail", "uv": [27, 41, 28, 42.5], "autoUv": false}, "south": {"texture": "#tail", "uv": [31, 38.5, 33, 40], "autoUv": false}, "west": {"texture": "#tail", "uv": [26, 41.5, 27, 43], "autoUv": false}, "up": {"texture": "#tail", "uv": [31, 37.5, 34.5, 39], "autoUv": false}, "down": {"texture": "#tail", "uv": [34, 40, 31, 38], "autoUv": false}}, "children": []}, {"name": "TailFox0.010", "from": [-3.6930916309, -0.3125423193, -0.8229093961], "to": [-0.8885405064, 1.0726068616, 0.822909493], "rotationOrigin": [-0.8885405064, 0.3800315857, 7.82e-08], "stepParentName": "b_Tail0", "rotationX": 0, "rotationY": 0, "rotationZ": 177.8400533066, "group": "tail-squirrel", "faces": {"north": {"texture": "#tail", "uv": [30.5, 26.5, 28.5, 28], "autoUv": false}, "east": {"texture": "#tail", "uv": [24.5, 29.5, 25.5, 31], "autoUv": false}, "south": {"texture": "#tail", "uv": [28, 26.5, 30, 28], "autoUv": false}, "west": {"texture": "#tail", "uv": [24.5, 29.5, 25.5, 31], "autoUv": false}, "up": {"texture": "#tail", "uv": [28.5, 26.5, 30.5, 27], "autoUv": false}, "down": {"texture": "#tail", "uv": [29.5, 28, 28, 27], "autoUv": false}}, "children": []}, {"name": "TailFox0.011", "from": [7.1037578583, -1.2701685429, -1.4973683357], "to": [12.4663572311, 1.922703743, 1.4973683357], "rotationOrigin": [7.1037578583, 0.3262691498, 0], "stepParentName": "b_Tail1", "rotationX": 0, "rotationY": 0, "rotationZ": 80.8936186426, "group": "tail-squirrel", "faces": {"north": {"texture": "#tail", "uv": [9.5, 51.5, 7, 52.5], "autoUv": false}, "east": {"texture": "#tail", "uv": [0.5, 54, 3, 56.5], "autoUv": false}, "south": {"texture": "#tail", "uv": [6.5, 52, 9.5, 53.5], "autoUv": false}, "west": {"texture": "#tail", "uv": [0.5, 54.5, 2, 56.5], "autoUv": false}, "up": {"texture": "#tail", "uv": [6.5, 50.5, 10.5, 52], "autoUv": false}, "down": {"texture": "#tail", "uv": [11.5, 53, 8, 52], "autoUv": false}}, "children": []}, {"name": "TailFox0.012", "from": [-0.9995373487, -0.7340957522, -0.8901900053], "to": [3.5306364298, 1.1080563664, 0.8901900053], "rotationOrigin": [-0.9995373487, 0.1869812012, 0], "stepParentName": "b_Tail1", "rotationX": 0, "rotationY": 0, "rotationZ": -5.7080300705, "group": "tail-squirrel", "faces": {"north": {"texture": "#tail", "uv": [53.5, 51, 52, 52], "autoUv": false}, "east": {"texture": "#tail", "uv": [49, 55, 50.5, 56.5], "autoUv": false}, "south": {"texture": "#tail", "uv": [52, 51, 53.5, 52], "autoUv": false}, "west": {"texture": "#tail", "uv": [48, 55, 49.5, 56.5], "autoUv": false}, "up": {"texture": "#tail", "uv": [52.5, 52, 55.5, 53], "autoUv": false}, "down": {"texture": "#tail", "uv": [54.5, 53.5, 52, 52.5], "autoUv": false}}, "children": []}, {"name": "TailFox0Fluff.010", "from": [1.3062559366, -0.4079520106, -0.3716091961], "to": [4.8898457289, 0.7390993834, 0.8601161391], "rotationOrigin": [1.3062559366, 0.1655731201, 0.2442534715], "stepParentName": "b_Tail1", "rotationX": -22.7895921092, "rotationY": 22.7066104334, "rotationZ": 9.2833771151, "group": "tail-squirrel", "faces": {"north": {"texture": "#tail", "uv": [46, 39, 43, 40], "autoUv": false}, "east": {"texture": "#0", "uv": [0, 0, 4, 4], "autoUv": false}, "south": {"texture": "#tail", "uv": [43, 38.5, 46, 39.5], "autoUv": false}, "west": {"texture": "#tail", "uv": [35.5, 41, 36.5, 42.5], "autoUv": false, "rotation": 90}, "up": {"texture": "#tail", "uv": [43, 38.5, 46, 39.5], "autoUv": false}, "down": {"texture": "#tail", "uv": [46, 40, 42.5, 39], "autoUv": false}}, "children": []}, {"name": "TailFox0Fluff.011", "from": [3.1686935425, -0.735624969, -0.8406260088], "to": [6.6453814507, 1.1344801188, 0.790818207], "rotationOrigin": [3.1686935425, 0.199426651, -0.0249039009], "stepParentName": "b_Tail1", "rotationX": -3.67582425, "rotationY": -5.9587389942, "rotationZ": 9.2302638566, "group": "tail-squirrel", "faces": {"north": {"texture": "#tail", "uv": [22.5, 32.5, 20.5, 33.5], "autoUv": false}, "east": {"texture": "#0", "uv": [0, 0, 4, 4], "autoUv": false}, "south": {"texture": "#tail", "uv": [20.5, 32, 22.5, 33], "autoUv": false}, "west": {"texture": "#tail", "uv": [12, 34.5, 13, 36], "autoUv": false, "rotation": 90}, "up": {"texture": "#tail", "uv": [20.5, 32, 22.5, 33], "autoUv": false}, "down": {"texture": "#tail", "uv": [22.5, 33.5, 19.5, 32.5], "autoUv": false}}, "children": []}, {"name": "TailFox0Fluff.012", "from": [4.7027444839, -0.3843291402, -0.920313973], "to": [8.379357338, 1.4258272052, 0.8530763201], "rotationOrigin": [4.7027444839, 0.5207481384, -0.0336188264], "stepParentName": "b_Tail1", "rotationX": -11.0011492008, "rotationY": -25.6518067865, "rotationZ": 2.4056252825, "group": "tail-squirrel", "faces": {"north": {"texture": "#tail", "uv": [42, 26.5, 39.5, 27.5], "autoUv": false}, "east": {"texture": "#0", "uv": [0, 0, 4, 4], "autoUv": false}, "south": {"texture": "#tail", "uv": [40, 27, 42.5, 28], "autoUv": false}, "west": {"texture": "#tail", "uv": [31.5, 29, 33, 30.5], "autoUv": false, "rotation": 90}, "up": {"texture": "#tail", "uv": [39.5, 26.5, 42, 27.5], "autoUv": false}, "down": {"texture": "#tail", "uv": [42, 27.5, 39.5, 26.5], "autoUv": false}}, "children": []}, {"name": "TailFox0Fluff.013", "from": [7.3487081528, 0.2194718122, -1.4643774573], "to": [11.232922554, 2.0086030364, 1.5253571924], "rotationOrigin": [7.3487081528, 1.1140365601, 0.0304898676], "stepParentName": "b_Tail1", "rotationX": 10.2506710667, "rotationY": -64.0957041149, "rotationZ": 108.4231742056, "group": "tail-squirrel", "faces": {"north": {"texture": "#tail", "uv": [24.5, 39.5, 22, 40], "autoUv": false}, "east": {"texture": "#0", "uv": [0, 0, 4, 4], "autoUv": false}, "south": {"texture": "#tail", "uv": [21.5, 38.5, 24, 39.5], "autoUv": false}, "west": {"texture": "#tail", "uv": [13.5, 41, 14.5, 42.5], "autoUv": false, "rotation": 90}, "up": {"texture": "#tail", "uv": [23, 37.5, 25, 38.5], "autoUv": false}, "down": {"texture": "#tail", "uv": [24, 40, 21, 39], "autoUv": false}}, "children": []}, {"name": "TailFox0.014", "from": [5.0244498253, 6.2364889489, -1.2953688884], "to": [8.4764504, 9.2597374235, 1.2936003981], "rotationOrigin": [5.0244498253, 7.7481117249, -0.0008842451], "stepParentName": "b_Tail1", "rotationX": 0, "rotationY": 0, "rotationZ": -167.8914866295, "group": "tail-squirrel", "faces": {"north": {"texture": "#tail", "uv": [24.5, 58.5, 22.5, 60], "autoUv": false}, "east": {"texture": "#0", "uv": [0, 0, 4, 4], "autoUv": false}, "south": {"texture": "#tail", "uv": [22.5, 58.5, 24.5, 60], "autoUv": false}, "west": {"texture": "#tail", "uv": [13, 60.5, 14.5, 63], "autoUv": false}, "up": {"texture": "#tail", "uv": [22.5, 57.5, 24, 59], "autoUv": false}, "down": {"texture": "#tail", "uv": [24.5, 60, 23, 59], "autoUv": false}}, "children": []}, {"name": "TailFox0Fluff.014", "from": [4.0221457481, 6.1855527698, -0.9483303706], "to": [6.8598318044, 7.5456230235, 0.8650764803], "rotationOrigin": [4.0221457481, 6.8655872345, -0.0416269451], "stepParentName": "b_Tail1", "rotationX": 0.3912911589, "rotationY": -0.9151225121, "rotationZ": -157.3809729686, "group": "tail-squirrel", "faces": {"north": {"texture": "#tail", "uv": [34, 32.5, 32.5, 33], "autoUv": false}, "east": {"texture": "#0", "uv": [0, 0, 4, 4], "autoUv": false}, "south": {"texture": "#tail", "uv": [32.5, 32, 34, 32.5], "autoUv": false}, "west": {"texture": "#tail", "uv": [23.5, 34.5, 25, 36], "autoUv": false, "rotation": 90}, "up": {"texture": "#tail", "uv": [32.5, 32.5, 34, 33], "autoUv": false}, "down": {"texture": "#tail", "uv": [34, 33.5, 32, 33], "autoUv": false}}, "children": []}, {"name": "TailFox0.016", "from": [7.1224331856, 4.535191491, -1.1480989719], "to": [11.2310094592, 6.9814229556, 1.1463304816], "rotationOrigin": [7.1224331856, 5.7583084106, -0.0008842451], "stepParentName": "b_Tail1", "rotationX": 0, "rotationY": 0, "rotationZ": 146.8220742477, "group": "tail-squirrel", "faces": {"north": {"texture": "#tail", "uv": [33, 51.5, 31, 52.5], "autoUv": false}, "east": {"texture": "#tail", "uv": [24.5, 54, 26.5, 56.5], "autoUv": false}, "south": {"texture": "#tail", "uv": [30, 52, 33, 53.5], "autoUv": false}, "west": {"texture": "#tail", "uv": [24.5, 54.5, 25.5, 56.5], "autoUv": false}, "up": {"texture": "#tail", "uv": [30, 50.5, 34.5, 52], "autoUv": false}, "down": {"texture": "#tail", "uv": [35.5, 53, 32, 52], "autoUv": false}}, "children": []}, {"name": "TailFox0Fluff.015", "from": [6.6479153633, 5.4904583432, -1.1228223281], "to": [9.6238217296, 6.861208478, 1.1677748064], "rotationOrigin": [6.6479153633, 6.1758327484, 0.0224762391], "stepParentName": "b_Tail1", "rotationX": 63.2529817147, "rotationY": -17.2123089349, "rotationZ": 178.573670265, "group": "tail-squirrel", "faces": {"north": {"texture": "#tail", "uv": [11.5, 39.5, 9, 40], "autoUv": false}, "east": {"texture": "#0", "uv": [0, 0, 4, 4], "autoUv": false}, "south": {"texture": "#tail", "uv": [8.5, 38.5, 11, 39.5], "autoUv": false}, "west": {"texture": "#tail", "uv": [0.5, 41, 1.5, 42.5], "autoUv": false, "rotation": 90}, "up": {"texture": "#tail", "uv": [10, 37.5, 12.5, 38.5], "autoUv": false}, "down": {"texture": "#tail", "uv": [11, 40, 8, 39], "autoUv": false}}, "children": []}, {"name": "TailFox0.008", "from": [1.9734886885, 6.1399182377, -1.0075616466], "to": [4.6562728435, 8.489490009, 1.0045020638], "rotationOrigin": [1.9734886885, 7.3147029877, -0.0015297914], "stepParentName": "b_Tail1", "rotationX": 0, "rotationY": 0, "rotationZ": -111.3248093197, "group": "tail-squirrel", "faces": {"north": {"texture": "#tail", "uv": [37.5, 58.5, 35.5, 60], "autoUv": false}, "east": {"texture": "#0", "uv": [0, 0, 4, 4], "autoUv": false}, "south": {"texture": "#tail", "uv": [35.5, 58.5, 37.5, 60], "autoUv": false}, "west": {"texture": "#tail", "uv": [25.5, 61, 27.5, 63], "autoUv": false}, "up": {"texture": "#tail", "uv": [35.5, 57.5, 36.5, 59.5], "autoUv": false}, "down": {"texture": "#tail", "uv": [37.5, 60, 35.5, 59.5], "autoUv": false}}, "children": []}, {"name": "TailFox0Fluff.016", "from": [2.1166813374, 5.7582459752, -0.7378546449], "to": [4.3220397265, 6.8152490116, 0.671467215], "rotationOrigin": [2.1166813374, 6.2867469788, -0.0331937149], "stepParentName": "b_Tail1", "rotationX": 0.9792744235, "rotationY": -0.1776819018, "rotationZ": -100.8158666024, "group": "tail-squirrel", "faces": {"north": {"texture": "#tail", "uv": [57, 32.5, 55.5, 33], "autoUv": false}, "east": {"texture": "#tail", "uv": [53.5, 36.5, 53.5, 36.5], "autoUv": false, "rotation": 180}, "south": {"texture": "#tail", "uv": [55.5, 32, 57, 32.5], "autoUv": false}, "west": {"texture": "#tail", "uv": [46.5, 34.5, 47.5, 36], "autoUv": false, "rotation": 90}, "up": {"texture": "#tail", "uv": [55.5, 32.5, 57, 33], "autoUv": false}, "down": {"texture": "#tail", "uv": [57, 33.5, 55, 33], "autoUv": false}}, "children": []}, {"name": "TailFox0.018", "from": [4.1623520851, 6.8728028678, -0.8931082013], "to": [7.3554053575, 8.7739352464, 0.8900486185], "rotationOrigin": [4.1623520851, 7.8233699799, -0.0015297914], "stepParentName": "b_Tail1", "rotationX": 0, "rotationY": 0, "rotationZ": -156.6112789511, "group": "tail-squirrel", "faces": {"north": {"texture": "#tail", "uv": [21, 51.5, 19, 52.5], "autoUv": false}, "east": {"texture": "#tail", "uv": [12.5, 54, 14.5, 56.5], "autoUv": false}, "south": {"texture": "#tail", "uv": [18, 52, 21, 53.5], "autoUv": false}, "west": {"texture": "#tail", "uv": [12.5, 54.5, 14, 56.5], "autoUv": false}, "up": {"texture": "#tail", "uv": [18, 50.5, 22.5, 52], "autoUv": false}, "down": {"texture": "#tail", "uv": [23.5, 53, 20, 52], "autoUv": false}}, "children": []}, {"name": "TailFox0Fluff.017", "from": [3.6883718967, 7.1617383741, -0.8734635563], "to": [6.0011506679, 8.2270413416, 0.9067147301], "rotationOrigin": [3.6883718967, 7.6943893433, 0.0166255869], "stepParentName": "b_Tail1", "rotationX": 59.0515274506, "rotationY": 33.2861858445, "rotationZ": -154.7281001742, "group": "tail-squirrel", "faces": {"north": {"texture": "#tail", "uv": [37, 46, 34.5, 47], "autoUv": false}, "east": {"texture": "#tail", "uv": [33, 49.5, 33, 49.5], "autoUv": false, "rotation": 180}, "south": {"texture": "#tail", "uv": [34, 45, 36.5, 46], "autoUv": false}, "west": {"texture": "#tail", "uv": [26, 47.5, 27, 49], "autoUv": false, "rotation": 90}, "up": {"texture": "#tail", "uv": [35.5, 44, 38, 45], "autoUv": false}, "down": {"texture": "#tail", "uv": [36.5, 46.5, 33.5, 45.5], "autoUv": false}}, "children": []}, {"name": "TailFox0.015", "from": [1.3187792301, 2.3775948582, -1.0075616466], "to": [4.0015633852, 4.7271666295, 1.0045020638], "rotationOrigin": [1.3187792301, 3.5523796082, -0.0015297914], "stepParentName": "b_Tail1", "rotationX": 0, "rotationY": 0, "rotationZ": -21.3671710636, "group": "tail-squirrel", "faces": {"north": {"texture": "#tail", "uv": [12, 45, 10, 46.5], "autoUv": false}, "east": {"texture": "#0", "uv": [0, 0, 4, 4], "autoUv": false}, "south": {"texture": "#tail", "uv": [10, 45, 12, 46.5], "autoUv": false}, "west": {"texture": "#tail", "uv": [0.5, 47.5, 2, 49.5], "autoUv": false}, "up": {"texture": "#tail", "uv": [10, 44, 11.5, 45.5], "autoUv": false}, "down": {"texture": "#tail", "uv": [12, 46.5, 10.5, 45.5], "autoUv": false}}, "children": []}, {"name": "TailFox0Fluff.018", "from": [2.34684062, 3.1663079564, -0.7378546337], "to": [4.5521990092, 4.2233109928, 0.6714672262], "rotationOrigin": [2.34684062, 3.69480896, -0.0331937037], "stepParentName": "b_Tail1", "rotationX": 0.1784327157, "rotationY": 0.9791379265, "rotationZ": -10.8613249832, "group": "tail-squirrel", "faces": {"north": {"texture": "#tail", "uv": [11, 32.5, 9.5, 33], "autoUv": false}, "east": {"texture": "#tail", "uv": [7.5, 36.5, 7.5, 36.5], "autoUv": false, "rotation": 180}, "south": {"texture": "#tail", "uv": [9.5, 32, 11, 32.5], "autoUv": false}, "west": {"texture": "#tail", "uv": [0.5, 34.5, 1.5, 36], "autoUv": false, "rotation": 90}, "up": {"texture": "#tail", "uv": [9.5, 32.5, 11, 33], "autoUv": false}, "down": {"texture": "#tail", "uv": [11, 33.5, 9, 33], "autoUv": false}}, "children": []}, {"name": "TailFox0.020", "from": [0.8117321134, 4.7910519981, -0.8931082013], "to": [4.0047853858, 6.6921843766, 0.8900486185], "rotationOrigin": [0.8117321134, 5.7416191101, -0.0015297914], "stepParentName": "b_Tail1", "rotationX": 0, "rotationY": 0, "rotationZ": -66.6536304496, "group": "tail-squirrel", "faces": {"north": {"texture": "#tail", "uv": [60, 58.5, 57.5, 60], "autoUv": false}, "east": {"texture": "#tail", "uv": [59, 63, 59.5, 63.5], "autoUv": false}, "south": {"texture": "#tail", "uv": [57, 59, 60, 60.5], "autoUv": false}, "west": {"texture": "#tail", "uv": [51, 61.5, 52.5, 63.5], "autoUv": false}, "up": {"texture": "#tail", "uv": [57, 57.5, 61, 59], "autoUv": false}, "down": {"texture": "#tail", "uv": [62, 60, 58.5, 59], "autoUv": false}}, "children": []}, {"name": "TailFox0Fluff.019", "from": [0.9403603077, 4.7348871015, -0.8734638264], "to": [3.2531390789, 5.8001900691, 0.90671446], "rotationOrigin": [0.9403603077, 5.2675380707, 0.0166253168], "stepParentName": "b_Tail1", "rotationX": -51.9011697481, "rotationY": 45.834728916, "rotationZ": -22.2991503758, "group": "tail-squirrel", "faces": {"north": {"texture": "#tail", "uv": [49.5, 46, 47.5, 47], "autoUv": false}, "east": {"texture": "#tail", "uv": [45.5, 49.5, 46, 49.5], "autoUv": false, "rotation": 90}, "south": {"texture": "#tail", "uv": [47, 45, 49.5, 46], "autoUv": false}, "west": {"texture": "#tail", "uv": [39, 47.5, 40, 49], "autoUv": false, "rotation": 90}, "up": {"texture": "#tail", "uv": [48.5, 44, 50.5, 45], "autoUv": false}, "down": {"texture": "#tail", "uv": [49.5, 46.5, 46.5, 45.5], "autoUv": false}}, "children": []}, {"name": "TailFox0.013", "from": [3.5100214481, 1.7848200069, -0.7426242847], "to": [5.5350247592, 3.5583099119, 0.7761096266], "rotationOrigin": [3.5100214481, 2.6715641022, 0.0167426709], "stepParentName": "b_Tail1", "rotationX": -0.9002679179, "rotationY": 0.909035106, "rotationZ": 59.6071155282, "group": "tail-squirrel", "faces": {"north": {"texture": "#tail", "uv": [50, 58.5, 48, 60], "autoUv": false}, "east": {"texture": "#0", "uv": [0, 0, 4, 4], "autoUv": false}, "south": {"texture": "#tail", "uv": [48, 58.5, 50, 60], "autoUv": false}, "west": {"texture": "#tail", "uv": [38.5, 61, 40, 63], "autoUv": false}, "up": {"texture": "#tail", "uv": [48, 57.5, 49.5, 59.5], "autoUv": false}, "down": {"texture": "#tail", "uv": [50, 60, 48.5, 59.5], "autoUv": false}}, "children": []}, {"name": "TailFox0Fluff.020", "from": [3.5251963139, 3.0554162362, -0.5515929966], "to": [5.1898316496, 3.8532568735, 0.5121829792], "rotationOrigin": [3.5251963139, 3.4543361664, -0.0197050087], "stepParentName": "b_Tail1", "rotationX": -1.8395084683, "rotationY": 1.2387098744, "rotationZ": 70.1320955297, "group": "tail-squirrel", "faces": {"north": {"texture": "#tail", "uv": [45.5, 32.5, 44, 33], "autoUv": false}, "east": {"texture": "#tail", "uv": [42, 36.5, 42, 36.5], "autoUv": false, "rotation": 180}, "south": {"texture": "#tail", "uv": [44, 32, 45.5, 32.5], "autoUv": false}, "west": {"texture": "#tail", "uv": [35, 34.5, 36.5, 36], "autoUv": false, "rotation": 90}, "up": {"texture": "#tail", "uv": [44, 32.5, 45.5, 33], "autoUv": false}, "down": {"texture": "#tail", "uv": [45.5, 33.5, 43.5, 33], "autoUv": false}}, "children": []}, {"name": "TailFox0.019", "from": [4.5402698517, 2.7735755851, -0.5967001785], "to": [6.1576463542, 4.2042699926, 0.5766992085], "rotationOrigin": [4.5402698517, 3.4889221191, -0.010000485], "stepParentName": "b_Tail1", "rotationX": -1.1641120424, "rotationY": 0.5306978011, "rotationZ": 118.0905829757, "group": "tail-squirrel", "faces": {"north": {"texture": "#tail", "uv": [11.5, 29.5, 10, 30.5], "autoUv": false}, "east": {"texture": "#0", "uv": [0, 0, 4, 4], "autoUv": false}, "south": {"texture": "#tail", "uv": [10.5, 29.5, 11.5, 30.5], "autoUv": false}, "west": {"texture": "#tail", "uv": [0.5, 28.5, 1.5, 29.5], "autoUv": false, "rotation": 90}, "up": {"texture": "#tail", "uv": [10.5, 29.5, 11.5, 31], "autoUv": false}, "down": {"texture": "#tail", "uv": [11.5, 30.5, 10, 29.5], "autoUv": false}}, "children": []}, {"name": "TailFox0.022", "from": [1.6490218639, 2.5819198249, -0.6750577123], "to": [4.0591835848, 4.016921403, 0.6708940671], "rotationOrigin": [1.6490218639, 3.2994213104, -0.0020818226], "stepParentName": "b_Tail1", "rotationX": 0, "rotationY": 0, "rotationZ": -4.8187987778, "group": "tail-squirrel", "faces": {"north": {"texture": "#tail", "uv": [45, 51.5, 43, 52.5], "autoUv": false}, "east": {"texture": "#tail", "uv": [36.5, 54, 38.5, 56.5], "autoUv": false}, "south": {"texture": "#tail", "uv": [42, 52, 45, 53.5], "autoUv": false}, "west": {"texture": "#tail", "uv": [36.5, 54.5, 37.5, 56.5], "autoUv": false}, "up": {"texture": "#tail", "uv": [42, 50.5, 46.5, 52], "autoUv": false}, "down": {"texture": "#tail", "uv": [47, 53, 43.5, 52], "autoUv": false}}, "children": []}, {"name": "TailFox0.023", "from": [4.5587711334, 3.9296260457, -0.4564481952], "to": [6.6278360871, 4.86926784, 0.4179184527], "rotationOrigin": [4.5587711334, 4.3994464874, -0.0192648713], "stepParentName": "b_Tail1", "rotationX": -1.2757854219, "rotationY": 0.0955605764, "rotationZ": 153.9354567211, "group": "tail-squirrel", "faces": {"north": {"texture": "#tail", "uv": [23.5, 30, 21.5, 31], "autoUv": false}, "east": {"texture": "#0", "uv": [0, 0, 4, 4], "autoUv": false}, "south": {"texture": "#tail", "uv": [21.5, 30, 23.5, 31], "autoUv": false}, "west": {"texture": "#tail", "uv": [12.5, 28.5, 13.5, 29.5], "autoUv": false, "rotation": 90}, "up": {"texture": "#tail", "uv": [21.5, 30, 23.5, 31], "autoUv": false}, "down": {"texture": "#tail", "uv": [23.5, 30.5, 21.5, 29.5], "autoUv": false}}, "children": []}, {"name": "TailFox0Fluff.021", "from": [2.0103185177, 2.8140539522, -0.6602300271], "to": [3.7560364907, 3.6181596543, 0.6834736481], "rotationOrigin": [2.0103185177, 3.2161064148, 0.0116218105], "stepParentName": "b_Tail1", "rotationX": -64.2481949183, "rotationY": -8.3242802443, "rotationZ": 11.0508362657, "group": "tail-squirrel", "faces": {"north": {"texture": "#tail", "uv": [24, 46, 21.5, 47], "autoUv": false}, "east": {"texture": "#0", "uv": [0, 0, 4, 4], "autoUv": false}, "south": {"texture": "#tail", "uv": [21, 45, 23.5, 46], "autoUv": false}, "west": {"texture": "#tail", "uv": [13, 47.5, 14.5, 49], "autoUv": false, "rotation": 90}, "up": {"texture": "#tail", "uv": [22.5, 44, 25, 45], "autoUv": false}, "down": {"texture": "#tail", "uv": [23.5, 46.5, 21, 45.5], "autoUv": false}}, "children": []}], "groups": []}