{"textureWidth": 64, "textureHeight": 64, "textures": {"tail": "kemono:entity/kemono/tail/kemono-tail"}, "textureSizes": {"tail": [64, 64]}, "elements": [{"name": "3", "from": [2.2387910327, -2.6230823419, -2.7874891928], "to": [5.688566322, 2.6427295253, 2.7874891896], "rotationOrigin": [-0.2123931944, 0.0098266602, -1.6e-09], "stepParentName": "b_Tail1", "rotationX": 0, "rotationY": 0, "rotationZ": -9.071e-07, "group": "tail-bug2", "faces": {"north": {"texture": "#tail", "uv": [40, 26, 31, 38], "autoUv": false, "rotation": 90}, "east": {"texture": "#tail", "uv": [2, 34, 13, 44], "autoUv": false}, "south": {"texture": "#tail", "uv": [31, 26, 40, 38], "autoUv": false, "rotation": 270}, "west": {"texture": "#tail", "uv": [3, 19, 14, 28], "autoUv": false}, "up": {"texture": "#tail", "uv": [31, 26, 40, 38], "autoUv": false, "rotation": 270}, "down": {"texture": "#tail", "uv": [40, 38, 31, 26], "autoUv": false, "rotation": 270}}, "children": []}, {"name": "2", "from": [-1.1650053844, -2.6230823419, -2.7874891928], "to": [2.2475513709, 2.6427295253, 2.7874891896], "rotationOrigin": [-0.2123931944, 0.0098266602, -1.6e-09], "stepParentName": "b_Tail1", "rotationX": 0, "rotationY": 0, "rotationZ": -9.071e-07, "group": "tail-bug2", "faces": {"north": {"texture": "#tail", "uv": [40, 26, 31, 37], "autoUv": false, "rotation": 90}, "east": {"texture": "#tail", "uv": [2, 34, 13, 44], "autoUv": false}, "south": {"texture": "#tail", "uv": [31, 26, 40, 37], "autoUv": false, "rotation": 270}, "west": {"texture": "#tail", "uv": [3, 19, 14, 28], "autoUv": false}, "up": {"texture": "#tail", "uv": [31, 26, 40, 37], "autoUv": false, "rotation": 270}, "down": {"texture": "#tail", "uv": [40, 37, 31, 26], "autoUv": false, "rotation": 270}}, "children": []}, {"name": "1", "from": [-0.71698251, -1.5699188054, -1.6724935667], "to": [1.6718071879, 1.58956841, 1.6724935634], "rotationOrigin": [-0.0501539856, 0.0098266434, -1.6e-09], "stepParentName": "b_Tail0", "rotationX": 0, "rotationY": 0, "rotationZ": -1.334e-06, "group": "tail-bug2", "faces": {"north": {"texture": "#tail", "uv": [40, 26, 31, 37], "autoUv": false, "rotation": 90}, "east": {"texture": "#tail", "uv": [2, 34, 13, 44], "autoUv": false}, "south": {"texture": "#tail", "uv": [31, 26, 40, 37], "autoUv": false, "rotation": 270}, "west": {"texture": "#tail", "uv": [3, 19, 14, 28], "autoUv": false}, "up": {"texture": "#tail", "uv": [31, 26, 40, 37], "autoUv": false, "rotation": 270}, "down": {"texture": "#tail", "uv": [40, 37, 31, 26], "autoUv": false, "rotation": 270}}, "children": []}, {"name": "4", "from": [2.1260930148, -1.7015643219, -1.8118681144], "to": [4.3684471242, 1.7212136533, 1.8118681111], "rotationOrigin": [0.5328231454, 0.0098266602, -1.6e-09], "stepParentName": "b_Tail2", "rotationX": 0, "rotationY": 0, "rotationZ": -9.071e-07, "group": "tail-bug2", "faces": {"north": {"texture": "#tail", "uv": [40, 26, 31, 38], "autoUv": false, "rotation": 90}, "east": {"texture": "#tail", "uv": [2, 34, 13, 44], "autoUv": false}, "south": {"texture": "#tail", "uv": [31, 26, 40, 38], "autoUv": false, "rotation": 270}, "west": {"texture": "#tail", "uv": [3, 19, 14, 28], "autoUv": false}, "up": {"texture": "#tail", "uv": [31, 26, 40, 38], "autoUv": false, "rotation": 270}, "down": {"texture": "#tail", "uv": [40, 38, 31, 26], "autoUv": false, "rotation": 270}}, "children": []}, {"name": "4.001", "from": [4.3096562087, -0.3495654603, -0.3804923204], "to": [6.165337969, 0.369217943, 0.3804923171], "rotationOrigin": [3.9750695229, 0.0098266602, -1.6e-09], "stepParentName": "b_Tail2", "rotationX": 0, "rotationY": 0, "rotationZ": -9.071e-07, "group": "tail-bug2", "faces": {"north": {"texture": "#tail", "uv": [9, 49, 7, 61], "autoUv": false, "rotation": 90}, "east": {"texture": "#tail", "uv": [1, 59, 3, 62], "autoUv": false}, "south": {"texture": "#tail", "uv": [7, 49, 9, 61], "autoUv": false, "rotation": 270}, "west": {"texture": "#tail", "uv": [1, 56, 3, 58], "autoUv": false}, "up": {"texture": "#tail", "uv": [7, 49, 9, 61], "autoUv": false, "rotation": 270}, "down": {"texture": "#tail", "uv": [9, 61, 7, 49], "autoUv": false, "rotation": 270}}, "children": []}], "groups": []}