{"textureWidth": 64, "textureHeight": 64, "textures": {"tail": "kemono:entity/kemono/tail/kemono-tail"}, "textureSizes": {"tail": [64, 64]}, "elements": [{"name": "TailGeneric0.003", "from": [1.540012002, -1.3305772647, -2.0699710227], "to": [7.3469931766, 1.6705674751, 2.0724569835], "rotationOrigin": [1.540012002, -0.3393650055, 0.0012429804], "stepParentName": "b_Tail1", "rotationX": 0, "rotationY": 0, "rotationZ": -5.7914621119, "group": "tail-kann", "faces": {"north": {"texture": "#tail", "uv": [36, 2, 48, 10], "autoUv": false, "rotation": 180}, "east": {"texture": "#tail", "uv": [62, 12, 59, 14.2397384644], "autoUv": false}, "south": {"texture": "#tail", "uv": [36, 21, 48, 29], "autoUv": false}, "west": {"texture": "#tail", "uv": [28, 10, 36, 21], "autoUv": false, "rotation": 270}, "up": {"texture": "#tail", "uv": [36, 10, 48, 21], "autoUv": false}, "down": {"texture": "#tail", "uv": [54, 45, 42, 38], "autoUv": false}}, "children": []}, {"name": "TailGeneric0Fluff.001", "from": [5.3968639374, -1.7367137715, -1.8921311204], "to": [9.862461407, 0.386801276, 1.8815091927], "rotationOrigin": [5.3968639374, -0.6749572754, -0.0053109638], "stepParentName": "b_Tail1", "rotationX": 0, "rotationY": 0, "rotationZ": 5.6343997775, "group": "tail-kann", "faces": {"north": {"texture": "#tail", "uv": [59, 1, 50, 5], "autoUv": false}, "east": {"texture": "#tail", "uv": [60, 12, 63, 15], "autoUv": false}, "south": {"texture": "#tail", "uv": [45, 10, 54, 14], "autoUv": false}, "west": {"texture": "#tail", "uv": [3, 9, 9, 15], "autoUv": false}, "up": {"texture": "#tail", "uv": [49, 0, 58, 7], "autoUv": false}, "down": {"texture": "#tail", "uv": [55, 7, 45, 1], "autoUv": false}}, "children": []}, {"name": "TailGeneric0Fluff.009", "from": [6.9499588013, -2.1358117998, -1.4526551626], "to": [11.0026021476, -0.3395092109, 1.2383518032], "rotationOrigin": [6.9499588013, -1.2376613617, -0.1071516797], "stepParentName": "b_Tail1", "rotationX": 0, "rotationY": 0, "rotationZ": 29.4512258709, "group": "tail-kann", "faces": {"north": {"texture": "#tail", "uv": [55, 10, 45, 13], "autoUv": false}, "east": {"texture": "#tail", "uv": [60, 12, 63, 15], "autoUv": false}, "south": {"texture": "#tail", "uv": [45, 18, 55, 21], "autoUv": false}, "west": {"texture": "#tail", "uv": [3, 10, 8, 15], "autoUv": false}, "up": {"texture": "#tail", "uv": [45, 13, 55, 18], "autoUv": false}, "down": {"texture": "#tail", "uv": [45, 18, 55, 13], "autoUv": false, "rotation": 180}}, "children": []}, {"name": "TailGeneric0Fluff.010", "from": [6.0311841965, -0.7352577729, -1.5625991229], "to": [9.5678627401, 0.9596360956, 1.5571493738], "rotationOrigin": [6.0311841965, 0.1121883392, -0.0027248745], "stepParentName": "b_Tail1", "rotationX": -1.5953897166, "rotationY": 0.8719252475, "rotationZ": 24.7338891263, "group": "tail-kann", "faces": {"north": {"texture": "#tail", "uv": [46, 10, 52, 13], "autoUv": false, "rotation": 180}, "east": {"texture": "#tail", "uv": [61, 13, 63, 15], "autoUv": false, "rotation": 90}, "south": {"texture": "#tail", "uv": [46, 18, 52, 21], "autoUv": false}, "west": {"texture": "#tail", "uv": [5, 21, 10, 26], "autoUv": false, "rotation": 90}, "up": {"texture": "#tail", "uv": [46, 13, 52, 18], "autoUv": false}, "down": {"texture": "#tail", "uv": [52, 16, 44, 13], "autoUv": false}}, "children": []}, {"name": "TailGeneric0Fluff.013", "from": [1.7847554684, -0.6430511336, -1.1232417835], "to": [5.256969637, 0.7131550538, 1.4447173788], "rotationOrigin": [1.7847554684, 0.035051316, 0.1607377976], "stepParentName": "b_Tail0", "rotationX": -3.4872834947, "rotationY": 11.855036399, "rotationZ": -1.6461722798, "group": "tail-kann", "faces": {"north": {"texture": "#tail", "uv": [59, 4, 50, 8], "autoUv": false}, "east": {"texture": "#tail", "uv": [61, 13, 63, 15], "autoUv": false, "rotation": 90}, "south": {"texture": "#tail", "uv": [49, 4, 58, 8], "autoUv": false}, "west": {"texture": "#tail", "uv": [7, 7, 12, 12], "autoUv": false, "rotation": 90}, "up": {"texture": "#tail", "uv": [49, 3, 58, 9], "autoUv": false}, "down": {"texture": "#tail", "uv": [58, 9, 47, 5], "autoUv": false}}, "children": []}, {"name": "TailGeneric0.004", "from": [-0.6045758128, -1.5258728845, -1.1717910348], "to": [3.7584340223, 0.6919589327, 1.1709396589], "rotationOrigin": [-0.6045758128, -0.4169559479, -0.000425688], "stepParentName": "b_Tail0", "rotationX": 0.0438188652, "rotationY": -0.0500598938, "rotationZ": -3.1646725293, "group": "tail-kann", "faces": {"north": {"texture": "#tail", "uv": [40, 24, 34, 30], "autoUv": false}, "east": {"texture": "#tail", "uv": [6, 28, 11, 34], "autoUv": false}, "south": {"texture": "#tail", "uv": [34, 24, 40, 30], "autoUv": false}, "west": {"texture": "#tail", "uv": [34, 24, 40, 30], "autoUv": false}, "up": {"texture": "#tail", "uv": [34, 24, 40, 30], "autoUv": false}, "down": {"texture": "#tail", "uv": [40, 30, 34, 24], "autoUv": false}}, "children": []}, {"name": "TailGeneric0.005", "from": [-1.2908388376, -1.0897487847, -1.5777098962], "to": [3.7829192961, 1.0643795529, 1.5776022278], "rotationOrigin": [-1.2908388376, -0.5038490295, -5.38342e-05], "stepParentName": "b_Tail1", "rotationX": 0, "rotationY": 0, "rotationZ": 0.5917861059, "group": "tail-kann", "faces": {"north": {"texture": "#tail", "uv": [40, 2, 26, 11], "autoUv": false}, "east": {"texture": "#tail", "uv": [2, 27, 9, 31.8076171875], "autoUv": false}, "south": {"texture": "#tail", "uv": [26, 20, 40, 29], "autoUv": false}, "west": {"texture": "#tail", "uv": [20, 11, 26, 20], "autoUv": false, "rotation": 270}, "up": {"texture": "#tail", "uv": [26, 11, 40, 20], "autoUv": false}, "down": {"texture": "#tail", "uv": [47, 42, 33, 35], "autoUv": false}}, "children": []}, {"name": "TailGeneric0Fluff.014", "from": [-0.162081629, -0.6047810785, -1.0664626911], "to": [2.6357312113, 0.9736486094, 0.7323870614], "rotationOrigin": [-0.162081629, 0.1844329834, -0.1670378149], "stepParentName": "b_Tail1", "rotationX": -10.3273638458, "rotationY": -3.9739701181, "rotationZ": 22.4743361903, "group": "tail-kann", "faces": {"north": {"texture": "#tail", "uv": [53, 13, 43, 17], "autoUv": false}, "east": {"texture": "#tail", "uv": [61, 13, 63, 15], "autoUv": false, "rotation": 90}, "south": {"texture": "#tail", "uv": [43, 10, 53, 14], "autoUv": false}, "west": {"texture": "#tail", "uv": [7, 7, 12, 12], "autoUv": false, "rotation": 90}, "up": {"texture": "#tail", "uv": [43, 9, 52, 14], "autoUv": false}, "down": {"texture": "#tail", "uv": [53, 16, 40, 12], "autoUv": false}}, "children": []}, {"name": "TailGeneric0Fluff.015", "from": [-0.4562955201, -1.4988999983, -1.059012714], "to": [2.4877120965, 0.2447513211, 1.1000013269], "rotationOrigin": [-0.4562955201, -0.6270751953, 0.0204943065], "stepParentName": "b_Tail0", "rotationX": 6.7825421972, "rotationY": -2.3508081052, "rotationZ": 21.1249623103, "group": "tail-kann", "faces": {"north": {"texture": "#tail", "uv": [58, 3, 48, 8], "autoUv": false}, "east": {"texture": "#tail", "uv": [61, 13, 63, 15], "autoUv": false, "rotation": 90}, "south": {"texture": "#tail", "uv": [49, 4, 59, 8], "autoUv": false}, "west": {"texture": "#tail", "uv": [7, 7, 12, 12], "autoUv": false, "rotation": 90}, "up": {"texture": "#tail", "uv": [48, 3, 58, 7], "autoUv": false}, "down": {"texture": "#tail", "uv": [58, 8, 48, 3], "autoUv": false}}, "children": []}, {"name": "TailGeneric0.006", "from": [1.540012002, -2.3492936, -2.0699710227], "to": [7.3469931766, -1.3461612319, 2.0724569835], "rotationOrigin": [1.540012002, -0.3393650055, 0.0012429804], "stepParentName": "b_Tail1", "rotationX": 0, "rotationY": 0, "rotationZ": -5.7914621119, "group": "tail-kann", "faces": {"north": {"texture": "#tail", "uv": [31, 32, 20, 34], "autoUv": false}, "east": {"texture": "#tail", "uv": [61.9999961853, 14.2513656616, 59, 15.0000038147], "autoUv": false}, "south": {"texture": "#tail", "uv": [20, 32, 31, 34], "autoUv": false}, "west": {"texture": "#tail", "uv": [18, 44, 27, 46], "autoUv": false}, "up": {"texture": "#tail", "uv": [36, 12, 48, 19], "autoUv": false}, "down": {"texture": "#tail", "uv": [43, 54, 34, 42], "autoUv": false, "rotation": 270}}, "children": []}, {"name": "TailGeneric0.007", "from": [-1.2908388376, -2.0720806567, -1.5777098962], "to": [3.7829192961, -1.0608821717, 1.5776022278], "rotationOrigin": [-1.2908388376, -0.5038490295, -5.38342e-05], "stepParentName": "b_Tail1", "rotationX": 0, "rotationY": 0, "rotationZ": 0.5917861059, "group": "tail-kann", "faces": {"north": {"texture": "#tail", "uv": [31, 32, 20, 34], "autoUv": false}, "east": {"texture": "#tail", "uv": [18, 44, 27, 46], "autoUv": false}, "south": {"texture": "#tail", "uv": [20, 32, 31, 34], "autoUv": false}, "west": {"texture": "#tail", "uv": [37, 50, 44, 52], "autoUv": false}, "up": {"texture": "#tail", "uv": [25, 12, 39, 19], "autoUv": false}, "down": {"texture": "#tail", "uv": [45, 42, 31, 35], "autoUv": false}}, "children": []}, {"name": "TailGeneric0.008", "from": [2.4506652222, -1.171635144, -0.8337948564], "to": [5.8324227819, 0.448505063, 1.6967000579], "rotationOrigin": [-1.7015032768, -1.199262619, 0.4314526618], "stepParentName": "b_Tail2", "rotationX": -0.8693382066, "rotationY": 5.1399124377, "rotationZ": 9.6132300021, "group": "tail-kann", "faces": {"north": {"texture": "#tail", "uv": [44.5420074463, 4.7155418396, 51.4990959167, 9.0149536133], "autoUv": false, "rotation": 180}, "east": {"texture": "#tail", "uv": [61.4122085571, 12.2757797241, 59.5877876282, 13.4794769287], "autoUv": false}, "south": {"texture": "#tail", "uv": [44.5420074463, 21.985042572, 51.4991035461, 26.2844619751], "autoUv": false}, "west": {"texture": "#tail", "uv": [30.7155418396, 12.1552200317, 35.0149612427, 18.8447799683], "autoUv": false, "rotation": 270}, "up": {"texture": "#tail", "uv": [44.5420074463, 12.1552200317, 51.4990959167, 18.8447799683], "autoUv": false}, "down": {"texture": "#tail", "uv": [57.4991035461, 43.62849617, 50.5420074463, 39.3715057373], "autoUv": false}}, "children": []}, {"name": "TailGeneric0Fluff.016", "from": [9.343372345, -1.7016418442, -1.5663979961], "to": [13.3960148507, 0.0946603721, 1.300610335], "rotationOrigin": [9.343372345, -0.8034915924, -0.1328938305], "stepParentName": "b_Tail1", "rotationX": 0, "rotationY": 0, "rotationZ": 48.766362221, "group": "tail-kann", "faces": {"north": {"texture": "#tail", "uv": [54, 40, 44, 43], "autoUv": false}, "east": {"texture": "#tail", "uv": [60, 12, 63, 15], "autoUv": false}, "south": {"texture": "#tail", "uv": [44, 48, 54, 51], "autoUv": false}, "west": {"texture": "#tail", "uv": [3, 10, 8, 15], "autoUv": false}, "up": {"texture": "#tail", "uv": [44, 43, 54, 48], "autoUv": false}, "down": {"texture": "#tail", "uv": [44, 48, 54, 43], "autoUv": false, "rotation": 180}}, "children": []}, {"name": "TailGeneric0Fluff.017", "from": [9.0855014328, -1.0861387194, -1.6201667912], "to": [12.119428205, 0.5851849176, 1.3543791301], "rotationOrigin": [8.0667848587, -0.1879882812, -0.1328938305], "stepParentName": "b_Tail1", "rotationX": 0, "rotationY": 0, "rotationZ": 38.4396352903, "group": "tail-kann", "faces": {"north": {"texture": "#tail", "uv": [52.6850204468, 40.2087268829, 45.6850204468, 43], "autoUv": false}, "east": {"texture": "#tail", "uv": [59.6850204468, 12.2087287903, 62.6850204468, 15], "autoUv": false}, "south": {"texture": "#tail", "uv": [45.6850204468, 48.2087268829, 52.6850204468, 51], "autoUv": false}, "west": {"texture": "#tail", "uv": [1.6850197315, 10.3478813171, 6.6850199699, 15], "autoUv": false}, "up": {"texture": "#tail", "uv": [45.6850204468, 43, 52.6850204468, 48], "autoUv": false}, "down": {"texture": "#tail", "uv": [45.6850204468, 48, 52.6850204468, 43], "autoUv": false, "rotation": 180}}, "children": []}, {"name": "TailGeneric0Fluff.011", "from": [9.2820987701, -2.3674542453, -1.3957418367], "to": [12.8522813728, -0.7849986221, 1.1299541756], "rotationOrigin": [9.2820987701, -1.5762271881, -0.1328938305], "stepParentName": "b_Tail1", "rotationX": 0, "rotationY": 0, "rotationZ": 35.7546503615, "group": "tail-kann", "faces": {"north": {"texture": "#tail", "uv": [54, 40, 44, 43], "autoUv": false}, "east": {"texture": "#tail", "uv": [60, 12, 63, 15], "autoUv": false}, "south": {"texture": "#tail", "uv": [44, 48, 54, 51], "autoUv": false}, "west": {"texture": "#tail", "uv": [3, 10, 8, 15], "autoUv": false}, "up": {"texture": "#tail", "uv": [44, 43, 54, 48], "autoUv": false}, "down": {"texture": "#tail", "uv": [44, 48, 54, 43], "autoUv": false, "rotation": 180}}, "children": []}, {"name": "TailGeneric0.010", "from": [6.6782747121, -3.0862125585, -1.6209255006], "to": [9.6493164625, -1.8363659104, 1.6234114613], "rotationOrigin": [5.9014816284, -1.7890014648, 0.0012429804], "stepParentName": "b_Tail1", "rotationX": 0, "rotationY": 0, "rotationZ": 12.7949634901, "group": "tail-kann", "faces": {"north": {"texture": "#tail", "uv": [30.9999980927, 30.1390113831, 22.2799091339, 34], "autoUv": false}, "east": {"texture": "#tail", "uv": [62, 13.5547637939, 59, 15.0000038147], "autoUv": false}, "south": {"texture": "#tail", "uv": [22.2799072266, 30.1390113831, 31, 34], "autoUv": false}, "west": {"texture": "#tail", "uv": [18, 42.1390113831, 27, 46], "autoUv": false}, "up": {"texture": "#tail", "uv": [38.4871749878, 12, 48, 19], "autoUv": false}, "down": {"texture": "#tail", "uv": [11.2519798279, 47.9480323792, 2.2519798279, 38.4352054596], "autoUv": false, "rotation": 270}}, "children": []}], "groups": []}