{"textureWidth": 64, "textureHeight": 64, "textures": {"tail": "kemono:entity/kemono/tail/kemono-tail"}, "textureSizes": {"tail": [64, 64]}, "elements": [{"name": "TailFox1.005", "from": [1.2690521479, -2.7106087334, -1.5538417112], "to": [5.9416402576, 0.9029988539, 1.5406836431], "rotationOrigin": [1.2690521479, -0.9038066864, -0.006579034], "stepParentName": "b_Tail2", "rotationX": 0, "rotationY": 0, "rotationZ": 45.4424813972, "group": "tail-curly", "faces": {"north": {"texture": "#tail", "uv": [53, 9, 44, 16], "autoUv": false}, "east": {"texture": "#tail", "uv": [63, 10, 57, 18], "autoUv": false}, "south": {"texture": "#tail", "uv": [44, 9, 53, 16], "autoUv": false}, "west": {"texture": "#tail", "uv": [3, 20, 10, 30], "autoUv": false}, "up": {"texture": "#tail", "uv": [44, 5, 50, 12], "autoUv": false}, "down": {"texture": "#tail", "uv": [53, 16, 46, 12], "autoUv": false}}, "children": []}, {"name": "TailFox1Fluff.004", "from": [2.3417031765, 0.4845403172, -1.1390358838], "to": [5.7335129961, 2.1101954576, 1.0284804958], "rotationOrigin": [2.3417031765, 1.2973670959, -0.055277694], "stepParentName": "b_Tail2", "rotationX": -0.8297952533, "rotationY": 0.5495514711, "rotationZ": 55.9538351714, "group": "tail-curly", "faces": {"north": {"texture": "#tail", "uv": [52, 11, 46, 14], "autoUv": false}, "east": {"texture": "#tail", "uv": [61, 13, 63, 15], "autoUv": false, "rotation": 90}, "south": {"texture": "#tail", "uv": [46, 9, 52, 12], "autoUv": false}, "west": {"texture": "#tail", "uv": [7, 22, 12, 27], "autoUv": false, "rotation": 90}, "up": {"texture": "#tail", "uv": [46, 11, 52, 14], "autoUv": false}, "down": {"texture": "#tail", "uv": [52, 16, 44, 13], "autoUv": false}}, "children": []}, {"name": "TailFox1.006", "from": [0.200074017, 6.0682012038, -0.5550338107], "to": [1.7161652476, 7.4093009673, 0.5448835569], "rotationOrigin": [0.200074017, 6.7387504578, -0.0050751269], "stepParentName": "b_Tail2", "rotationX": 0, "rotationY": 0, "rotationZ": -110.1462601785, "group": "tail-curly", "faces": {"north": {"texture": "#tail", "uv": [54, 41, 48, 46], "autoUv": false}, "east": {"texture": "#tail", "uv": [61, 43, 63, 45], "autoUv": false, "rotation": 90}, "south": {"texture": "#tail", "uv": [49, 41, 54, 46], "autoUv": false}, "west": {"texture": "#tail", "uv": [7, 37, 12, 42], "autoUv": false, "rotation": 90}, "up": {"texture": "#tail", "uv": [49, 42, 54, 47], "autoUv": false}, "down": {"texture": "#tail", "uv": [54, 46, 48, 41], "autoUv": false}}, "children": []}, {"name": "TailFox1Fluff.005", "from": [-0.5232676864, -0.9619693756, -1.2943128049], "to": [3.0113974214, 0.8545302153, 0.4243883193], "rotationOrigin": [-0.5232676864, -0.0537204742, -0.4349622428], "stepParentName": "b_Tail1", "rotationX": -9.1561656956, "rotationY": 6.3746074415, "rotationZ": 23.9998469886, "group": "tail-curly", "faces": {"north": {"texture": "#tail", "uv": [54, 13, 44, 17], "autoUv": false}, "east": {"texture": "#tail", "uv": [61, 13, 63, 15], "autoUv": false, "rotation": 90}, "south": {"texture": "#tail", "uv": [42, 9, 52, 13], "autoUv": false}, "west": {"texture": "#tail", "uv": [7, 22, 12, 27], "autoUv": false, "rotation": 90}, "up": {"texture": "#tail", "uv": [48, 6, 58, 10], "autoUv": false}, "down": {"texture": "#tail", "uv": [52, 16, 40, 12], "autoUv": false}}, "children": []}, {"name": "TailFox1.007", "from": [-1.2311812639, -1.1474447334, -1.222442867], "to": [3.3874839544, 1.1670958912, 1.2224428637], "rotationOrigin": [-1.2311812639, 0.0098266518, -1.6e-09], "stepParentName": "b_Tail0", "rotationX": 0, "rotationY": 0, "rotationZ": -1.334e-06, "group": "tail-curly", "faces": {"north": {"texture": "#tail", "uv": [32, 10, 20, 15], "autoUv": false}, "east": {"texture": "#tail", "uv": [6, 21, 11, 27], "autoUv": false}, "south": {"texture": "#tail", "uv": [20, 10, 32, 15], "autoUv": false}, "west": {"texture": "#tail", "uv": [3, 25, 8, 30], "autoUv": false}, "up": {"texture": "#tail", "uv": [24, 6, 37, 11], "autoUv": false}, "down": {"texture": "#tail", "uv": [35, 15, 23, 8], "autoUv": false}}, "children": []}, {"name": "TailFox1.008", "from": [-0.3087624609, -1.5866110325, -1.4973683374], "to": [5.0538369119, 1.6062612534, 1.4973683341], "rotationOrigin": [-0.3087624609, 0.0098266602, -1.6e-09], "stepParentName": "b_Tail1", "rotationX": 0, "rotationY": 0, "rotationZ": -9.071e-07, "group": "tail-curly", "faces": {"north": {"texture": "#tail", "uv": [41, 8, 31, 13], "autoUv": false}, "east": {"texture": "#tail", "uv": [4, 19, 13, 30], "autoUv": false}, "south": {"texture": "#tail", "uv": [28, 10, 41, 16], "autoUv": false}, "west": {"texture": "#tail", "uv": [3, 22, 9, 30], "autoUv": false}, "up": {"texture": "#tail", "uv": [28, 4, 47, 10], "autoUv": false}, "down": {"texture": "#tail", "uv": [50, 15, 35, 9], "autoUv": false}}, "children": []}, {"name": "TailFox1Fluff.006", "from": [-0.0183985345, -0.803787902, -0.8406259567], "to": [3.4582893737, 1.0663171858, 0.7908182591], "rotationOrigin": [-0.0183985345, 0.131263718, -0.0249038488], "stepParentName": "b_Tail0", "rotationX": -3.8515176329, "rotationY": -5.4729089192, "rotationZ": 7.574651615, "group": "tail-curly", "faces": {"north": {"texture": "#tail", "uv": [53, 12, 43, 16], "autoUv": false}, "east": {"texture": "#tail", "uv": [61, 13, 63, 15], "autoUv": false, "rotation": 90}, "south": {"texture": "#tail", "uv": [43, 10, 53, 14], "autoUv": false}, "west": {"texture": "#tail", "uv": [7, 22, 12, 27], "autoUv": false, "rotation": 90}, "up": {"texture": "#tail", "uv": [43, 9, 53, 13], "autoUv": false}, "down": {"texture": "#tail", "uv": [53, 16, 40, 12], "autoUv": false}}, "children": []}, {"name": "TailFox1.009", "from": [-0.5249111652, 5.1849121389, -0.414880634], "to": [1.414582346, 6.0657105106, 0.4047303802], "rotationOrigin": [-0.5249111652, 5.6253108978, -0.0050751269], "stepParentName": "b_Tail2", "rotationX": 0, "rotationY": 0, "rotationZ": -32.5438638101, "group": "tail-curly", "faces": {"north": {"texture": "#tail", "uv": [54, 43, 46, 47], "autoUv": false}, "east": {"texture": "#tail", "uv": [61, 43, 63, 45], "autoUv": false, "rotation": 90}, "south": {"texture": "#tail", "uv": [46, 43, 54, 47], "autoUv": false}, "west": {"texture": "#tail", "uv": [7, 37, 12, 42], "autoUv": false, "rotation": 90}, "up": {"texture": "#tail", "uv": [46, 43, 54, 47], "autoUv": false}, "down": {"texture": "#tail", "uv": [54, 45, 46, 41], "autoUv": false}}, "children": []}, {"name": "TailFox1Fluff.007", "from": [1.0210289955, -2.164405299, -1.3476020143], "to": [4.5780500655, -0.5259846586, 1.3902871318], "rotationOrigin": [1.0210289955, -1.3451957703, 0.0213425588], "stepParentName": "b_Tail2", "rotationX": -46.8379778371, "rotationY": -51.0645262163, "rotationZ": 43.1660305733, "group": "tail-curly", "faces": {"north": {"texture": "#tail", "uv": [54, 13, 44, 17], "autoUv": false}, "east": {"texture": "#tail", "uv": [61, 13, 63, 15], "autoUv": false, "rotation": 90}, "south": {"texture": "#tail", "uv": [42, 9, 52, 13], "autoUv": false}, "west": {"texture": "#tail", "uv": [7, 22, 12, 27], "autoUv": false, "rotation": 90}, "up": {"texture": "#tail", "uv": [48, 6, 58, 10], "autoUv": false}, "down": {"texture": "#tail", "uv": [52, 16, 40, 12], "autoUv": false}}, "children": []}, {"name": "TailFox1.010", "from": [5.2933878899, 1.7774569862, -1.5538417112], "to": [9.9659759996, 5.3910645735, 1.5406836431], "rotationOrigin": [5.2933878899, 3.5842590332, -0.006579034], "stepParentName": "b_Tail2", "rotationX": 0, "rotationY": 0, "rotationZ": 105.442486482, "group": "tail-curly", "faces": {"north": {"texture": "#tail", "uv": [53, 9, 44, 16], "autoUv": false}, "east": {"texture": "#tail", "uv": [63, 10, 57, 18], "autoUv": false}, "south": {"texture": "#tail", "uv": [44, 9, 53, 16], "autoUv": false}, "west": {"texture": "#tail", "uv": [3, 20, 10, 30], "autoUv": false}, "up": {"texture": "#tail", "uv": [44, 5, 50, 12], "autoUv": false}, "down": {"texture": "#tail", "uv": [53, 16, 46, 12], "autoUv": false}}, "children": []}, {"name": "TailFox1Fluff.008", "from": [3.9234406948, 4.8009617731, -1.1390357241], "to": [7.3152502936, 6.4266170193, 1.0284803734], "rotationOrigin": [3.9234406948, 5.6137886047, -0.0552776754], "stepParentName": "b_Tail2", "rotationX": -0.8908448715, "rotationY": -0.4437985049, "rotationZ": 115.9464226707, "group": "tail-curly", "faces": {"north": {"texture": "#tail", "uv": [52, 11, 46, 14], "autoUv": false}, "east": {"texture": "#tail", "uv": [61, 13, 63, 15], "autoUv": false, "rotation": 90}, "south": {"texture": "#tail", "uv": [46, 9, 52, 12], "autoUv": false}, "west": {"texture": "#tail", "uv": [7, 22, 12, 27], "autoUv": false, "rotation": 90}, "up": {"texture": "#tail", "uv": [46, 11, 52, 14], "autoUv": false}, "down": {"texture": "#tail", "uv": [52, 16, 44, 13], "autoUv": false}}, "children": []}, {"name": "TailFox1Fluff.009", "from": [3.6245789528, -0.2780529245, -1.1918630566], "to": [6.8614956018, 1.3854306607, 0.382060286], "rotationOrigin": [3.6245789528, 0.5536880493, -0.4049013853], "stepParentName": "b_Tail2", "rotationX": -9.643167575, "rotationY": -5.6063443486, "rotationZ": 88.4581214503, "group": "tail-curly", "faces": {"north": {"texture": "#tail", "uv": [54, 13, 44, 17], "autoUv": false}, "east": {"texture": "#tail", "uv": [61, 13, 63, 15], "autoUv": false, "rotation": 90}, "south": {"texture": "#tail", "uv": [42, 9, 52, 13], "autoUv": false}, "west": {"texture": "#tail", "uv": [7, 22, 12, 27], "autoUv": false, "rotation": 90}, "up": {"texture": "#tail", "uv": [48, 6, 58, 10], "autoUv": false}, "down": {"texture": "#tail", "uv": [52, 16, 40, 12], "autoUv": false}}, "children": []}, {"name": "TailFox1.011", "from": [3.6532883644, -0.7054186856, -1.377813941], "to": [8.5641598425, 2.2184964442, 1.3646558729], "rotationOrigin": [3.6532883644, 0.7565402985, -0.006579034], "stepParentName": "b_Tail2", "rotationX": 0, "rotationY": 0, "rotationZ": 65.442467155, "group": "tail-curly", "faces": {"north": {"texture": "#tail", "uv": [41, 8, 31, 13], "autoUv": false}, "east": {"texture": "#tail", "uv": [4, 19, 13, 30], "autoUv": false}, "south": {"texture": "#tail", "uv": [28, 10, 41, 16], "autoUv": false}, "west": {"texture": "#tail", "uv": [3, 22, 9, 30], "autoUv": false}, "up": {"texture": "#tail", "uv": [28, 4, 47, 10], "autoUv": false}, "down": {"texture": "#tail", "uv": [50, 15, 35, 9], "autoUv": false}}, "children": []}, {"name": "TailFox1Fluff.010", "from": [5.551630497, 2.3295617572, -1.3476018336], "to": [9.1086517985, 3.9679823977, 1.3902873125], "rotationOrigin": [5.551630497, 3.148771286, 0.0213427395], "stepParentName": "b_Tail2", "rotationX": 45.9529902264, "rotationY": -51.8053353639, "rotationZ": 149.8139156702, "group": "tail-curly", "faces": {"north": {"texture": "#tail", "uv": [54, 13, 44, 17], "autoUv": false}, "east": {"texture": "#tail", "uv": [61, 13, 63, 15], "autoUv": false, "rotation": 90}, "south": {"texture": "#tail", "uv": [42, 9, 52, 13], "autoUv": false}, "west": {"texture": "#tail", "uv": [7, 22, 12, 27], "autoUv": false, "rotation": 90}, "up": {"texture": "#tail", "uv": [48, 6, 58, 10], "autoUv": false}, "down": {"texture": "#tail", "uv": [52, 16, 40, 12], "autoUv": false}}, "children": []}, {"name": "TailFox1.012", "from": [5.2517066002, 1.8224278765, -1.4848492984], "to": [9.7040106528, 5.2656758855, 1.4637880419], "rotationOrigin": [5.2517066002, 3.5440502167, -0.0105306283], "stepParentName": "b_Tail2", "rotationX": 0, "rotationY": 0, "rotationZ": 105.442486482, "group": "tail-curly", "faces": {"north": {"texture": "#tail", "uv": [53, 9, 44, 16], "autoUv": false}, "east": {"texture": "#tail", "uv": [63, 10, 57, 18], "autoUv": false}, "south": {"texture": "#tail", "uv": [44, 9, 53, 16], "autoUv": false}, "west": {"texture": "#tail", "uv": [3, 20, 10, 30], "autoUv": false}, "up": {"texture": "#tail", "uv": [44, 5, 50, 12], "autoUv": false}, "down": {"texture": "#tail", "uv": [53, 16, 46, 12], "autoUv": false}}, "children": []}, {"name": "TailFox1Fluff.011", "from": [3.9463441372, 4.7033963642, -1.0895990196], "to": [7.1782512332, 6.2524118763, 0.9757321838], "rotationOrigin": [3.9463441372, 5.4779033661, -0.0569334179], "stepParentName": "b_Tail2", "rotationX": -0.8908449249, "rotationY": -0.443798585, "rotationZ": 115.9464226707, "group": "tail-curly", "faces": {"north": {"texture": "#tail", "uv": [52, 11, 46, 14], "autoUv": false}, "east": {"texture": "#tail", "uv": [61, 13, 63, 15], "autoUv": false, "rotation": 90}, "south": {"texture": "#tail", "uv": [46, 9, 52, 12], "autoUv": false}, "west": {"texture": "#tail", "uv": [7, 22, 12, 27], "autoUv": false, "rotation": 90}, "up": {"texture": "#tail", "uv": [46, 11, 52, 14], "autoUv": false}, "down": {"texture": "#tail", "uv": [52, 16, 44, 13], "autoUv": false}}, "children": []}, {"name": "TailFox1Fluff.012", "from": [3.6615710258, -0.1361764583, -1.1399358047], "to": [6.7458869995, 1.4488840122, 0.3597866429], "rotationOrigin": [3.6615710258, 0.6563529968, -0.3900745809], "stepParentName": "b_Tail2", "rotationX": -9.6431667212, "rotationY": -5.6063434948, "rotationZ": 88.4580941295, "group": "tail-curly", "faces": {"north": {"texture": "#tail", "uv": [54, 13, 44, 17], "autoUv": false}, "east": {"texture": "#tail", "uv": [61, 13, 63, 15], "autoUv": false, "rotation": 90}, "south": {"texture": "#tail", "uv": [42, 9, 52, 13], "autoUv": false}, "west": {"texture": "#tail", "uv": [7, 22, 12, 27], "autoUv": false, "rotation": 90}, "up": {"texture": "#tail", "uv": [48, 6, 58, 10], "autoUv": false}, "down": {"texture": "#tail", "uv": [52, 16, 40, 12], "autoUv": false}}, "children": []}, {"name": "TailFox1.013", "from": [3.6889271736, -0.5433930094, -1.3171201649], "to": [8.368281625, 2.2426777194, 1.2960589084], "rotationOrigin": [3.6889271736, 0.8496437073, -0.0105306283], "stepParentName": "b_Tail2", "rotationX": 0, "rotationY": 0, "rotationZ": 65.4424739852, "group": "tail-curly", "faces": {"north": {"texture": "#tail", "uv": [41, 8, 31, 13], "autoUv": false}, "east": {"texture": "#tail", "uv": [4, 19, 13, 30], "autoUv": false}, "south": {"texture": "#tail", "uv": [28, 10, 41, 16], "autoUv": false}, "west": {"texture": "#tail", "uv": [3, 22, 9, 30], "autoUv": false}, "up": {"texture": "#tail", "uv": [28, 4, 47, 10], "autoUv": false}, "down": {"texture": "#tail", "uv": [50, 15, 35, 9], "autoUv": false}}, "children": []}, {"name": "TailFox1Fluff.013", "from": [5.497774601, 2.3485062862, -1.2883324796], "to": [8.8871035815, 3.9096853771, 1.3204818765], "rotationOrigin": [5.497774601, 3.1290950775, 0.0160746984], "stepParentName": "b_Tail2", "rotationX": 45.9529970566, "rotationY": -51.805338779, "rotationZ": 149.8139156702, "group": "tail-curly", "faces": {"north": {"texture": "#tail", "uv": [54, 13, 44, 17], "autoUv": false}, "east": {"texture": "#tail", "uv": [61, 13, 63, 15], "autoUv": false, "rotation": 90}, "south": {"texture": "#tail", "uv": [42, 9, 52, 13], "autoUv": false}, "west": {"texture": "#tail", "uv": [7, 22, 12, 27], "autoUv": false, "rotation": 90}, "up": {"texture": "#tail", "uv": [48, 6, 58, 10], "autoUv": false}, "down": {"texture": "#tail", "uv": [52, 16, 40, 12], "autoUv": false}}, "children": []}, {"name": "TailFox1.014", "from": [4.0904216766, 6.9481860963, -1.3454043634], "to": [8.0974956585, 10.0471095631, 1.3083694644], "rotationOrigin": [4.0904216766, 8.4976463318, -0.0185174495], "stepParentName": "b_Tail2", "rotationX": 0, "rotationY": 0, "rotationZ": 160.3351254073, "group": "tail-curly", "faces": {"north": {"texture": "#tail", "uv": [53, 9, 44, 16], "autoUv": false}, "east": {"texture": "#tail", "uv": [63, 10, 57, 18], "autoUv": false}, "south": {"texture": "#tail", "uv": [44, 9, 53, 16], "autoUv": false}, "west": {"texture": "#tail", "uv": [3, 20, 10, 30], "autoUv": false}, "up": {"texture": "#tail", "uv": [44, 5, 50, 12], "autoUv": false}, "down": {"texture": "#tail", "uv": [53, 16, 46, 12], "autoUv": false}}, "children": []}, {"name": "TailFox1Fluff.014", "from": [2.3998506069, 7.6312613299, -0.9896790281], "to": [5.3085670595, 9.025375312, 0.8691190973], "rotationOrigin": [2.3998506069, 8.3283176422, -0.0602799654], "stepParentName": "b_Tail2", "rotationX": -0.0557111583, "rotationY": -0.9937018108, "rotationZ": 176.2579765891, "group": "tail-curly", "faces": {"north": {"texture": "#tail", "uv": [52, 11, 46, 14], "autoUv": false}, "east": {"texture": "#tail", "uv": [61, 13, 63, 15], "autoUv": false, "rotation": 90}, "south": {"texture": "#tail", "uv": [46, 9, 52, 12], "autoUv": false}, "west": {"texture": "#tail", "uv": [7, 22, 12, 27], "autoUv": false, "rotation": 90}, "up": {"texture": "#tail", "uv": [46, 11, 52, 14], "autoUv": false}, "down": {"texture": "#tail", "uv": [52, 16, 44, 13], "autoUv": false}}, "children": []}, {"name": "TailFox1Fluff.015", "from": [5.393488884, 5.1189377322, -1.0349821326], "to": [8.1693733234, 6.545492383, 0.314768183], "rotationOrigin": [5.393488884, 5.8322143555, -0.3601069748], "stepParentName": "b_Tail2", "rotationX": -0.9317158164, "rotationY": -11.1025612883, "rotationZ": 143.733462705, "group": "tail-curly", "faces": {"north": {"texture": "#tail", "uv": [54, 13, 44, 17], "autoUv": false}, "east": {"texture": "#tail", "uv": [61, 13, 63, 15], "autoUv": false, "rotation": 90}, "south": {"texture": "#tail", "uv": [42, 9, 52, 13], "autoUv": false}, "west": {"texture": "#tail", "uv": [7, 22, 12, 27], "autoUv": false, "rotation": 90}, "up": {"texture": "#tail", "uv": [48, 6, 58, 10], "autoUv": false}, "down": {"texture": "#tail", "uv": [52, 16, 40, 12], "autoUv": false}}, "children": []}, {"name": "TailFox1.015", "from": [5.2653341293, 4.6986671339, -1.1944481307], "to": [9.4767532314, 7.206130847, 1.1574132317], "rotationOrigin": [5.2653341293, 5.9524002075, -0.0185174495], "stepParentName": "b_Tail2", "rotationX": 0, "rotationY": 0, "rotationZ": 120.3351470615, "group": "tail-curly", "faces": {"north": {"texture": "#tail", "uv": [41, 8, 31, 13], "autoUv": false}, "east": {"texture": "#tail", "uv": [4, 19, 13, 30], "autoUv": false}, "south": {"texture": "#tail", "uv": [28, 10, 41, 16], "autoUv": false}, "west": {"texture": "#tail", "uv": [3, 22, 9, 30], "autoUv": false}, "up": {"texture": "#tail", "uv": [28, 4, 47, 10], "autoUv": false}, "down": {"texture": "#tail", "uv": [50, 15, 35, 9], "autoUv": false}}, "children": []}, {"name": "TailFox1Fluff.016", "from": [4.5233049393, 7.7615088247, -1.1685391522], "to": [7.5737015079, 9.1665702305, 1.1793941425], "rotationOrigin": [4.5233049393, 8.4640388489, 0.0054274951], "stepParentName": "b_Tail2", "rotationX": 64.4317357617, "rotationY": -5.0716545154, "rotationZ": -175.366008525, "group": "tail-curly", "faces": {"north": {"texture": "#tail", "uv": [54, 13, 44, 17], "autoUv": false}, "east": {"texture": "#tail", "uv": [61, 13, 63, 15], "autoUv": false, "rotation": 90}, "south": {"texture": "#tail", "uv": [42, 9, 52, 13], "autoUv": false}, "west": {"texture": "#tail", "uv": [7, 22, 12, 27], "autoUv": false, "rotation": 90}, "up": {"texture": "#tail", "uv": [48, 6, 58, 10], "autoUv": false}, "down": {"texture": "#tail", "uv": [52, 16, 40, 12], "autoUv": false}}, "children": []}, {"name": "TailFox1.016", "from": [0.0006779749, 8.1074870949, -1.2203426932], "to": [3.6071567205, 10.8966049569, 1.1681280335], "rotationOrigin": [0.0006779749, 9.5020446777, -0.0261073299], "stepParentName": "b_Tail2", "rotationX": 0, "rotationY": 0, "rotationZ": -145.1782799409, "group": "tail-curly", "faces": {"north": {"texture": "#tail", "uv": [53, 9, 44, 16], "autoUv": false}, "east": {"texture": "#tail", "uv": [63, 10, 57, 18], "autoUv": false}, "south": {"texture": "#tail", "uv": [44, 9, 53, 16], "autoUv": false}, "west": {"texture": "#tail", "uv": [3, 20, 10, 30], "autoUv": false}, "up": {"texture": "#tail", "uv": [44, 5, 50, 12], "autoUv": false}, "down": {"texture": "#tail", "uv": [53, 16, 46, 12], "autoUv": false}}, "children": []}, {"name": "TailFox1Fluff.017", "from": [-1.126180768, 7.3574243714, -0.9001797974], "to": [1.4917459207, 8.6121660837, 0.7727902769], "rotationOrigin": [-1.126180768, 7.9847946167, -0.0636947602], "stepParentName": "b_Tail2", "rotationX": 0.7142995826, "rotationY": -0.6930708744, "rotationZ": -134.6665914875, "group": "tail-curly", "faces": {"north": {"texture": "#tail", "uv": [52, 11, 46, 14], "autoUv": false}, "east": {"texture": "#tail", "uv": [61, 13, 63, 15], "autoUv": false, "rotation": 90}, "south": {"texture": "#tail", "uv": [46, 9, 52, 12], "autoUv": false}, "west": {"texture": "#tail", "uv": [7, 22, 12, 27], "autoUv": false, "rotation": 90}, "up": {"texture": "#tail", "uv": [46, 11, 52, 14], "autoUv": false}, "down": {"texture": "#tail", "uv": [52, 16, 44, 13], "autoUv": false}}, "children": []}, {"name": "TailFox1Fluff.018", "from": [2.2267408371, 8.5505259045, -0.9216321807], "to": [4.669519245, 9.8058939409, 0.2661483388], "rotationOrigin": [2.2267408371, 9.1782093048, -0.3277419209], "stepParentName": "b_Tail2", "rotationX": 7.8362213932, "rotationY": -7.9443262123, "rotationZ": -166.5603783829, "group": "tail-curly", "faces": {"north": {"texture": "#tail", "uv": [54, 13, 44, 17], "autoUv": false}, "east": {"texture": "#tail", "uv": [61, 13, 63, 15], "autoUv": false, "rotation": 90}, "south": {"texture": "#tail", "uv": [42, 9, 52, 13], "autoUv": false}, "west": {"texture": "#tail", "uv": [7, 22, 12, 27], "autoUv": false, "rotation": 90}, "up": {"texture": "#tail", "uv": [48, 6, 58, 10], "autoUv": false}, "down": {"texture": "#tail", "uv": [52, 16, 40, 12], "autoUv": false}}, "children": []}, {"name": "TailFox1.017", "from": [2.4796085358, 7.9036867351, -1.0844778584], "to": [6.2700036413, 10.1604742822, 1.0322631986], "rotationOrigin": [2.4796085358, 9.032081604, -0.0261073299], "stepParentName": "b_Tail2", "rotationX": 0, "rotationY": 0, "rotationZ": 174.8216970897, "group": "tail-curly", "faces": {"north": {"texture": "#tail", "uv": [41, 8, 31, 13], "autoUv": false}, "east": {"texture": "#tail", "uv": [4, 19, 13, 30], "autoUv": false}, "south": {"texture": "#tail", "uv": [28, 10, 41, 16], "autoUv": false}, "west": {"texture": "#tail", "uv": [3, 22, 9, 30], "autoUv": false}, "up": {"texture": "#tail", "uv": [28, 4, 47, 10], "autoUv": false}, "down": {"texture": "#tail", "uv": [50, 15, 35, 9], "autoUv": false}}, "children": []}, {"name": "TailFox1Fluff.019", "from": [0.2516211569, 9.1693104404, -1.0611590143], "to": [2.9970627809, 10.4339050453, 1.0520466897], "rotationOrigin": [0.2516211569, 9.801607132, -0.0045561623], "stepParentName": "b_Tail2", "rotationX": 54.1016039817, "rotationY": 42.8468865692, "rotationZ": -146.7358772603, "group": "tail-curly", "faces": {"north": {"texture": "#tail", "uv": [54, 13, 44, 17], "autoUv": false}, "east": {"texture": "#tail", "uv": [61, 13, 63, 15], "autoUv": false, "rotation": 90}, "south": {"texture": "#tail", "uv": [42, 9, 52, 13], "autoUv": false}, "west": {"texture": "#tail", "uv": [7, 22, 12, 27], "autoUv": false, "rotation": 90}, "up": {"texture": "#tail", "uv": [48, 6, 58, 10], "autoUv": false}, "down": {"texture": "#tail", "uv": [52, 16, 40, 12], "autoUv": false}}, "children": []}, {"name": "TailFox1.018", "from": [-2.951826334, 6.10163323, -1.0452706723], "to": [0.0956695694, 8.458454345, 0.9730012401], "rotationOrigin": [-2.951826334, 7.2800426483, -0.0361347161], "stepParentName": "b_Tail2", "rotationX": 0, "rotationY": 0, "rotationZ": -93.688475411, "group": "tail-curly", "faces": {"north": {"texture": "#tail", "uv": [53, 9, 44, 16], "autoUv": false}, "east": {"texture": "#tail", "uv": [63, 10, 57, 18], "autoUv": false}, "south": {"texture": "#tail", "uv": [44, 9, 53, 16], "autoUv": false}, "west": {"texture": "#tail", "uv": [3, 20, 10, 30], "autoUv": false}, "up": {"texture": "#tail", "uv": [44, 5, 50, 12], "autoUv": false}, "down": {"texture": "#tail", "uv": [53, 16, 46, 12], "autoUv": false}}, "children": []}, {"name": "TailFox1Fluff.020", "from": [-2.541488409, 5.2065169778, -0.7747311924], "to": [-0.3293249676, 6.2667811737, 0.6389385496], "rotationOrigin": [-2.541488409, 5.7366485596, -0.0678963214], "stepParentName": "b_Tail2", "rotationX": 0.9870811163, "rotationY": 0.127349464, "rotationZ": -83.1821964674, "group": "tail-curly", "faces": {"north": {"texture": "#tail", "uv": [52, 11, 46, 14], "autoUv": false}, "east": {"texture": "#tail", "uv": [61, 13, 63, 15], "autoUv": false, "rotation": 90}, "south": {"texture": "#tail", "uv": [46, 9, 52, 12], "autoUv": false}, "west": {"texture": "#tail", "uv": [7, 22, 12, 27], "autoUv": false, "rotation": 90}, "up": {"texture": "#tail", "uv": [46, 11, 52, 14], "autoUv": false}, "down": {"texture": "#tail", "uv": [52, 16, 44, 13], "autoUv": false}}, "children": []}, {"name": "TailFox1Fluff.021", "from": [-1.2757483721, 8.2482695937, -0.8091857431], "to": [0.8353920395, 9.3332057785, 0.2173388001], "rotationOrigin": [-1.2757483721, 8.7907371521, -0.2959234715], "stepParentName": "b_Tail2", "rotationX": 10.9326244742, "rotationY": 2.1583749959, "rotationZ": -110.4061625368, "group": "tail-curly", "faces": {"north": {"texture": "#tail", "uv": [54, 13, 44, 17], "autoUv": false}, "east": {"texture": "#tail", "uv": [61, 13, 63, 15], "autoUv": false, "rotation": 90}, "south": {"texture": "#tail", "uv": [42, 9, 52, 13], "autoUv": false}, "west": {"texture": "#tail", "uv": [7, 22, 12, 27], "autoUv": false, "rotation": 90}, "up": {"texture": "#tail", "uv": [48, 6, 58, 10], "autoUv": false}, "down": {"texture": "#tail", "uv": [52, 16, 40, 12], "autoUv": false}}, "children": []}, {"name": "TailFox1.019", "from": [-1.336799264, 7.7183767345, -0.9304640821], "to": [1.8661064633, 9.625375229, 0.8581946498], "rotationOrigin": [-1.336799264, 8.6718769073, -0.0361347161], "stepParentName": "b_Tail2", "rotationX": 0, "rotationY": 0, "rotationZ": -133.6884810776, "group": "tail-curly", "faces": {"north": {"texture": "#tail", "uv": [41, 8, 31, 13], "autoUv": false}, "east": {"texture": "#tail", "uv": [4, 19, 13, 30], "autoUv": false}, "south": {"texture": "#tail", "uv": [28, 10, 41, 16], "autoUv": false}, "west": {"texture": "#tail", "uv": [3, 22, 9, 30], "autoUv": false}, "up": {"texture": "#tail", "uv": [28, 4, 47, 10], "autoUv": false}, "down": {"texture": "#tail", "uv": [50, 15, 35, 9], "autoUv": false}}, "children": []}, {"name": "TailFox1Fluff.022", "from": [-3.0178658962, 7.0692898847, -0.9107595407], "to": [-0.6979506068, 8.1378797268, 0.8749118246], "rotationOrigin": [-3.0178658962, 7.6035842896, -0.017923858], "stepParentName": "b_Tail2", "rotationX": -20.6864522128, "rotationY": 62.6436741992, "rotationZ": -59.9116190218, "group": "tail-curly", "faces": {"north": {"texture": "#tail", "uv": [54, 13, 44, 17], "autoUv": false}, "east": {"texture": "#tail", "uv": [61, 13, 63, 15], "autoUv": false, "rotation": 90}, "south": {"texture": "#tail", "uv": [42, 9, 52, 13], "autoUv": false}, "west": {"texture": "#tail", "uv": [7, 22, 12, 27], "autoUv": false, "rotation": 90}, "up": {"texture": "#tail", "uv": [48, 6, 58, 10], "autoUv": false}, "down": {"texture": "#tail", "uv": [52, 16, 40, 12], "autoUv": false}}, "children": []}, {"name": "TailFox1.020", "from": [-2.9087407589, 3.2264699814, -0.9577306557], "to": [-0.1407484417, 5.3671333149, 0.8754333902], "rotationOrigin": [-2.9087407589, 4.2968006134, -0.0411486328], "stepParentName": "b_Tail2", "rotationX": 0, "rotationY": 0, "rotationZ": -45.1411232058, "group": "tail-curly", "faces": {"north": {"texture": "#tail", "uv": [53, 9, 44, 16], "autoUv": false}, "east": {"texture": "#tail", "uv": [63, 10, 57, 18], "autoUv": false}, "south": {"texture": "#tail", "uv": [44, 9, 53, 16], "autoUv": false}, "west": {"texture": "#tail", "uv": [3, 20, 10, 30], "autoUv": false}, "up": {"texture": "#tail", "uv": [44, 5, 50, 12], "autoUv": false}, "down": {"texture": "#tail", "uv": [53, 16, 46, 12], "autoUv": false}}, "children": []}, {"name": "TailFox1Fluff.023", "from": [-1.6113283634, 3.166610905, -0.7120039815], "to": [0.3979445135, 4.1296317929, 0.5720095986], "rotationOrigin": [-1.6113283634, 3.6481208801, -0.0699971914], "stepParentName": "b_Tail2", "rotationX": 0.5580328585, "rotationY": 0.8241154708, "rotationZ": -34.6377573379, "group": "tail-curly", "faces": {"north": {"texture": "#tail", "uv": [52, 11, 46, 14], "autoUv": false}, "east": {"texture": "#tail", "uv": [61, 13, 63, 15], "autoUv": false, "rotation": 90}, "south": {"texture": "#tail", "uv": [46, 9, 52, 12], "autoUv": false}, "west": {"texture": "#tail", "uv": [7, 22, 12, 27], "autoUv": false, "rotation": 90}, "up": {"texture": "#tail", "uv": [46, 11, 52, 14], "autoUv": false}, "down": {"texture": "#tail", "uv": [52, 16, 44, 13], "autoUv": false}}, "children": []}, {"name": "TailFox1Fluff.024", "from": [-2.929363966, 5.8534500511, -0.7432984981], "to": [-1.0118487393, 6.8388803256, 0.1890772256], "rotationOrigin": [-2.929363966, 6.3461647034, -0.2771106362], "stepParentName": "b_Tail2", "rotationX": 5.6596706236, "rotationY": 9.6121585161, "rotationZ": -62.1284866905, "group": "tail-curly", "faces": {"north": {"texture": "#tail", "uv": [54, 13, 44, 17], "autoUv": false}, "east": {"texture": "#tail", "uv": [61, 13, 63, 15], "autoUv": false, "rotation": 90}, "south": {"texture": "#tail", "uv": [42, 9, 52, 13], "autoUv": false}, "west": {"texture": "#tail", "uv": [7, 22, 12, 27], "autoUv": false, "rotation": 90}, "up": {"texture": "#tail", "uv": [48, 6, 58, 10], "autoUv": false}, "down": {"texture": "#tail", "uv": [52, 16, 40, 12], "autoUv": false}}, "children": []}, {"name": "TailFox1.021", "from": [-2.8851559162, 5.367088017, -0.8534536689], "to": [0.0239926561, 7.0991845631, 0.7711564034], "rotationOrigin": [-2.8851559162, 6.2331371307, -0.0411486328], "stepParentName": "b_Tail2", "rotationX": 0, "rotationY": 0, "rotationZ": -85.1411083818, "group": "tail-curly", "faces": {"north": {"texture": "#tail", "uv": [41, 8, 31, 13], "autoUv": false}, "east": {"texture": "#tail", "uv": [4, 19, 13, 30], "autoUv": false}, "south": {"texture": "#tail", "uv": [28, 10, 41, 16], "autoUv": false}, "west": {"texture": "#tail", "uv": [3, 22, 9, 30], "autoUv": false}, "up": {"texture": "#tail", "uv": [28, 4, 47, 10], "autoUv": false}, "down": {"texture": "#tail", "uv": [50, 15, 35, 9], "autoUv": false}}, "children": []}, {"name": "TailFox1Fluff.025", "from": [-3.1687042713, 3.9610895133, -0.835556396], "to": [-1.0615623359, 4.9316726549, 0.7863403155], "rotationOrigin": [-3.1687042713, 4.4463806152, -0.0246080402], "stepParentName": "b_Tail2", "rotationX": -60.9243584908, "rotationY": 27.7944883556, "rotationZ": -7.4796923488, "group": "tail-curly", "faces": {"north": {"texture": "#tail", "uv": [54, 13, 44, 17], "autoUv": false}, "east": {"texture": "#tail", "uv": [61, 13, 63, 15], "autoUv": false, "rotation": 90}, "south": {"texture": "#tail", "uv": [42, 9, 52, 13], "autoUv": false}, "west": {"texture": "#tail", "uv": [7, 22, 12, 27], "autoUv": false, "rotation": 90}, "up": {"texture": "#tail", "uv": [48, 6, 58, 10], "autoUv": false}, "down": {"texture": "#tail", "uv": [52, 16, 40, 12], "autoUv": false}}, "children": []}, {"name": "TailFox1.022", "from": [-0.7846282125, 1.4528632627, -0.8885782226], "to": [1.762569115, 3.4227718814, 0.7983594327], "rotationOrigin": [-0.7846282125, 2.4378166199, -0.0451093949], "stepParentName": "b_Tail2", "rotationX": 0, "rotationY": 0, "rotationZ": 13.6873268514, "group": "tail-curly", "faces": {"north": {"texture": "#tail", "uv": [53, 9, 44, 16], "autoUv": false}, "east": {"texture": "#tail", "uv": [63, 10, 57, 18], "autoUv": false}, "south": {"texture": "#tail", "uv": [44, 9, 53, 16], "autoUv": false}, "west": {"texture": "#tail", "uv": [3, 20, 10, 30], "autoUv": false}, "up": {"texture": "#tail", "uv": [44, 5, 50, 12], "autoUv": false}, "down": {"texture": "#tail", "uv": [53, 16, 46, 12], "autoUv": false}}, "children": []}, {"name": "TailFox1Fluff.026", "from": [0.3441016078, 2.7072816773, -0.6624524748], "to": [2.1931003255, 3.5934851768, 0.5191389179], "rotationOrigin": [0.3441016078, 3.1503829956, -0.0716567785], "stepParentName": "b_Tail2", "rotationX": -0.4163569393, "rotationY": 0.9039952802, "rotationZ": 24.1979890689, "group": "tail-curly", "faces": {"north": {"texture": "#tail", "uv": [52, 11, 46, 14], "autoUv": false}, "east": {"texture": "#tail", "uv": [61, 13, 63, 15], "autoUv": false, "rotation": 90}, "south": {"texture": "#tail", "uv": [46, 9, 52, 12], "autoUv": false}, "west": {"texture": "#tail", "uv": [7, 22, 12, 27], "autoUv": false, "rotation": 90}, "up": {"texture": "#tail", "uv": [46, 11, 52, 14], "autoUv": false}, "down": {"texture": "#tail", "uv": [52, 16, 44, 13], "autoUv": false}}, "children": []}, {"name": "TailFox1Fluff.027", "from": [-2.4080603123, 2.944310059, -0.6912506577], "to": [-0.6434999182, 3.8511353222, 0.1667520162], "rotationOrigin": [-2.4080603123, 3.3977222443, -0.2622493207], "stepParentName": "b_Tail2", "rotationX": -5.3881044367, "rotationY": 9.7659777913, "rotationZ": -2.3631321144, "group": "tail-curly", "faces": {"north": {"texture": "#tail", "uv": [54, 13, 44, 17], "autoUv": false}, "east": {"texture": "#tail", "uv": [61, 13, 63, 15], "autoUv": false, "rotation": 90}, "south": {"texture": "#tail", "uv": [42, 9, 52, 13], "autoUv": false}, "west": {"texture": "#tail", "uv": [7, 22, 12, 27], "autoUv": false, "rotation": 90}, "up": {"texture": "#tail", "uv": [48, 6, 58, 10], "autoUv": false}, "down": {"texture": "#tail", "uv": [52, 16, 40, 12], "autoUv": false}}, "children": []}, {"name": "TailFox1.023", "from": [-2.2980053425, 2.5817239241, -0.7926191206], "to": [0.3790885757, 4.1756559678, 0.7024003308], "rotationOrigin": [-2.2980053425, 3.3786907196, -0.0451093949], "stepParentName": "b_Tail2", "rotationX": 0, "rotationY": 0, "rotationZ": -26.3126975982, "group": "tail-curly", "faces": {"north": {"texture": "#tail", "uv": [41, 8, 31, 13], "autoUv": false}, "east": {"texture": "#tail", "uv": [4, 19, 13, 30], "autoUv": false}, "south": {"texture": "#tail", "uv": [28, 10, 41, 16], "autoUv": false}, "west": {"texture": "#tail", "uv": [3, 22, 9, 30], "autoUv": false}, "up": {"texture": "#tail", "uv": [28, 4, 47, 10], "autoUv": false}, "down": {"texture": "#tail", "uv": [50, 15, 35, 9], "autoUv": false}}, "children": []}, {"name": "TailFox1Fluff.028", "from": [-1.026224494, 1.8577919476, -0.776149348], "to": [0.9128367503, 2.7509544902, 0.7163730158], "rotationOrigin": [-1.026224494, 2.3043727875, -0.0298881661], "stepParentName": "b_Tail2", "rotationX": -61.7226300198, "rotationY": -24.8446508889, "rotationZ": 19.7919023372, "group": "tail-curly", "faces": {"north": {"texture": "#tail", "uv": [54, 13, 44, 17], "autoUv": false}, "east": {"texture": "#tail", "uv": [61, 13, 63, 15], "autoUv": false, "rotation": 90}, "south": {"texture": "#tail", "uv": [42, 9, 52, 13], "autoUv": false}, "west": {"texture": "#tail", "uv": [7, 22, 12, 27], "autoUv": false, "rotation": 90}, "up": {"texture": "#tail", "uv": [48, 6, 58, 10], "autoUv": false}, "down": {"texture": "#tail", "uv": [52, 16, 40, 12], "autoUv": false}}, "children": []}, {"name": "TailFox1.024", "from": [0.8992421031, 1.9165891481, -0.7379223239], "to": [2.9903112877, 3.5337450569, 0.6469345298], "rotationOrigin": [0.8992421031, 2.7251663208, -0.0454938971], "stepParentName": "b_Tail2", "rotationX": 0, "rotationY": 0, "rotationZ": 37.0848638533, "group": "tail-curly", "faces": {"north": {"texture": "#tail", "uv": [53, 9, 44, 16], "autoUv": false}, "east": {"texture": "#tail", "uv": [63, 10, 57, 18], "autoUv": false}, "south": {"texture": "#tail", "uv": [44, 9, 53, 16], "autoUv": false}, "west": {"texture": "#tail", "uv": [3, 20, 10, 30], "autoUv": false}, "up": {"texture": "#tail", "uv": [44, 5, 50, 12], "autoUv": false}, "down": {"texture": "#tail", "uv": [53, 16, 46, 12], "autoUv": false}}, "children": []}, {"name": "TailFox1Fluff.029", "from": [1.5173604488, 3.2662384411, -0.5522890494], "to": [3.0352576637, 3.9937491447, 0.4177141593], "rotationOrigin": [1.5173604488, 3.6299934387, -0.0672874451], "stepParentName": "b_Tail2", "rotationX": -0.7411094091, "rotationY": 0.664324956, "rotationZ": 47.5964942501, "group": "tail-curly", "faces": {"north": {"texture": "#tail", "uv": [52, 11, 46, 14], "autoUv": false}, "east": {"texture": "#tail", "uv": [61, 13, 63, 15], "autoUv": false, "rotation": 90}, "south": {"texture": "#tail", "uv": [46, 9, 52, 12], "autoUv": false}, "west": {"texture": "#tail", "uv": [7, 22, 12, 27], "autoUv": false, "rotation": 90}, "up": {"texture": "#tail", "uv": [46, 11, 52, 14], "autoUv": false}, "down": {"texture": "#tail", "uv": [52, 16, 44, 13], "autoUv": false}}, "children": []}, {"name": "TailFox1.025", "from": [2.5589196682, 3.3968427151, -0.6364140358], "to": [4.3258857109, 4.7633491882, 0.5337983068], "rotationOrigin": [2.5589196682, 4.0800952911, -0.0513078645], "stepParentName": "b_Tail2", "rotationX": 0, "rotationY": 0, "rotationZ": 88.5746444775, "group": "tail-curly", "faces": {"north": {"texture": "#tail", "uv": [53, 9, 44, 16], "autoUv": false}, "east": {"texture": "#tail", "uv": [63, 10, 57, 18], "autoUv": false}, "south": {"texture": "#tail", "uv": [44, 9, 53, 16], "autoUv": false}, "west": {"texture": "#tail", "uv": [3, 20, 10, 30], "autoUv": false}, "up": {"texture": "#tail", "uv": [44, 5, 50, 12], "autoUv": false}, "down": {"texture": "#tail", "uv": [53, 16, 46, 12], "autoUv": false}}, "children": []}, {"name": "TailFox1Fluff.030", "from": [2.2858560085, 4.6575010845, -0.4795527945], "to": [3.5684883814, 5.272251864, 0.3401057313], "rotationOrigin": [2.2858560085, 4.9648761749, -0.0697235316], "stepParentName": "b_Tail2", "rotationX": -0.9812837798, "rotationY": -0.1662258603, "rotationZ": 99.0805477607, "group": "tail-curly", "faces": {"north": {"texture": "#tail", "uv": [52, 11, 46, 14], "autoUv": false}, "east": {"texture": "#tail", "uv": [61, 13, 63, 15], "autoUv": false, "rotation": 90}, "south": {"texture": "#tail", "uv": [46, 9, 52, 12], "autoUv": false}, "west": {"texture": "#tail", "uv": [7, 22, 12, 27], "autoUv": false, "rotation": 90}, "up": {"texture": "#tail", "uv": [46, 11, 52, 14], "autoUv": false}, "down": {"texture": "#tail", "uv": [52, 16, 44, 13], "autoUv": false}}, "children": []}, {"name": "TailFox1.026", "from": [1.6163804531, 2.7511335572, -0.5587843644], "to": [3.4321298033, 3.832224158, 0.4552184182], "rotationOrigin": [1.6163804531, 3.2916793823, -0.0517829731], "stepParentName": "b_Tail2", "rotationX": 0, "rotationY": 0, "rotationZ": 48.5746285657, "group": "tail-curly", "faces": {"north": {"texture": "#tail", "uv": [41, 8, 31, 13], "autoUv": false}, "east": {"texture": "#tail", "uv": [4, 19, 13, 30], "autoUv": false}, "south": {"texture": "#tail", "uv": [28, 10, 41, 16], "autoUv": false}, "west": {"texture": "#tail", "uv": [3, 22, 9, 30], "autoUv": false}, "up": {"texture": "#tail", "uv": [28, 4, 47, 10], "autoUv": false}, "down": {"texture": "#tail", "uv": [50, 15, 35, 9], "autoUv": false}}, "children": []}, {"name": "TailFox1Fluff.031", "from": [2.6045911312, 3.5843742612, -0.5584231395], "to": [3.9496990002, 4.2039526008, 0.4769252841], "rotationOrigin": [2.6045911312, 3.8941631317, -0.0407489277], "stepParentName": "b_Tail2", "rotationX": 24.6496950919, "rotationY": -61.7708921365, "rotationZ": 124.5678426109, "group": "tail-curly", "faces": {"north": {"texture": "#tail", "uv": [54, 13, 44, 17], "autoUv": false}, "east": {"texture": "#tail", "uv": [61, 13, 63, 15], "autoUv": false, "rotation": 90}, "south": {"texture": "#tail", "uv": [42, 9, 52, 13], "autoUv": false}, "west": {"texture": "#tail", "uv": [7, 22, 12, 27], "autoUv": false, "rotation": 90}, "up": {"texture": "#tail", "uv": [48, 6, 58, 10], "autoUv": false}, "down": {"texture": "#tail", "uv": [52, 16, 40, 12], "autoUv": false}}, "children": []}, {"name": "TailFox1.027", "from": [2.4088904858, 5.1984172895, -0.5742419178], "to": [3.9780837692, 6.4119735932, 0.464991119], "rotationOrigin": [2.4088904858, 5.8051948547, -0.0546253994], "stepParentName": "b_Tail2", "rotationX": 0, "rotationY": 0, "rotationZ": 137.1219352111, "group": "tail-curly", "faces": {"north": {"texture": "#tail", "uv": [53, 9, 44, 16], "autoUv": false}, "east": {"texture": "#tail", "uv": [63, 10, 57, 18], "autoUv": false}, "south": {"texture": "#tail", "uv": [44, 9, 53, 16], "autoUv": false}, "west": {"texture": "#tail", "uv": [3, 20, 10, 30], "autoUv": false}, "up": {"texture": "#tail", "uv": [44, 5, 50, 12], "autoUv": false}, "down": {"texture": "#tail", "uv": [53, 16, 46, 12], "autoUv": false}}, "children": []}, {"name": "TailFox1Fluff.032", "from": [1.6991422176, 5.8743996726, -0.4431829632], "to": [2.8641368159, 6.4327679243, 0.3012996943], "rotationOrigin": [1.6991422176, 6.1535835266, -0.0709416345], "stepParentName": "b_Tail2", "rotationX": -0.5250541439, "rotationY": -0.8455078901, "rotationZ": 147.6254684186, "group": "tail-curly", "faces": {"north": {"texture": "#tail", "uv": [52, 11, 46, 14], "autoUv": false}, "east": {"texture": "#tail", "uv": [61, 13, 63, 15], "autoUv": false, "rotation": 90}, "south": {"texture": "#tail", "uv": [46, 9, 52, 12], "autoUv": false}, "west": {"texture": "#tail", "uv": [7, 22, 12, 27], "autoUv": false, "rotation": 90}, "up": {"texture": "#tail", "uv": [46, 11, 52, 14], "autoUv": false}, "down": {"texture": "#tail", "uv": [52, 16, 44, 13], "autoUv": false}}, "children": []}, {"name": "TailFox1Fluff.033", "from": [2.524528265, 4.3349479381, -0.4613277614], "to": [3.6363209809, 4.9063093382, 0.0792721808], "rotationOrigin": [2.524528265, 4.6206283569, -0.1910277903], "stepParentName": "b_Tail2", "rotationX": -5.2737333459, "rotationY": -9.8277816118, "rotationZ": 120.1570976902, "group": "tail-curly", "faces": {"north": {"texture": "#tail", "uv": [54, 13, 44, 17], "autoUv": false}, "east": {"texture": "#tail", "uv": [61, 13, 63, 15], "autoUv": false, "rotation": 90}, "south": {"texture": "#tail", "uv": [42, 9, 52, 13], "autoUv": false}, "west": {"texture": "#tail", "uv": [7, 22, 12, 27], "autoUv": false, "rotation": 90}, "up": {"texture": "#tail", "uv": [48, 6, 58, 10], "autoUv": false}, "down": {"texture": "#tail", "uv": [52, 16, 40, 12], "autoUv": false}}, "children": []}, {"name": "TailFox1.028", "from": [2.4963262081, 4.1829575689, -0.525196765], "to": [4.1830764503, 5.187242567, 0.4167668115], "rotationOrigin": [2.4963262081, 4.6851005554, -0.0542149767], "stepParentName": "b_Tail2", "rotationX": 0, "rotationY": 0, "rotationZ": 97.1219978464, "group": "tail-curly", "faces": {"north": {"texture": "#tail", "uv": [41, 8, 31, 13], "autoUv": false}, "east": {"texture": "#tail", "uv": [4, 19, 13, 30], "autoUv": false}, "south": {"texture": "#tail", "uv": [28, 10, 41, 16], "autoUv": false}, "west": {"texture": "#tail", "uv": [3, 22, 9, 30], "autoUv": false}, "up": {"texture": "#tail", "uv": [28, 4, 47, 10], "autoUv": false}, "down": {"texture": "#tail", "uv": [50, 15, 35, 9], "autoUv": false}}, "children": []}, {"name": "TailFox1Fluff.034", "from": [2.619695425, 5.4453847628, -0.5148196469], "to": [3.841435292, 6.0081375094, 0.4255706842], "rotationOrigin": [2.619695425, 5.7267608643, -0.0446244814], "stepParentName": "b_Tail2", "rotationX": 61.4752269077, "rotationY": -25.8112712131, "rotationZ": 173.74177588, "group": "tail-curly", "faces": {"north": {"texture": "#tail", "uv": [54, 13, 44, 17], "autoUv": false}, "east": {"texture": "#tail", "uv": [61, 13, 63, 15], "autoUv": false, "rotation": 90}, "south": {"texture": "#tail", "uv": [42, 9, 52, 13], "autoUv": false}, "west": {"texture": "#tail", "uv": [7, 22, 12, 27], "autoUv": false, "rotation": 90}, "up": {"texture": "#tail", "uv": [48, 6, 58, 10], "autoUv": false}, "down": {"texture": "#tail", "uv": [52, 16, 40, 12], "autoUv": false}}, "children": []}, {"name": "TailFox1.029", "from": [1.192477107, 6.2647688578, -0.5455622656], "to": [2.669364778, 7.4069393997, 0.4325393272], "rotationOrigin": [1.192477107, 6.8358535767, -0.0565114692], "stepParentName": "b_Tail2", "rotationX": 0, "rotationY": 0, "rotationZ": -164.049600844, "group": "tail-curly", "faces": {"north": {"texture": "#tail", "uv": [53, 9, 44, 16], "autoUv": false}, "east": {"texture": "#tail", "uv": [63, 10, 57, 18], "autoUv": false}, "south": {"texture": "#tail", "uv": [44, 9, 53, 16], "autoUv": false}, "west": {"texture": "#tail", "uv": [3, 20, 10, 30], "autoUv": false}, "up": {"texture": "#tail", "uv": [44, 5, 50, 12], "autoUv": false}, "down": {"texture": "#tail", "uv": [53, 16, 46, 12], "autoUv": false}}, "children": []}, {"name": "TailFox1Fluff.035", "from": [0.5548542142, 6.1402664403, -0.4144526021], "to": [1.6269201663, 6.6540951745, 0.2706448333], "rotationOrigin": [0.5548542142, 6.3971805573, -0.0719038844], "stepParentName": "b_Tail2", "rotationX": 0.4517308358, "rotationY": -0.8868493176, "rotationZ": -153.538650051, "group": "tail-curly", "faces": {"north": {"texture": "#tail", "uv": [52, 11, 46, 14], "autoUv": false}, "east": {"texture": "#tail", "uv": [61, 13, 63, 15], "autoUv": false, "rotation": 90}, "south": {"texture": "#tail", "uv": [46, 9, 52, 12], "autoUv": false}, "west": {"texture": "#tail", "uv": [7, 22, 12, 27], "autoUv": false, "rotation": 90}, "up": {"texture": "#tail", "uv": [46, 11, 52, 14], "autoUv": false}, "down": {"texture": "#tail", "uv": [52, 16, 44, 13], "autoUv": false}}, "children": []}, {"name": "TailFox1Fluff.036", "from": [2.1550004482, 6.0540001781, -0.4311501112], "to": [3.1781083849, 6.5797855872, 0.0663276043], "rotationOrigin": [2.1550004482, 6.3168926239, -0.1824112535], "stepParentName": "b_Tail2", "rotationX": 5.7713732449, "rotationY": -9.5459082425, "rotationZ": 179.9216490788, "group": "tail-curly", "faces": {"north": {"texture": "#tail", "uv": [54, 13, 44, 17], "autoUv": false}, "east": {"texture": "#tail", "uv": [61, 13, 63, 15], "autoUv": false, "rotation": 90}, "south": {"texture": "#tail", "uv": [42, 9, 52, 13], "autoUv": false}, "west": {"texture": "#tail", "uv": [7, 22, 12, 27], "autoUv": false, "rotation": 90}, "up": {"texture": "#tail", "uv": [48, 6, 58, 10], "autoUv": false}, "down": {"texture": "#tail", "uv": [52, 16, 40, 12], "autoUv": false}}, "children": []}, {"name": "TailFox1.030", "from": [2.090805769, 5.8633108104, -0.4899243171], "to": [3.6430091438, 6.7874870901, 0.3769013787], "rotationOrigin": [2.090805769, 6.3253993988, -0.0565114692], "stepParentName": "b_Tail2", "rotationX": 0, "rotationY": 0, "rotationZ": 155.9504171677, "group": "tail-curly", "faces": {"north": {"texture": "#tail", "uv": [41, 8, 31, 13], "autoUv": false}, "east": {"texture": "#tail", "uv": [4, 19, 13, 30], "autoUv": false}, "south": {"texture": "#tail", "uv": [28, 10, 41, 16], "autoUv": false}, "west": {"texture": "#tail", "uv": [3, 22, 9, 30], "autoUv": false}, "up": {"texture": "#tail", "uv": [28, 4, 47, 10], "autoUv": false}, "down": {"texture": "#tail", "uv": [50, 15, 35, 9], "autoUv": false}}, "children": []}, {"name": "TailFox1Fluff.037", "from": [1.329392314, 6.6597638527, -0.4803748224], "to": [2.4536774382, 7.1776275473, 0.3850030396], "rotationOrigin": [1.329392314, 6.9186954498, -0.0476858914], "stepParentName": "b_Tail2", "rotationX": 61.1989867369, "rotationY": 26.8328130884, "rotationZ": -159.0069268213, "group": "tail-curly", "faces": {"north": {"texture": "#tail", "uv": [54, 13, 44, 17], "autoUv": false}, "east": {"texture": "#tail", "uv": [61, 13, 63, 15], "autoUv": false, "rotation": 90}, "south": {"texture": "#tail", "uv": [42, 9, 52, 13], "autoUv": false}, "west": {"texture": "#tail", "uv": [7, 22, 12, 27], "autoUv": false, "rotation": 90}, "up": {"texture": "#tail", "uv": [48, 6, 58, 10], "autoUv": false}, "down": {"texture": "#tail", "uv": [52, 16, 40, 12], "autoUv": false}}, "children": []}], "groups": []}