{"textureWidth": 64, "textureHeight": 64, "textures": {"tail": "kemono:entity/kemono/tail/kemono-tail"}, "textureSizes": {"tail": [64, 64]}, "elements": [{"name": "TailFox0.007", "from": [0.0027509634, -1.1411429399, -0.7253876088], "to": [4.5083733504, 1.226460933, 0.6938664263], "rotationOrigin": [0.0027509634, 0.0426578522, -0.0157605913], "stepParentName": "b_Tail4", "rotationX": 0, "rotationY": 0, "rotationZ": -9.071e-07, "group": "tail-felid", "faces": {"north": {"texture": "#tail", "uv": [53, 9, 44, 16], "autoUv": false}, "east": {"texture": "#tail", "uv": [63, 10, 57, 18], "autoUv": false}, "south": {"texture": "#tail", "uv": [44, 9, 53, 16], "autoUv": false}, "west": {"texture": "#tail", "uv": [3, 19, 10, 29], "autoUv": false}, "up": {"texture": "#tail", "uv": [44, 5, 50, 12], "autoUv": false}, "down": {"texture": "#tail", "uv": [53, 16, 46, 12], "autoUv": false}}, "children": []}, {"name": "TailFox0.008", "from": [-0.2164262831, -1.0194692514, -0.5640303713], "to": [3.3822287023, 0.8905037544, 0.5325091888], "rotationOrigin": [-0.2164262831, -0.0644836426, -0.0157605913], "stepParentName": "b_Tail5", "rotationX": 0, "rotationY": 0, "rotationZ": -9.071e-07, "group": "tail-felid", "faces": {"north": {"texture": "#tail", "uv": [54, 41, 48, 46], "autoUv": false}, "east": {"texture": "#tail", "uv": [61, 43, 63, 45], "autoUv": false, "rotation": 90}, "south": {"texture": "#tail", "uv": [49, 41, 54, 46], "autoUv": false}, "west": {"texture": "#tail", "uv": [7, 37, 12, 42], "autoUv": false, "rotation": 90}, "up": {"texture": "#tail", "uv": [49, 42, 54, 47], "autoUv": false}, "down": {"texture": "#tail", "uv": [54, 46, 48, 41], "autoUv": false}}, "children": []}, {"name": "TailFox0.009", "from": [-0.6377815604, -0.668508748, -0.5291866151], "to": [5.0596032739, 0.720215682, 0.4976654326], "rotationOrigin": [-0.6377815604, 0.0258541107, -0.0157605913], "stepParentName": "b_Tail2", "rotationX": 0, "rotationY": 0, "rotationZ": -9.071e-07, "group": "tail-felid", "faces": {"north": {"texture": "#tail", "uv": [32, 10, 24, 15], "autoUv": false}, "east": {"texture": "#tail", "uv": [6, 20, 11, 26], "autoUv": false}, "south": {"texture": "#tail", "uv": [24, 10, 32, 15], "autoUv": false}, "west": {"texture": "#tail", "uv": [3, 23, 7, 29], "autoUv": false}, "up": {"texture": "#tail", "uv": [24, 6, 38, 11], "autoUv": false}, "down": {"texture": "#tail", "uv": [37, 15, 23, 8], "autoUv": false}}, "children": []}, {"name": "TailFox0.010", "from": [-2.8468797608, -0.4286849556, -0.3613825507], "to": [-0.0457680412, 0.405229174, 0.3298614102], "rotationOrigin": [-0.0457680412, -0.0117283035, -0.0157605577], "stepParentName": "b_Tail0", "rotationX": 0, "rotationY": 0, "rotationZ": -176.4518446785, "group": "tail-felid", "faces": {"north": {"texture": "#tail", "uv": [29, 9, 21, 15], "autoUv": false}, "east": {"texture": "#tail", "uv": [3, 22, 8, 28], "autoUv": false}, "south": {"texture": "#tail", "uv": [19, 9, 27, 15], "autoUv": false}, "west": {"texture": "#tail", "uv": [4, 22, 8, 28], "autoUv": false}, "up": {"texture": "#tail", "uv": [22, 9, 30, 12], "autoUv": false}, "down": {"texture": "#tail", "uv": [25, 15, 19, 11], "autoUv": false}}, "children": []}, {"name": "TailFox0.011", "from": [-0.1160253584, -0.9320085429, -0.6446553172], "to": [5.2465740144, 0.9837149047, 0.6131341347], "rotationOrigin": [-0.1160253584, 0.0258541107, -0.0157605913], "stepParentName": "b_Tail3", "rotationX": 0, "rotationY": 0, "rotationZ": -9.071e-07, "group": "tail-felid", "faces": {"north": {"texture": "#tail", "uv": [41, 8, 31, 13], "autoUv": false}, "east": {"texture": "#tail", "uv": [4, 18, 13, 29], "autoUv": false}, "south": {"texture": "#tail", "uv": [28, 10, 41, 16], "autoUv": false}, "west": {"texture": "#tail", "uv": [3, 21, 9, 29], "autoUv": false}, "up": {"texture": "#tail", "uv": [28, 4, 47, 10], "autoUv": false}, "down": {"texture": "#tail", "uv": [50, 15, 35, 9], "autoUv": false}}, "children": []}, {"name": "TailFox0.012", "from": [-0.870605886, -0.5267920833, -0.3896404083], "to": [3.1524215341, 0.5784992318, 0.3581192258], "rotationOrigin": [-0.870605886, 0.0258541107, -0.0157605913], "stepParentName": "b_Tail1", "rotationX": 0, "rotationY": 0, "rotationZ": -9.071e-07, "group": "tail-felid", "faces": {"north": {"texture": "#tail", "uv": [27.1044120789, 4, 20, 9], "autoUv": false}, "east": {"texture": "#tail", "uv": [8, 22, 13, 28], "autoUv": false}, "south": {"texture": "#tail", "uv": [20, 4, 27.1044120789, 9], "autoUv": false}, "west": {"texture": "#tail", "uv": [4, 22, 9, 28], "autoUv": false}, "up": {"texture": "#tail", "uv": [23, 9, 33.6566162109, 13], "autoUv": false}, "down": {"texture": "#tail", "uv": [29.7685661316, 15, 20, 10], "autoUv": false}}, "children": []}, {"name": "TailFox0.013", "from": [-0.525069654, -0.691692568, -0.4243076], "to": [4.0785899758, 0.5627264987, 0.3927864175], "rotationOrigin": [-0.525069654, -0.0644836426, -0.0157605913], "stepParentName": "b_Tail5", "rotationX": 0, "rotationY": 0, "rotationZ": -9.071e-07, "group": "tail-felid", "faces": {"north": {"texture": "#tail", "uv": [54, 43, 46, 47], "autoUv": false}, "east": {"texture": "#tail", "uv": [61, 43, 63, 45], "autoUv": false, "rotation": 90}, "south": {"texture": "#tail", "uv": [46, 43, 54, 47], "autoUv": false}, "west": {"texture": "#tail", "uv": [7, 37, 12, 42], "autoUv": false, "rotation": 90}, "up": {"texture": "#tail", "uv": [46, 43, 54, 47], "autoUv": false}, "down": {"texture": "#tail", "uv": [54, 45, 46, 41], "autoUv": false}}, "children": []}], "groups": []}