{
  "model": "kemono0",
  "parts": {
    "body": "skin0",
    "fullbodycover": "furred",
    "chest": "twili_torso3",
    "bodyextra": "wolfkume",
    "bodytattoo": "none",
    "bust": "none",
    "leg": "kemono2",
    "legtattoo": "none",
    "tail": "bug3",
    "tail2": "tail2",
    "tailextra": "tailextra",
    "head": "bug0",
    "head2": "head2",
    "headtattoo": "none",
    "eyewear": "none",
    "ear": "bug1",
    "tailbonus": "twili2",
    "ear2": "colored",
    "earinner": "earinner",
    "horn": "none",
    "eyewhite": "eyewhite0",
    "eye": "bug_raised",
    "eye2": "none",
    "hair": "furslop6",
    "hairextra": "none",
    "mustache": "none",
    "beard": "none",
    "headnose": "none",
    "underwear": "none"
  },
  "scale": {
    "head": 0.98,
    "legL": 1.0
  },
  "colors": {
    "body": {
      "r": 255,
      "g": 160,
      "b": 175
    },
    "fullbodycover": {
      "r": 255,
      "g": 215,
      "b": 40
    },
    "chest": {
      "r": 255,
      "g": 160,
      "b": 175
    },
    "bodyextra": {
      "r": 255,
      "g": 215,
      "b": 40
    },
    "bodytattoo": {
      "r": 99,
      "g": 79,
      "b": 90
    },
    "bust": {
      "r": 91,
      "g": 233,
      "b": 211
    },
    "leg": {
      "r": 215,
      "g": 0,
      "b": 189
    },
    "legtattoo": {
      "r": 181,
      "g": 202,
      "b": 0
    },
    "tail": {
      "r": 255,
      "g": 215,
      "b": 37
    },
    "tail2": {
      "r": 255,
      "g": 160,
      "b": 175
    },
    "tailextra": {
      "r": 255,
      "g": 255,
      "b": 255
    },
    "head": {
      "r": 255,
      "g": 215,
      "b": 40
    },
    "head2": {
      "r": 255,
      "g": 160,
      "b": 175
    },
    "headtattoo": {
      "r": 82,
      "g": 187,
      "b": 93
    },
    "eyewear": {
      "r": 120,
      "g": 120,
      "b": 125
    },
    "ear": {
      "r": 90,
      "g": 90,
      "b": 88
    },
    "tailbonus": {
      "r": 255,
      "g": 235,
      "b": 65
    },
    "ear2": {
      "r": 149,
      "g": 109,
      "b": 0
    },
    "earinner": {
      "r": 155,
      "g": 85,
      "b": 0
    },
    "horn": {
      "r": 255,
      "g": 252,
      "b": 255
    },
    "eyewhite": {
      "r": 235,
      "g": 235,
      "b": 235
    },
    "eye": {
      "r": 151,
      "g": 115,
      "b": 0
    },
    "eye2": {
      "r": 0,
      "g": 0,
      "b": 0
    },
    "hair": {
      "r": 255,
      "g": 215,
      "b": 40
    },
    "hairextra": {
      "r": 219,
      "g": 244,
      "b": 255
    },
    "mustache": {
      "r": 219,
      "g": 244,
      "b": 255
    },
    "beard": {
      "r": 219,
      "g": 244,
      "b": 255
    },
    "headnose": {
      "r": 145,
      "g": 165,
      "b": 255
    },
    "underwear": {
      "r": 48,
      "g": 48,
      "b": 48
    }
  }
}